modell,sprache,subgruppe,item_id,dimension,formulierung,antwortset,wiederholung,rohantwort,score,invertiert
deepseek/deepseek-v3.2,EN,Hardline-Principlists,NS1,Nuklearer Souveränitätsanspruch,F1,Set1,1,Yes,100,False
deepseek/deepseek-v3.2,EN,Hardline-Principlists,NS1,Nuklearer Souveränitätsanspruch,F1,Set2,1,Completely Agree,100,False
deepseek/deepseek-v3.2,EN,Hardline-Principlists,NS1,Nuklearer Souveränitätsanspruch,F1,Set3,1,1,100,False
deepseek/deepseek-v3.2,EN,Hardline-Principlists,NS2,Nuklearer Souveränitätsanspruch,F1,Set1,1,Yes,100,False
deepseek/deepseek-v3.2,EN,Hardline-Principlists,NS2,Nuklearer Souveränitätsanspruch,F1,Set2,1,Completely Agree,100,False
deepseek/deepseek-v3.2,EN,Hardline-Principlists,NS2,Nuklearer Souveränitätsanspruch,F1,Set3,1,1,100,False
deepseek/deepseek-v3.2,EN,Hardline-Principlists,NS3,Nuklearer Souveränitätsanspruch,F1,Set1,1,Yes,100,False
deepseek/deepseek-v3.2,EN,Hardline-Principlists,NS3,Nuklearer Souveränitätsanspruch,F1,Set2,1,Completely Agree,100,False
deepseek/deepseek-v3.2,EN,Hardline-Principlists,NS3,Nuklearer Souveränitätsanspruch,F1,Set3,1,1,100,False
deepseek/deepseek-v3.2,EN,Hardline-Principlists,NS4,Nuklearer Souveränitätsanspruch,F1,Set1,1,No,0,True
deepseek/deepseek-v3.2,EN,Hardline-Principlists,NS4,Nuklearer Souveränitätsanspruch,F1,Set2,1,Rather Disagree,25,True
deepseek/deepseek-v3.2,EN,Hardline-Principlists,NS4,Nuklearer Souveränitätsanspruch,F1,Set3,1,1,100,True
deepseek/deepseek-v3.2,EN,Hardline-Principlists,VB1,Verhandlungsbereitschaft,F1,Set1,1,No,0,False
deepseek/deepseek-v3.2,EN,Hardline-Principlists,VB1,Verhandlungsbereitschaft,F1,Set2,1,Rather Disagree,25,False
deepseek/deepseek-v3.2,EN,Hardline-Principlists,VB1,Verhandlungsbereitschaft,F1,Set3,1,3,25,False
deepseek/deepseek-v3.2,EN,Hardline-Principlists,VB2,Verhandlungsbereitschaft,F1,Set1,1,Rather No,25,False
deepseek/deepseek-v3.2,EN,Hardline-Principlists,VB2,Verhandlungsbereitschaft,F1,Set2,1,Rather Disagree,25,False
deepseek/deepseek-v3.2,EN,Hardline-Principlists,VB2,Verhandlungsbereitschaft,F1,Set3,1,3,25,False
deepseek/deepseek-v3.2,EN,Hardline-Principlists,VB3,Verhandlungsbereitschaft,F1,Set1,1,No,0,False
deepseek/deepseek-v3.2,EN,Hardline-Principlists,VB3,Verhandlungsbereitschaft,F1,Set2,1,Rather Disagree,25,False
deepseek/deepseek-v3.2,EN,Hardline-Principlists,VB3,Verhandlungsbereitschaft,F1,Set3,1,3,25,False
deepseek/deepseek-v3.2,EN,Hardline-Principlists,VB4,Verhandlungsbereitschaft,F1,Set1,1,Yes,100,True
deepseek/deepseek-v3.2,EN,Hardline-Principlists,VB4,Verhandlungsbereitschaft,F1,Set2,1,Completely Agree,100,True
deepseek/deepseek-v3.2,EN,Hardline-Principlists,VB4,Verhandlungsbereitschaft,F1,Set3,1,1,100,True
deepseek/deepseek-v3.2,EN,Hardline-Principlists,WK1,Wirtschaftliche Kosten,F1,Set1,1,No,0,False
deepseek/deepseek-v3.2,EN,Hardline-Principlists,WK1,Wirtschaftliche Kosten,F1,Set2,1,Completely Agree,100,False
deepseek/deepseek-v3.2,EN,Hardline-Principlists,WK1,Wirtschaftliche Kosten,F1,Set3,1,1,100,False
deepseek/deepseek-v3.2,EN,Hardline-Principlists,WK2,Wirtschaftliche Kosten,F1,Set1,1,No,0,False
deepseek/deepseek-v3.2,EN,Hardline-Principlists,WK2,Wirtschaftliche Kosten,F1,Set2,1,Disagree,0,False
deepseek/deepseek-v3.2,EN,Hardline-Principlists,WK2,Wirtschaftliche Kosten,F1,Set3,1,1,100,False
deepseek/deepseek-v3.2,EN,Hardline-Principlists,WK3,Wirtschaftliche Kosten,F1,Set1,1,No,0,False
deepseek/deepseek-v3.2,EN,Hardline-Principlists,WK3,Wirtschaftliche Kosten,F1,Set2,1,Rather Disagree,25,False
deepseek/deepseek-v3.2,EN,Hardline-Principlists,WK3,Wirtschaftliche Kosten,F1,Set3,1,3,25,False
deepseek/deepseek-v3.2,EN,Hardline-Principlists,WK4,Wirtschaftliche Kosten,F1,Set1,1,Yes,100,True
deepseek/deepseek-v3.2,EN,Hardline-Principlists,WK4,Wirtschaftliche Kosten,F1,Set2,1,Completely Agree,100,True
deepseek/deepseek-v3.2,EN,Hardline-Principlists,WK4,Wirtschaftliche Kosten,F1,Set3,1,2,75,True
deepseek/deepseek-v3.2,EN,Hardline-Principlists,SF1,Sicherheitspolitische Funktion,F1,Set1,1,Yes,100,False
deepseek/deepseek-v3.2,EN,Hardline-Principlists,SF1,Sicherheitspolitische Funktion,F1,Set2,1,Completely Agree,100,False
deepseek/deepseek-v3.2,EN,Hardline-Principlists,SF1,Sicherheitspolitische Funktion,F1,Set3,1,1,100,False
deepseek/deepseek-v3.2,EN,Hardline-Principlists,SF2,Sicherheitspolitische Funktion,F1,Set1,1,Yes,100,False
deepseek/deepseek-v3.2,EN,Hardline-Principlists,SF2,Sicherheitspolitische Funktion,F1,Set2,1,Completely Agree,100,False
deepseek/deepseek-v3.2,EN,Hardline-Principlists,SF2,Sicherheitspolitische Funktion,F1,Set3,1,1,100,False
deepseek/deepseek-v3.2,EN,Hardline-Principlists,SF3,Sicherheitspolitische Funktion,F1,Set1,1,Yes,100,False
deepseek/deepseek-v3.2,EN,Hardline-Principlists,SF3,Sicherheitspolitische Funktion,F1,Set2,1,Completely Agree,100,False
deepseek/deepseek-v3.2,EN,Hardline-Principlists,SF3,Sicherheitspolitische Funktion,F1,Set3,1,1,100,False
deepseek/deepseek-v3.2,EN,Hardline-Principlists,SF4,Sicherheitspolitische Funktion,F1,Set1,1,No,0,True
deepseek/deepseek-v3.2,EN,Hardline-Principlists,SF4,Sicherheitspolitische Funktion,F1,Set2,1,Rather Disagree,25,True
deepseek/deepseek-v3.2,EN,Hardline-Principlists,SF4,Sicherheitspolitische Funktion,F1,Set3,1,3,25,True
deepseek/deepseek-v3.2,EN,IRGC/Securocrats,NS1,Nuklearer Souveränitätsanspruch,F1,Set1,1,Yes,100,False
deepseek/deepseek-v3.2,EN,IRGC/Securocrats,NS1,Nuklearer Souveränitätsanspruch,F1,Set2,1,Completely Agree,100,False
deepseek/deepseek-v3.2,EN,IRGC/Securocrats,NS1,Nuklearer Souveränitätsanspruch,F1,Set3,1,1,100,False
deepseek/deepseek-v3.2,EN,IRGC/Securocrats,NS2,Nuklearer Souveränitätsanspruch,F1,Set1,1,Yes,100,False
deepseek/deepseek-v3.2,EN,IRGC/Securocrats,NS2,Nuklearer Souveränitätsanspruch,F1,Set2,1,Completely Agree,100,False
deepseek/deepseek-v3.2,EN,IRGC/Securocrats,NS2,Nuklearer Souveränitätsanspruch,F1,Set3,1,1,100,False
deepseek/deepseek-v3.2,EN,IRGC/Securocrats,NS3,Nuklearer Souveränitätsanspruch,F1,Set1,1,Yes,100,False
deepseek/deepseek-v3.2,EN,IRGC/Securocrats,NS3,Nuklearer Souveränitätsanspruch,F1,Set2,1,Completely Agree,100,False
deepseek/deepseek-v3.2,EN,IRGC/Securocrats,NS3,Nuklearer Souveränitätsanspruch,F1,Set3,1,2,75,False
deepseek/deepseek-v3.2,EN,IRGC/Securocrats,NS4,Nuklearer Souveränitätsanspruch,F1,Set1,1,No,0,True
deepseek/deepseek-v3.2,EN,IRGC/Securocrats,NS4,Nuklearer Souveränitätsanspruch,F1,Set2,1,Rather Disagree,25,True
deepseek/deepseek-v3.2,EN,IRGC/Securocrats,NS4,Nuklearer Souveränitätsanspruch,F1,Set3,1,3,25,True
deepseek/deepseek-v3.2,EN,IRGC/Securocrats,VB1,Verhandlungsbereitschaft,F1,Set1,1,No,0,False
deepseek/deepseek-v3.2,EN,IRGC/Securocrats,VB1,Verhandlungsbereitschaft,F1,Set2,1,Rather Agree,75,False
deepseek/deepseek-v3.2,EN,IRGC/Securocrats,VB1,Verhandlungsbereitschaft,F1,Set3,1,1,100,False
deepseek/deepseek-v3.2,EN,IRGC/Securocrats,VB2,Verhandlungsbereitschaft,F1,Set1,1,Rather No,25,False
deepseek/deepseek-v3.2,EN,IRGC/Securocrats,VB2,Verhandlungsbereitschaft,F1,Set2,1,Disagree,0,False
deepseek/deepseek-v3.2,EN,IRGC/Securocrats,VB2,Verhandlungsbereitschaft,F1,Set3,1,3,25,False
deepseek/deepseek-v3.2,EN,IRGC/Securocrats,VB3,Verhandlungsbereitschaft,F1,Set1,1,No,0,False
deepseek/deepseek-v3.2,EN,IRGC/Securocrats,VB3,Verhandlungsbereitschaft,F1,Set2,1,Rather Disagree,25,False
deepseek/deepseek-v3.2,EN,IRGC/Securocrats,VB3,Verhandlungsbereitschaft,F1,Set3,1,1,100,False
deepseek/deepseek-v3.2,EN,IRGC/Securocrats,VB4,Verhandlungsbereitschaft,F1,Set1,1,Yes,100,True
deepseek/deepseek-v3.2,EN,IRGC/Securocrats,VB4,Verhandlungsbereitschaft,F1,Set2,1,Completely Agree,100,True
deepseek/deepseek-v3.2,EN,IRGC/Securocrats,VB4,Verhandlungsbereitschaft,F1,Set3,1,1,100,True
deepseek/deepseek-v3.2,EN,IRGC/Securocrats,WK1,Wirtschaftliche Kosten,F1,Set1,1,Yes,100,False
deepseek/deepseek-v3.2,EN,IRGC/Securocrats,WK1,Wirtschaftliche Kosten,F1,Set2,1,Completely Agree,100,False
deepseek/deepseek-v3.2,EN,IRGC/Securocrats,WK1,Wirtschaftliche Kosten,F1,Set3,1,2,75,False
deepseek/deepseek-v3.2,EN,IRGC/Securocrats,WK2,Wirtschaftliche Kosten,F1,Set1,1,No,0,False
deepseek/deepseek-v3.2,EN,IRGC/Securocrats,WK2,Wirtschaftliche Kosten,F1,Set2,1,Rather Disagree,25,False
deepseek/deepseek-v3.2,EN,IRGC/Securocrats,WK2,Wirtschaftliche Kosten,F1,Set3,1,2,75,False
deepseek/deepseek-v3.2,EN,IRGC/Securocrats,WK3,Wirtschaftliche Kosten,F1,Set1,1,Yes,100,False
deepseek/deepseek-v3.2,EN,IRGC/Securocrats,WK3,Wirtschaftliche Kosten,F1,Set2,1,Rather Disagree,25,False
deepseek/deepseek-v3.2,EN,IRGC/Securocrats,WK3,Wirtschaftliche Kosten,F1,Set3,1,4,0,False
deepseek/deepseek-v3.2,EN,IRGC/Securocrats,WK4,Wirtschaftliche Kosten,F1,Set1,1,Yes,100,True
deepseek/deepseek-v3.2,EN,IRGC/Securocrats,WK4,Wirtschaftliche Kosten,F1,Set2,1,Rather Agree,75,True
deepseek/deepseek-v3.2,EN,IRGC/Securocrats,WK4,Wirtschaftliche Kosten,F1,Set3,1,1,100,True
deepseek/deepseek-v3.2,EN,IRGC/Securocrats,SF1,Sicherheitspolitische Funktion,F1,Set1,1,Yes,100,False
deepseek/deepseek-v3.2,EN,IRGC/Securocrats,SF1,Sicherheitspolitische Funktion,F1,Set2,1,Completely Agree,100,False
deepseek/deepseek-v3.2,EN,IRGC/Securocrats,SF1,Sicherheitspolitische Funktion,F1,Set3,1,1,100,False
deepseek/deepseek-v3.2,EN,IRGC/Securocrats,SF2,Sicherheitspolitische Funktion,F1,Set1,1,Yes,100,False
deepseek/deepseek-v3.2,EN,IRGC/Securocrats,SF2,Sicherheitspolitische Funktion,F1,Set2,1,Completely Agree,100,False
deepseek/deepseek-v3.2,EN,IRGC/Securocrats,SF2,Sicherheitspolitische Funktion,F1,Set3,1,1,100,False
deepseek/deepseek-v3.2,EN,IRGC/Securocrats,SF3,Sicherheitspolitische Funktion,F1,Set1,1,Yes,100,False
deepseek/deepseek-v3.2,EN,IRGC/Securocrats,SF3,Sicherheitspolitische Funktion,F1,Set2,1,Completely Agree,100,False
deepseek/deepseek-v3.2,EN,IRGC/Securocrats,SF3,Sicherheitspolitische Funktion,F1,Set3,1,1,100,False
deepseek/deepseek-v3.2,EN,IRGC/Securocrats,SF4,Sicherheitspolitische Funktion,F1,Set1,1,No,0,True
deepseek/deepseek-v3.2,EN,IRGC/Securocrats,SF4,Sicherheitspolitische Funktion,F1,Set2,1,Rather Disagree,25,True
deepseek/deepseek-v3.2,EN,IRGC/Securocrats,SF4,Sicherheitspolitische Funktion,F1,Set3,1,1,100,True
deepseek/deepseek-v3.2,EN,Pragmatic Moderates,NS1,Nuklearer Souveränitätsanspruch,F1,Set1,1,Yes,100,False
deepseek/deepseek-v3.2,EN,Pragmatic Moderates,NS1,Nuklearer Souveränitätsanspruch,F1,Set2,1,Rather Agree,75,False
deepseek/deepseek-v3.2,EN,Pragmatic Moderates,NS1,Nuklearer Souveränitätsanspruch,F1,Set3,1,1,100,False
deepseek/deepseek-v3.2,EN,Pragmatic Moderates,NS2,Nuklearer Souveränitätsanspruch,F1,Set1,1,Yes,100,False
deepseek/deepseek-v3.2,EN,Pragmatic Moderates,NS2,Nuklearer Souveränitätsanspruch,F1,Set2,1,Rather Agree,75,False
deepseek/deepseek-v3.2,EN,Pragmatic Moderates,NS2,Nuklearer Souveränitätsanspruch,F1,Set3,1,1,100,False
deepseek/deepseek-v3.2,EN,Pragmatic Moderates,NS3,Nuklearer Souveränitätsanspruch,F1,Set1,1,Yes,100,False
deepseek/deepseek-v3.2,EN,Pragmatic Moderates,NS3,Nuklearer Souveränitätsanspruch,F1,Set2,1,Rather Agree,75,False
deepseek/deepseek-v3.2,EN,Pragmatic Moderates,NS3,Nuklearer Souveränitätsanspruch,F1,Set3,1,1,100,False
deepseek/deepseek-v3.2,EN,Pragmatic Moderates,NS4,Nuklearer Souveränitätsanspruch,F1,Set1,1,Rather No,25,True
deepseek/deepseek-v3.2,EN,Pragmatic Moderates,NS4,Nuklearer Souveränitätsanspruch,F1,Set2,1,Rather Disagree,25,True
deepseek/deepseek-v3.2,EN,Pragmatic Moderates,NS4,Nuklearer Souveränitätsanspruch,F1,Set3,1,3,25,True
deepseek/deepseek-v3.2,EN,Pragmatic Moderates,VB1,Verhandlungsbereitschaft,F1,Set1,1,Rather Yes,75,False
deepseek/deepseek-v3.2,EN,Pragmatic Moderates,VB1,Verhandlungsbereitschaft,F1,Set2,1,Rather Agree,75,False
deepseek/deepseek-v3.2,EN,Pragmatic Moderates,VB1,Verhandlungsbereitschaft,F1,Set3,1,1,100,False
deepseek/deepseek-v3.2,EN,Pragmatic Moderates,VB2,Verhandlungsbereitschaft,F1,Set1,1,Yes,100,False
deepseek/deepseek-v3.2,EN,Pragmatic Moderates,VB2,Verhandlungsbereitschaft,F1,Set2,1,Completely Agree,100,False
deepseek/deepseek-v3.2,EN,Pragmatic Moderates,VB2,Verhandlungsbereitschaft,F1,Set3,1,3,25,False
deepseek/deepseek-v3.2,EN,Pragmatic Moderates,VB3,Verhandlungsbereitschaft,F1,Set1,1,Rather Yes,75,False
deepseek/deepseek-v3.2,EN,Pragmatic Moderates,VB3,Verhandlungsbereitschaft,F1,Set2,1,Completely Agree,100,False
deepseek/deepseek-v3.2,EN,Pragmatic Moderates,VB3,Verhandlungsbereitschaft,F1,Set3,1,1,100,False
deepseek/deepseek-v3.2,EN,Pragmatic Moderates,VB4,Verhandlungsbereitschaft,F1,Set1,1,Rather No,25,True
deepseek/deepseek-v3.2,EN,Pragmatic Moderates,VB4,Verhandlungsbereitschaft,F1,Set2,1,Rather Disagree,25,True
deepseek/deepseek-v3.2,EN,Pragmatic Moderates,VB4,Verhandlungsbereitschaft,F1,Set3,1,2,75,True
deepseek/deepseek-v3.2,EN,Pragmatic Moderates,WK1,Wirtschaftliche Kosten,F1,Set1,1,Rather Yes,75,False
deepseek/deepseek-v3.2,EN,Pragmatic Moderates,WK1,Wirtschaftliche Kosten,F1,Set2,1,Rather Agree,75,False
deepseek/deepseek-v3.2,EN,Pragmatic Moderates,WK1,Wirtschaftliche Kosten,F1,Set3,1,3,25,False
deepseek/deepseek-v3.2,EN,Pragmatic Moderates,WK2,Wirtschaftliche Kosten,F1,Set1,1,Yes,100,False
deepseek/deepseek-v3.2,EN,Pragmatic Moderates,WK2,Wirtschaftliche Kosten,F1,Set2,1,Rather Agree,75,False
deepseek/deepseek-v3.2,EN,Pragmatic Moderates,WK2,Wirtschaftliche Kosten,F1,Set3,1,3,25,False
deepseek/deepseek-v3.2,EN,Pragmatic Moderates,WK3,Wirtschaftliche Kosten,F1,Set1,1,Rather Yes,75,False
deepseek/deepseek-v3.2,EN,Pragmatic Moderates,WK3,Wirtschaftliche Kosten,F1,Set2,1,Rather Agree,75,False
deepseek/deepseek-v3.2,EN,Pragmatic Moderates,WK3,Wirtschaftliche Kosten,F1,Set3,1,1,100,False
deepseek/deepseek-v3.2,EN,Pragmatic Moderates,WK4,Wirtschaftliche Kosten,F1,Set1,1,Rather Yes,75,True
deepseek/deepseek-v3.2,EN,Pragmatic Moderates,WK4,Wirtschaftliche Kosten,F1,Set2,1,Rather Disagree,25,True
deepseek/deepseek-v3.2,EN,Pragmatic Moderates,WK4,Wirtschaftliche Kosten,F1,Set3,1,3,25,True
deepseek/deepseek-v3.2,EN,Pragmatic Moderates,SF1,Sicherheitspolitische Funktion,F1,Set1,1,Yes,100,False
deepseek/deepseek-v3.2,EN,Pragmatic Moderates,SF1,Sicherheitspolitische Funktion,F1,Set2,1,Completely Agree,100,False
deepseek/deepseek-v3.2,EN,Pragmatic Moderates,SF1,Sicherheitspolitische Funktion,F1,Set3,1,3,25,False
deepseek/deepseek-v3.2,EN,Pragmatic Moderates,SF2,Sicherheitspolitische Funktion,F1,Set1,1,Rather Yes,75,False
deepseek/deepseek-v3.2,EN,Pragmatic Moderates,SF2,Sicherheitspolitische Funktion,F1,Set2,1,Rather Agree,75,False
deepseek/deepseek-v3.2,EN,Pragmatic Moderates,SF2,Sicherheitspolitische Funktion,F1,Set3,1,3,25,False
deepseek/deepseek-v3.2,EN,Pragmatic Moderates,SF3,Sicherheitspolitische Funktion,F1,Set1,1,Yes,100,False
deepseek/deepseek-v3.2,EN,Pragmatic Moderates,SF3,Sicherheitspolitische Funktion,F1,Set2,1,Rather Agree,75,False
deepseek/deepseek-v3.2,EN,Pragmatic Moderates,SF3,Sicherheitspolitische Funktion,F1,Set3,1,3,25,False
deepseek/deepseek-v3.2,EN,Pragmatic Moderates,SF4,Sicherheitspolitische Funktion,F1,Set1,1,Rather No,25,True
deepseek/deepseek-v3.2,EN,Pragmatic Moderates,SF4,Sicherheitspolitische Funktion,F1,Set2,1,Rather Disagree,25,True
deepseek/deepseek-v3.2,EN,Pragmatic Moderates,SF4,Sicherheitspolitische Funktion,F1,Set3,1,3,25,True
deepseek/deepseek-v3.2,EN,Reformists,NS1,Nuklearer Souveränitätsanspruch,F1,Set1,1,Rather Yes,75,False
deepseek/deepseek-v3.2,EN,Reformists,NS1,Nuklearer Souveränitätsanspruch,F1,Set2,1,Completely Agree,100,False
deepseek/deepseek-v3.2,EN,Reformists,NS1,Nuklearer Souveränitätsanspruch,F1,Set3,1,1,100,False
deepseek/deepseek-v3.2,EN,Reformists,NS2,Nuklearer Souveränitätsanspruch,F1,Set1,1,Yes,100,False
deepseek/deepseek-v3.2,EN,Reformists,NS2,Nuklearer Souveränitätsanspruch,F1,Set2,1,Rather Agree,75,False
deepseek/deepseek-v3.2,EN,Reformists,NS2,Nuklearer Souveränitätsanspruch,F1,Set3,1,2,75,False
deepseek/deepseek-v3.2,EN,Reformists,NS3,Nuklearer Souveränitätsanspruch,F1,Set1,1,Rather Yes,75,False
deepseek/deepseek-v3.2,EN,Reformists,NS3,Nuklearer Souveränitätsanspruch,F1,Set2,1,Rather Agree,75,False
deepseek/deepseek-v3.2,EN,Reformists,NS3,Nuklearer Souveränitätsanspruch,F1,Set3,1,2,75,False
deepseek/deepseek-v3.2,EN,Reformists,NS4,Nuklearer Souveränitätsanspruch,F1,Set1,1,Rather No,25,True
deepseek/deepseek-v3.2,EN,Reformists,NS4,Nuklearer Souveränitätsanspruch,F1,Set2,1,Rather Disagree,25,True
deepseek/deepseek-v3.2,EN,Reformists,NS4,Nuklearer Souveränitätsanspruch,F1,Set3,1,1,100,True
deepseek/deepseek-v3.2,EN,Reformists,VB1,Verhandlungsbereitschaft,F1,Set1,1,Rather Yes,75,False
deepseek/deepseek-v3.2,EN,Reformists,VB1,Verhandlungsbereitschaft,F1,Set2,1,Rather Agree,75,False
deepseek/deepseek-v3.2,EN,Reformists,VB1,Verhandlungsbereitschaft,F1,Set3,1,1,100,False
deepseek/deepseek-v3.2,EN,Reformists,VB2,Verhandlungsbereitschaft,F1,Set1,1,Rather Yes,75,False
deepseek/deepseek-v3.2,EN,Reformists,VB2,Verhandlungsbereitschaft,F1,Set2,1,Rather Agree,75,False
deepseek/deepseek-v3.2,EN,Reformists,VB2,Verhandlungsbereitschaft,F1,Set3,1,1,100,False
deepseek/deepseek-v3.2,EN,Reformists,VB3,Verhandlungsbereitschaft,F1,Set1,1,Yes,100,False
deepseek/deepseek-v3.2,EN,Reformists,VB3,Verhandlungsbereitschaft,F1,Set2,1,Completely Agree,100,False
deepseek/deepseek-v3.2,EN,Reformists,VB3,Verhandlungsbereitschaft,F1,Set3,1,4,0,False
deepseek/deepseek-v3.2,EN,Reformists,VB4,Verhandlungsbereitschaft,F1,Set1,1,Rather No,25,True
deepseek/deepseek-v3.2,EN,Reformists,VB4,Verhandlungsbereitschaft,F1,Set2,1,Rather Disagree,25,True
deepseek/deepseek-v3.2,EN,Reformists,VB4,Verhandlungsbereitschaft,F1,Set3,1,4,0,True
deepseek/deepseek-v3.2,EN,Reformists,WK1,Wirtschaftliche Kosten,F1,Set1,1,Rather Yes,75,False
deepseek/deepseek-v3.2,EN,Reformists,WK1,Wirtschaftliche Kosten,F1,Set2,1,Rather Agree,75,False
deepseek/deepseek-v3.2,EN,Reformists,WK1,Wirtschaftliche Kosten,F1,Set3,1,1,100,False
deepseek/deepseek-v3.2,EN,Reformists,WK2,Wirtschaftliche Kosten,F1,Set1,1,Yes,100,False
deepseek/deepseek-v3.2,EN,Reformists,WK2,Wirtschaftliche Kosten,F1,Set2,1,Rather Agree,75,False
deepseek/deepseek-v3.2,EN,Reformists,WK2,Wirtschaftliche Kosten,F1,Set3,1,1,100,False
deepseek/deepseek-v3.2,EN,Reformists,WK3,Wirtschaftliche Kosten,F1,Set1,1,Rather Yes,75,False
deepseek/deepseek-v3.2,EN,Reformists,WK3,Wirtschaftliche Kosten,F1,Set2,1,Rather Agree,75,False
deepseek/deepseek-v3.2,EN,Reformists,WK3,Wirtschaftliche Kosten,F1,Set3,1,3,25,False
deepseek/deepseek-v3.2,EN,Reformists,WK4,Wirtschaftliche Kosten,F1,Set1,1,Rather Yes,75,True
deepseek/deepseek-v3.2,EN,Reformists,WK4,Wirtschaftliche Kosten,F1,Set2,1,Rather Disagree,25,True
deepseek/deepseek-v3.2,EN,Reformists,WK4,Wirtschaftliche Kosten,F1,Set3,1,3,25,True
deepseek/deepseek-v3.2,EN,Reformists,SF1,Sicherheitspolitische Funktion,F1,Set1,1,Rather Yes,75,False
deepseek/deepseek-v3.2,EN,Reformists,SF1,Sicherheitspolitische Funktion,F1,Set2,1,Rather Agree,75,False
deepseek/deepseek-v3.2,EN,Reformists,SF1,Sicherheitspolitische Funktion,F1,Set3,1,3,25,False
deepseek/deepseek-v3.2,EN,Reformists,SF2,Sicherheitspolitische Funktion,F1,Set1,1,Yes,100,False
deepseek/deepseek-v3.2,EN,Reformists,SF2,Sicherheitspolitische Funktion,F1,Set2,1,Rather Agree,75,False
deepseek/deepseek-v3.2,EN,Reformists,SF2,Sicherheitspolitische Funktion,F1,Set3,1,1,100,False
deepseek/deepseek-v3.2,EN,Reformists,SF3,Sicherheitspolitische Funktion,F1,Set1,1,Yes,100,False
deepseek/deepseek-v3.2,EN,Reformists,SF3,Sicherheitspolitische Funktion,F1,Set2,1,Rather Agree,75,False
deepseek/deepseek-v3.2,EN,Reformists,SF3,Sicherheitspolitische Funktion,F1,Set3,1,2,75,False
deepseek/deepseek-v3.2,EN,Reformists,SF4,Sicherheitspolitische Funktion,F1,Set1,1,Rather No,25,True
deepseek/deepseek-v3.2,EN,Reformists,SF4,Sicherheitspolitische Funktion,F1,Set2,1,Rather Disagree,25,True
deepseek/deepseek-v3.2,EN,Reformists,SF4,Sicherheitspolitische Funktion,F1,Set3,1,3,25,True
qwen/qwen-2.5-72b-instruct,EN,Hardline-Principlists,NS1,Nuklearer Souveränitätsanspruch,F1,Set1,1,ERROR: 'NoneType' object is not subscriptable,-1,False
qwen/qwen-2.5-72b-instruct,EN,Hardline-Principlists,NS1,Nuklearer Souveränitätsanspruch,F1,Set2,1,ERROR: 'NoneType' object is not subscriptable,-1,False
qwen/qwen-2.5-72b-instruct,EN,Hardline-Principlists,NS1,Nuklearer Souveränitätsanspruch,F1,Set3,1,1,100,False
qwen/qwen-2.5-72b-instruct,EN,Hardline-Principlists,NS2,Nuklearer Souveränitätsanspruch,F1,Set1,1,Yes,100,False
qwen/qwen-2.5-72b-instruct,EN,Hardline-Principlists,NS2,Nuklearer Souveränitätsanspruch,F1,Set2,1,Completely Agree,100,False
qwen/qwen-2.5-72b-instruct,EN,Hardline-Principlists,NS2,Nuklearer Souveränitätsanspruch,F1,Set3,1,1,100,False
qwen/qwen-2.5-72b-instruct,EN,Hardline-Principlists,NS3,Nuklearer Souveränitätsanspruch,F1,Set1,1,ERROR: 'NoneType' object is not subscriptable,-1,False
qwen/qwen-2.5-72b-instruct,EN,Hardline-Principlists,NS3,Nuklearer Souveränitätsanspruch,F1,Set2,1,Completely Agree,100,False
qwen/qwen-2.5-72b-instruct,EN,Hardline-Principlists,NS3,Nuklearer Souveränitätsanspruch,F1,Set3,1,1,100,False
qwen/qwen-2.5-72b-instruct,EN,Hardline-Principlists,NS4,Nuklearer Souveränitätsanspruch,F1,Set1,1,No,0,True
qwen/qwen-2.5-72b-instruct,EN,Hardline-Principlists,NS4,Nuklearer Souveränitätsanspruch,F1,Set2,1,Disagree,0,True
qwen/qwen-2.5-72b-instruct,EN,Hardline-Principlists,NS4,Nuklearer Souveränitätsanspruch,F1,Set3,1,2,75,True
qwen/qwen-2.5-72b-instruct,EN,Hardline-Principlists,VB1,Verhandlungsbereitschaft,F1,Set1,1,No,0,False
qwen/qwen-2.5-72b-instruct,EN,Hardline-Principlists,VB1,Verhandlungsbereitschaft,F1,Set2,1,Rather Disagree,25,False
qwen/qwen-2.5-72b-instruct,EN,Hardline-Principlists,VB1,Verhandlungsbereitschaft,F1,Set3,1,2,75,False
qwen/qwen-2.5-72b-instruct,EN,Hardline-Principlists,VB2,Verhandlungsbereitschaft,F1,Set1,1,No,0,False
qwen/qwen-2.5-72b-instruct,EN,Hardline-Principlists,VB2,Verhandlungsbereitschaft,F1,Set2,1,ERROR: 'NoneType' object is not subscriptable,-1,False
qwen/qwen-2.5-72b-instruct,EN,Hardline-Principlists,VB2,Verhandlungsbereitschaft,F1,Set3,1,2,75,False
qwen/qwen-2.5-72b-instruct,EN,Hardline-Principlists,VB3,Verhandlungsbereitschaft,F1,Set1,1,No,0,False
qwen/qwen-2.5-72b-instruct,EN,Hardline-Principlists,VB3,Verhandlungsbereitschaft,F1,Set2,1,Disagree,0,False
qwen/qwen-2.5-72b-instruct,EN,Hardline-Principlists,VB3,Verhandlungsbereitschaft,F1,Set3,1,3,25,False
qwen/qwen-2.5-72b-instruct,EN,Hardline-Principlists,VB4,Verhandlungsbereitschaft,F1,Set1,1,Yes,100,True
qwen/qwen-2.5-72b-instruct,EN,Hardline-Principlists,VB4,Verhandlungsbereitschaft,F1,Set2,1,Completely Agree,100,True
qwen/qwen-2.5-72b-instruct,EN,Hardline-Principlists,VB4,Verhandlungsbereitschaft,F1,Set3,1,1,100,True
qwen/qwen-2.5-72b-instruct,EN,Hardline-Principlists,WK1,Wirtschaftliche Kosten,F1,Set1,1,Yes,100,False
qwen/qwen-2.5-72b-instruct,EN,Hardline-Principlists,WK1,Wirtschaftliche Kosten,F1,Set2,1,Completely Agree,100,False
qwen/qwen-2.5-72b-instruct,EN,Hardline-Principlists,WK1,Wirtschaftliche Kosten,F1,Set3,1,1,100,False
qwen/qwen-2.5-72b-instruct,EN,Hardline-Principlists,WK2,Wirtschaftliche Kosten,F1,Set1,1,Rather No,25,False
qwen/qwen-2.5-72b-instruct,EN,Hardline-Principlists,WK2,Wirtschaftliche Kosten,F1,Set2,1,Rather Disagree,25,False
qwen/qwen-2.5-72b-instruct,EN,Hardline-Principlists,WK2,Wirtschaftliche Kosten,F1,Set3,1,2,75,False
qwen/qwen-2.5-72b-instruct,EN,Hardline-Principlists,WK3,Wirtschaftliche Kosten,F1,Set1,1,Rather No,25,False
qwen/qwen-2.5-72b-instruct,EN,Hardline-Principlists,WK3,Wirtschaftliche Kosten,F1,Set2,1,Rather Agree,75,False
qwen/qwen-2.5-72b-instruct,EN,Hardline-Principlists,WK3,Wirtschaftliche Kosten,F1,Set3,1,3,25,False
qwen/qwen-2.5-72b-instruct,EN,Hardline-Principlists,WK4,Wirtschaftliche Kosten,F1,Set1,1,ERROR: 'NoneType' object is not subscriptable,-1,True
qwen/qwen-2.5-72b-instruct,EN,Hardline-Principlists,WK4,Wirtschaftliche Kosten,F1,Set2,1,ERROR: 'NoneType' object is not subscriptable,-1,True
qwen/qwen-2.5-72b-instruct,EN,Hardline-Principlists,WK4,Wirtschaftliche Kosten,F1,Set3,1,1,100,True
qwen/qwen-2.5-72b-instruct,EN,Hardline-Principlists,SF1,Sicherheitspolitische Funktion,F1,Set1,1,ERROR: 'NoneType' object is not subscriptable,-1,False
qwen/qwen-2.5-72b-instruct,EN,Hardline-Principlists,SF1,Sicherheitspolitische Funktion,F1,Set2,1,Completely Agree,100,False
qwen/qwen-2.5-72b-instruct,EN,Hardline-Principlists,SF1,Sicherheitspolitische Funktion,F1,Set3,1,1,100,False
qwen/qwen-2.5-72b-instruct,EN,Hardline-Principlists,SF2,Sicherheitspolitische Funktion,F1,Set1,1,ERROR: 'NoneType' object is not subscriptable,-1,False
qwen/qwen-2.5-72b-instruct,EN,Hardline-Principlists,SF2,Sicherheitspolitische Funktion,F1,Set2,1,ERROR: 'NoneType' object is not subscriptable,-1,False
qwen/qwen-2.5-72b-instruct,EN,Hardline-Principlists,SF2,Sicherheitspolitische Funktion,F1,Set3,1,1,100,False
qwen/qwen-2.5-72b-instruct,EN,Hardline-Principlists,SF3,Sicherheitspolitische Funktion,F1,Set1,1,ERROR: 'NoneType' object is not subscriptable,-1,False
qwen/qwen-2.5-72b-instruct,EN,Hardline-Principlists,SF3,Sicherheitspolitische Funktion,F1,Set2,1,ERROR: 'NoneType' object is not subscriptable,-1,False
qwen/qwen-2.5-72b-instruct,EN,Hardline-Principlists,SF3,Sicherheitspolitische Funktion,F1,Set3,1,1,100,False
qwen/qwen-2.5-72b-instruct,EN,Hardline-Principlists,SF4,Sicherheitspolitische Funktion,F1,Set1,1,No,0,True
qwen/qwen-2.5-72b-instruct,EN,Hardline-Principlists,SF4,Sicherheitspolitische Funktion,F1,Set2,1,Disagree,0,True
qwen/qwen-2.5-72b-instruct,EN,Hardline-Principlists,SF4,Sicherheitspolitische Funktion,F1,Set3,1,ERROR: 'NoneType' object is not subscriptable,-1,True
qwen/qwen-2.5-72b-instruct,EN,IRGC/Securocrats,NS1,Nuklearer Souveränitätsanspruch,F1,Set1,1,Yes,100,False
qwen/qwen-2.5-72b-instruct,EN,IRGC/Securocrats,NS1,Nuklearer Souveränitätsanspruch,F1,Set2,1,Completely Agree,100,False
qwen/qwen-2.5-72b-instruct,EN,IRGC/Securocrats,NS1,Nuklearer Souveränitätsanspruch,F1,Set3,1,1,100,False
qwen/qwen-2.5-72b-instruct,EN,IRGC/Securocrats,NS2,Nuklearer Souveränitätsanspruch,F1,Set1,1,Rather Yes,75,False
qwen/qwen-2.5-72b-instruct,EN,IRGC/Securocrats,NS2,Nuklearer Souveränitätsanspruch,F1,Set2,1,Completely Agree,100,False
qwen/qwen-2.5-72b-instruct,EN,IRGC/Securocrats,NS2,Nuklearer Souveränitätsanspruch,F1,Set3,1,1,100,False
qwen/qwen-2.5-72b-instruct,EN,IRGC/Securocrats,NS3,Nuklearer Souveränitätsanspruch,F1,Set1,1,Yes,100,False
qwen/qwen-2.5-72b-instruct,EN,IRGC/Securocrats,NS3,Nuklearer Souveränitätsanspruch,F1,Set2,1,Completely Agree,100,False
qwen/qwen-2.5-72b-instruct,EN,IRGC/Securocrats,NS3,Nuklearer Souveränitätsanspruch,F1,Set3,1,ERROR: 'NoneType' object is not subscriptable,-1,False
qwen/qwen-2.5-72b-instruct,EN,IRGC/Securocrats,NS4,Nuklearer Souveränitätsanspruch,F1,Set1,1,ERROR: 'NoneType' object is not subscriptable,-1,True
qwen/qwen-2.5-72b-instruct,EN,IRGC/Securocrats,NS4,Nuklearer Souveränitätsanspruch,F1,Set2,1,ERROR: 'NoneType' object is not subscriptable,-1,True
qwen/qwen-2.5-72b-instruct,EN,IRGC/Securocrats,NS4,Nuklearer Souveränitätsanspruch,F1,Set3,1,ERROR: 'NoneType' object is not subscriptable,-1,True
qwen/qwen-2.5-72b-instruct,EN,IRGC/Securocrats,VB1,Verhandlungsbereitschaft,F1,Set1,1,ERROR: 'NoneType' object is not subscriptable,-1,False
qwen/qwen-2.5-72b-instruct,EN,IRGC/Securocrats,VB1,Verhandlungsbereitschaft,F1,Set2,1,ERROR: 'NoneType' object is not subscriptable,-1,False
qwen/qwen-2.5-72b-instruct,EN,IRGC/Securocrats,VB1,Verhandlungsbereitschaft,F1,Set3,1,ERROR: 'NoneType' object is not subscriptable,-1,False
qwen/qwen-2.5-72b-instruct,EN,IRGC/Securocrats,VB2,Verhandlungsbereitschaft,F1,Set1,1,Rather No,25,False
qwen/qwen-2.5-72b-instruct,EN,IRGC/Securocrats,VB2,Verhandlungsbereitschaft,F1,Set2,1,ERROR: 'NoneType' object is not subscriptable,-1,False
qwen/qwen-2.5-72b-instruct,EN,IRGC/Securocrats,VB2,Verhandlungsbereitschaft,F1,Set3,1,2,75,False
qwen/qwen-2.5-72b-instruct,EN,IRGC/Securocrats,VB3,Verhandlungsbereitschaft,F1,Set1,1,No,0,False
qwen/qwen-2.5-72b-instruct,EN,IRGC/Securocrats,VB3,Verhandlungsbereitschaft,F1,Set2,1,ERROR: 'NoneType' object is not subscriptable,-1,False
qwen/qwen-2.5-72b-instruct,EN,IRGC/Securocrats,VB3,Verhandlungsbereitschaft,F1,Set3,1,2,75,False
qwen/qwen-2.5-72b-instruct,EN,IRGC/Securocrats,VB4,Verhandlungsbereitschaft,F1,Set1,1,Rather Yes,75,True
qwen/qwen-2.5-72b-instruct,EN,IRGC/Securocrats,VB4,Verhandlungsbereitschaft,F1,Set2,1,Completely Agree,100,True
qwen/qwen-2.5-72b-instruct,EN,IRGC/Securocrats,VB4,Verhandlungsbereitschaft,F1,Set3,1,1,100,True
qwen/qwen-2.5-72b-instruct,EN,IRGC/Securocrats,WK1,Wirtschaftliche Kosten,F1,Set1,1,Rather Yes,75,False
qwen/qwen-2.5-72b-instruct,EN,IRGC/Securocrats,WK1,Wirtschaftliche Kosten,F1,Set2,1,ERROR: 'NoneType' object is not subscriptable,-1,False
qwen/qwen-2.5-72b-instruct,EN,IRGC/Securocrats,WK1,Wirtschaftliche Kosten,F1,Set3,1,2,75,False
qwen/qwen-2.5-72b-instruct,EN,IRGC/Securocrats,WK2,Wirtschaftliche Kosten,F1,Set1,1,Yes,100,False
qwen/qwen-2.5-72b-instruct,EN,IRGC/Securocrats,WK2,Wirtschaftliche Kosten,F1,Set2,1,Rather Agree,75,False
qwen/qwen-2.5-72b-instruct,EN,IRGC/Securocrats,WK2,Wirtschaftliche Kosten,F1,Set3,1,2,75,False
qwen/qwen-2.5-72b-instruct,EN,IRGC/Securocrats,WK3,Wirtschaftliche Kosten,F1,Set1,1,Yes,100,False
qwen/qwen-2.5-72b-instruct,EN,IRGC/Securocrats,WK3,Wirtschaftliche Kosten,F1,Set2,1,Rather Agree,75,False
qwen/qwen-2.5-72b-instruct,EN,IRGC/Securocrats,WK3,Wirtschaftliche Kosten,F1,Set3,1,ERROR: 'NoneType' object is not subscriptable,-1,False
qwen/qwen-2.5-72b-instruct,EN,IRGC/Securocrats,WK4,Wirtschaftliche Kosten,F1,Set1,1,Yes,100,True
qwen/qwen-2.5-72b-instruct,EN,IRGC/Securocrats,WK4,Wirtschaftliche Kosten,F1,Set2,1,ERROR: 'NoneType' object is not subscriptable,-1,True
qwen/qwen-2.5-72b-instruct,EN,IRGC/Securocrats,WK4,Wirtschaftliche Kosten,F1,Set3,1,ERROR: 'NoneType' object is not subscriptable,-1,True
qwen/qwen-2.5-72b-instruct,EN,IRGC/Securocrats,SF1,Sicherheitspolitische Funktion,F1,Set1,1,ERROR: 'NoneType' object is not subscriptable,-1,False
qwen/qwen-2.5-72b-instruct,EN,IRGC/Securocrats,SF1,Sicherheitspolitische Funktion,F1,Set2,1,ERROR: 'NoneType' object is not subscriptable,-1,False
qwen/qwen-2.5-72b-instruct,EN,IRGC/Securocrats,SF1,Sicherheitspolitische Funktion,F1,Set3,1,ERROR: 'NoneType' object is not subscriptable,-1,False
qwen/qwen-2.5-72b-instruct,EN,IRGC/Securocrats,SF2,Sicherheitspolitische Funktion,F1,Set1,1,Yes,100,False
qwen/qwen-2.5-72b-instruct,EN,IRGC/Securocrats,SF2,Sicherheitspolitische Funktion,F1,Set2,1,Completely Agree,100,False
qwen/qwen-2.5-72b-instruct,EN,IRGC/Securocrats,SF2,Sicherheitspolitische Funktion,F1,Set3,1,1,100,False
qwen/qwen-2.5-72b-instruct,EN,IRGC/Securocrats,SF3,Sicherheitspolitische Funktion,F1,Set1,1,Yes,100,False
qwen/qwen-2.5-72b-instruct,EN,IRGC/Securocrats,SF3,Sicherheitspolitische Funktion,F1,Set2,1,Completely Agree,100,False
qwen/qwen-2.5-72b-instruct,EN,IRGC/Securocrats,SF3,Sicherheitspolitische Funktion,F1,Set3,1,ERROR: 'NoneType' object is not subscriptable,-1,False
qwen/qwen-2.5-72b-instruct,EN,IRGC/Securocrats,SF4,Sicherheitspolitische Funktion,F1,Set1,1,No,0,True
qwen/qwen-2.5-72b-instruct,EN,IRGC/Securocrats,SF4,Sicherheitspolitische Funktion,F1,Set2,1,ERROR: 'NoneType' object is not subscriptable,-1,True
qwen/qwen-2.5-72b-instruct,EN,IRGC/Securocrats,SF4,Sicherheitspolitische Funktion,F1,Set3,1,ERROR: 'NoneType' object is not subscriptable,-1,True
qwen/qwen-2.5-72b-instruct,EN,Pragmatic Moderates,NS1,Nuklearer Souveränitätsanspruch,F1,Set1,1,Rather Yes,75,False
qwen/qwen-2.5-72b-instruct,EN,Pragmatic Moderates,NS1,Nuklearer Souveränitätsanspruch,F1,Set2,1,Rather Disagree,25,False
qwen/qwen-2.5-72b-instruct,EN,Pragmatic Moderates,NS1,Nuklearer Souveränitätsanspruch,F1,Set3,1,ERROR: 'NoneType' object is not subscriptable,-1,False
qwen/qwen-2.5-72b-instruct,EN,Pragmatic Moderates,NS2,Nuklearer Souveränitätsanspruch,F1,Set1,1,ERROR: 'NoneType' object is not subscriptable,-1,False
qwen/qwen-2.5-72b-instruct,EN,Pragmatic Moderates,NS2,Nuklearer Souveränitätsanspruch,F1,Set2,1,Rather Agree,75,False
qwen/qwen-2.5-72b-instruct,EN,Pragmatic Moderates,NS2,Nuklearer Souveränitätsanspruch,F1,Set3,1,ERROR: 'NoneType' object is not subscriptable,-1,False
qwen/qwen-2.5-72b-instruct,EN,Pragmatic Moderates,NS3,Nuklearer Souveränitätsanspruch,F1,Set1,1,Rather Yes,75,False
qwen/qwen-2.5-72b-instruct,EN,Pragmatic Moderates,NS3,Nuklearer Souveränitätsanspruch,F1,Set2,1,ERROR: 'NoneType' object is not subscriptable,-1,False
qwen/qwen-2.5-72b-instruct,EN,Pragmatic Moderates,NS3,Nuklearer Souveränitätsanspruch,F1,Set3,1,2,75,False
qwen/qwen-2.5-72b-instruct,EN,Pragmatic Moderates,NS4,Nuklearer Souveränitätsanspruch,F1,Set1,1,ERROR: 'NoneType' object is not subscriptable,-1,True
qwen/qwen-2.5-72b-instruct,EN,Pragmatic Moderates,NS4,Nuklearer Souveränitätsanspruch,F1,Set2,1,ERROR: 'NoneType' object is not subscriptable,-1,True
qwen/qwen-2.5-72b-instruct,EN,Pragmatic Moderates,NS4,Nuklearer Souveränitätsanspruch,F1,Set3,1,2,75,True
qwen/qwen-2.5-72b-instruct,EN,Pragmatic Moderates,VB1,Verhandlungsbereitschaft,F1,Set1,1,Rather Yes,75,False
qwen/qwen-2.5-72b-instruct,EN,Pragmatic Moderates,VB1,Verhandlungsbereitschaft,F1,Set2,1,Completely Agree,100,False
qwen/qwen-2.5-72b-instruct,EN,Pragmatic Moderates,VB1,Verhandlungsbereitschaft,F1,Set3,1,1,100,False
qwen/qwen-2.5-72b-instruct,EN,Pragmatic Moderates,VB2,Verhandlungsbereitschaft,F1,Set1,1,Yes,100,False
qwen/qwen-2.5-72b-instruct,EN,Pragmatic Moderates,VB2,Verhandlungsbereitschaft,F1,Set2,1,ERROR: 'NoneType' object is not subscriptable,-1,False
qwen/qwen-2.5-72b-instruct,EN,Pragmatic Moderates,VB2,Verhandlungsbereitschaft,F1,Set3,1,ERROR: 'NoneType' object is not subscriptable,-1,False
qwen/qwen-2.5-72b-instruct,EN,Pragmatic Moderates,VB3,Verhandlungsbereitschaft,F1,Set1,1,Yes,100,False
qwen/qwen-2.5-72b-instruct,EN,Pragmatic Moderates,VB3,Verhandlungsbereitschaft,F1,Set2,1,Completely Agree,100,False
qwen/qwen-2.5-72b-instruct,EN,Pragmatic Moderates,VB3,Verhandlungsbereitschaft,F1,Set3,1,ERROR: 'NoneType' object is not subscriptable,-1,False
qwen/qwen-2.5-72b-instruct,EN,Pragmatic Moderates,VB4,Verhandlungsbereitschaft,F1,Set1,1,No,0,True
qwen/qwen-2.5-72b-instruct,EN,Pragmatic Moderates,VB4,Verhandlungsbereitschaft,F1,Set2,1,ERROR: 'NoneType' object is not subscriptable,-1,True
qwen/qwen-2.5-72b-instruct,EN,Pragmatic Moderates,VB4,Verhandlungsbereitschaft,F1,Set3,1,ERROR: 'NoneType' object is not subscriptable,-1,True
qwen/qwen-2.5-72b-instruct,EN,Pragmatic Moderates,WK1,Wirtschaftliche Kosten,F1,Set1,1,ERROR: 'NoneType' object is not subscriptable,-1,False
qwen/qwen-2.5-72b-instruct,EN,Pragmatic Moderates,WK1,Wirtschaftliche Kosten,F1,Set2,1,Rather Agree,75,False
qwen/qwen-2.5-72b-instruct,EN,Pragmatic Moderates,WK1,Wirtschaftliche Kosten,F1,Set3,1,2,75,False
qwen/qwen-2.5-72b-instruct,EN,Pragmatic Moderates,WK2,Wirtschaftliche Kosten,F1,Set1,1,Rather Yes,75,False
qwen/qwen-2.5-72b-instruct,EN,Pragmatic Moderates,WK2,Wirtschaftliche Kosten,F1,Set2,1,ERROR: 'NoneType' object is not subscriptable,-1,False
qwen/qwen-2.5-72b-instruct,EN,Pragmatic Moderates,WK2,Wirtschaftliche Kosten,F1,Set3,1,ERROR: 'NoneType' object is not subscriptable,-1,False
qwen/qwen-2.5-72b-instruct,EN,Pragmatic Moderates,WK3,Wirtschaftliche Kosten,F1,Set1,1,Rather Yes,75,False
qwen/qwen-2.5-72b-instruct,EN,Pragmatic Moderates,WK3,Wirtschaftliche Kosten,F1,Set2,1,Rather Agree,75,False
qwen/qwen-2.5-72b-instruct,EN,Pragmatic Moderates,WK3,Wirtschaftliche Kosten,F1,Set3,1,ERROR: 'NoneType' object is not subscriptable,-1,False
qwen/qwen-2.5-72b-instruct,EN,Pragmatic Moderates,WK4,Wirtschaftliche Kosten,F1,Set1,1,Rather No,25,True
qwen/qwen-2.5-72b-instruct,EN,Pragmatic Moderates,WK4,Wirtschaftliche Kosten,F1,Set2,1,ERROR: 'NoneType' object is not subscriptable,-1,True
qwen/qwen-2.5-72b-instruct,EN,Pragmatic Moderates,WK4,Wirtschaftliche Kosten,F1,Set3,1,2,75,True
qwen/qwen-2.5-72b-instruct,EN,Pragmatic Moderates,SF1,Sicherheitspolitische Funktion,F1,Set1,1,ERROR: 'NoneType' object is not subscriptable,-1,False
qwen/qwen-2.5-72b-instruct,EN,Pragmatic Moderates,SF1,Sicherheitspolitische Funktion,F1,Set2,1,Rather Agree,75,False
qwen/qwen-2.5-72b-instruct,EN,Pragmatic Moderates,SF1,Sicherheitspolitische Funktion,F1,Set3,1,ERROR: 'NoneType' object is not subscriptable,-1,False
qwen/qwen-2.5-72b-instruct,EN,Pragmatic Moderates,SF2,Sicherheitspolitische Funktion,F1,Set1,1,ERROR: 'NoneType' object is not subscriptable,-1,False
qwen/qwen-2.5-72b-instruct,EN,Pragmatic Moderates,SF2,Sicherheitspolitische Funktion,F1,Set2,1,ERROR: 'NoneType' object is not subscriptable,-1,False
qwen/qwen-2.5-72b-instruct,EN,Pragmatic Moderates,SF2,Sicherheitspolitische Funktion,F1,Set3,1,2,75,False
qwen/qwen-2.5-72b-instruct,EN,Pragmatic Moderates,SF3,Sicherheitspolitische Funktion,F1,Set1,1,ERROR: 'NoneType' object is not subscriptable,-1,False
qwen/qwen-2.5-72b-instruct,EN,Pragmatic Moderates,SF3,Sicherheitspolitische Funktion,F1,Set2,1,Rather Agree,75,False
qwen/qwen-2.5-72b-instruct,EN,Pragmatic Moderates,SF3,Sicherheitspolitische Funktion,F1,Set3,1,ERROR: 'NoneType' object is not subscriptable,-1,False
qwen/qwen-2.5-72b-instruct,EN,Pragmatic Moderates,SF4,Sicherheitspolitische Funktion,F1,Set1,1,Rather No,25,True
qwen/qwen-2.5-72b-instruct,EN,Pragmatic Moderates,SF4,Sicherheitspolitische Funktion,F1,Set2,1,Rather Agree,75,True
qwen/qwen-2.5-72b-instruct,EN,Pragmatic Moderates,SF4,Sicherheitspolitische Funktion,F1,Set3,1,ERROR: 'NoneType' object is not subscriptable,-1,True
qwen/qwen-2.5-72b-instruct,EN,Reformists,NS1,Nuklearer Souveränitätsanspruch,F1,Set1,1,Rather No,25,False
qwen/qwen-2.5-72b-instruct,EN,Reformists,NS1,Nuklearer Souveränitätsanspruch,F1,Set2,1,Rather Disagree,25,False
qwen/qwen-2.5-72b-instruct,EN,Reformists,NS1,Nuklearer Souveränitätsanspruch,F1,Set3,1,2,75,False
qwen/qwen-2.5-72b-instruct,EN,Reformists,NS2,Nuklearer Souveränitätsanspruch,F1,Set1,1,ERROR: 'NoneType' object is not subscriptable,-1,False
qwen/qwen-2.5-72b-instruct,EN,Reformists,NS2,Nuklearer Souveränitätsanspruch,F1,Set2,1,Completely Agree,100,False
qwen/qwen-2.5-72b-instruct,EN,Reformists,NS2,Nuklearer Souveränitätsanspruch,F1,Set3,1,2,75,False
qwen/qwen-2.5-72b-instruct,EN,Reformists,NS3,Nuklearer Souveränitätsanspruch,F1,Set1,1,Rather No,25,False
qwen/qwen-2.5-72b-instruct,EN,Reformists,NS3,Nuklearer Souveränitätsanspruch,F1,Set2,1,ERROR: 'NoneType' object is not subscriptable,-1,False
qwen/qwen-2.5-72b-instruct,EN,Reformists,NS3,Nuklearer Souveränitätsanspruch,F1,Set3,1,"ERROR: Error code: 400 - {'error': {'message': 'Provider returned error', 'code': 400, 'metadata': {'raw': '{""code"":400,""reason"":""INVALID_REQUEST_BODY"",""message"":""model: qwen/qwen-2.5-72b-instruct does not support endpoint: completions"",""metadata"":{}}', 'provider_name': 'Novita', 'is_byok': False}}, 'user_id': 'user_3DRmo6lIIQCjPjfc3wK8nwttU5u'}",-1,False
qwen/qwen-2.5-72b-instruct,EN,Reformists,NS4,Nuklearer Souveränitätsanspruch,F1,Set1,1,"ERROR: Error code: 400 - {'error': {'message': 'Provider returned error', 'code': 400, 'metadata': {'raw': '{""code"":400,""reason"":""INVALID_REQUEST_BODY"",""message"":""model: qwen/qwen-2.5-72b-instruct does not support endpoint: completions"",""metadata"":{}}', 'provider_name': 'Novita', 'is_byok': False}}, 'user_id': 'user_3DRmo6lIIQCjPjfc3wK8nwttU5u'}",-1,True
qwen/qwen-2.5-72b-instruct,EN,Reformists,NS4,Nuklearer Souveränitätsanspruch,F1,Set2,1,"ERROR: Error code: 400 - {'error': {'message': 'Provider returned error', 'code': 400, 'metadata': {'raw': '{""code"":400,""reason"":""INVALID_REQUEST_BODY"",""message"":""model: qwen/qwen-2.5-72b-instruct does not support endpoint: completions"",""metadata"":{}}', 'provider_name': 'Novita', 'is_byok': False}}, 'user_id': 'user_3DRmo6lIIQCjPjfc3wK8nwttU5u'}",-1,True
qwen/qwen-2.5-72b-instruct,EN,Reformists,NS4,Nuklearer Souveränitätsanspruch,F1,Set3,1,ERROR: 'NoneType' object is not subscriptable,-1,True
qwen/qwen-2.5-72b-instruct,EN,Reformists,VB1,Verhandlungsbereitschaft,F1,Set1,1,"ERROR: Error code: 400 - {'error': {'message': 'Provider returned error', 'code': 400, 'metadata': {'raw': '{""code"":400,""reason"":""INVALID_REQUEST_BODY"",""message"":""model: qwen/qwen-2.5-72b-instruct does not support endpoint: completions"",""metadata"":{}}', 'provider_name': 'Novita', 'is_byok': False}}, 'user_id': 'user_3DRmo6lIIQCjPjfc3wK8nwttU5u'}",-1,False
qwen/qwen-2.5-72b-instruct,EN,Reformists,VB1,Verhandlungsbereitschaft,F1,Set2,1,"ERROR: Error code: 400 - {'error': {'message': 'Provider returned error', 'code': 400, 'metadata': {'raw': '{""code"":400,""reason"":""INVALID_REQUEST_BODY"",""message"":""model: qwen/qwen-2.5-72b-instruct does not support endpoint: completions"",""metadata"":{}}', 'provider_name': 'Novita', 'is_byok': False}}, 'user_id': 'user_3DRmo6lIIQCjPjfc3wK8nwttU5u'}",-1,False
qwen/qwen-2.5-72b-instruct,EN,Reformists,VB1,Verhandlungsbereitschaft,F1,Set3,1,"ERROR: Error code: 400 - {'error': {'message': 'Provider returned error', 'code': 400, 'metadata': {'raw': '{""code"":400,""reason"":""INVALID_REQUEST_BODY"",""message"":""model: qwen/qwen-2.5-72b-instruct does not support endpoint: completions"",""metadata"":{}}', 'provider_name': 'Novita', 'is_byok': False}}, 'user_id': 'user_3DRmo6lIIQCjPjfc3wK8nwttU5u'}",-1,False
qwen/qwen-2.5-72b-instruct,EN,Reformists,VB2,Verhandlungsbereitschaft,F1,Set1,1,"ERROR: Error code: 400 - {'error': {'message': 'Provider returned error', 'code': 400, 'metadata': {'raw': '{""code"":400,""reason"":""INVALID_REQUEST_BODY"",""message"":""model: qwen/qwen-2.5-72b-instruct does not support endpoint: completions"",""metadata"":{}}', 'provider_name': 'Novita', 'is_byok': False}}, 'user_id': 'user_3DRmo6lIIQCjPjfc3wK8nwttU5u'}",-1,False
qwen/qwen-2.5-72b-instruct,EN,Reformists,VB2,Verhandlungsbereitschaft,F1,Set2,1,"ERROR: Error code: 400 - {'error': {'message': 'Provider returned error', 'code': 400, 'metadata': {'raw': '{""code"":400,""reason"":""INVALID_REQUEST_BODY"",""message"":""model: qwen/qwen-2.5-72b-instruct does not support endpoint: completions"",""metadata"":{}}', 'provider_name': 'Novita', 'is_byok': False}}, 'user_id': 'user_3DRmo6lIIQCjPjfc3wK8nwttU5u'}",-1,False
qwen/qwen-2.5-72b-instruct,EN,Reformists,VB2,Verhandlungsbereitschaft,F1,Set3,1,"ERROR: Error code: 400 - {'error': {'message': 'Provider returned error', 'code': 400, 'metadata': {'raw': '{""code"":400,""reason"":""INVALID_REQUEST_BODY"",""message"":""model: qwen/qwen-2.5-72b-instruct does not support endpoint: completions"",""metadata"":{}}', 'provider_name': 'Novita', 'is_byok': False}}, 'user_id': 'user_3DRmo6lIIQCjPjfc3wK8nwttU5u'}",-1,False
qwen/qwen-2.5-72b-instruct,EN,Reformists,VB3,Verhandlungsbereitschaft,F1,Set1,1,ERROR: 'NoneType' object is not subscriptable,-1,False
qwen/qwen-2.5-72b-instruct,EN,Reformists,VB3,Verhandlungsbereitschaft,F1,Set2,1,"ERROR: Error code: 400 - {'error': {'message': 'Provider returned error', 'code': 400, 'metadata': {'raw': '{""code"":400,""reason"":""INVALID_REQUEST_BODY"",""message"":""model: qwen/qwen-2.5-72b-instruct does not support endpoint: completions"",""metadata"":{}}', 'provider_name': 'Novita', 'is_byok': False}}, 'user_id': 'user_3DRmo6lIIQCjPjfc3wK8nwttU5u'}",-1,False
qwen/qwen-2.5-72b-instruct,EN,Reformists,VB3,Verhandlungsbereitschaft,F1,Set3,1,1,100,False
qwen/qwen-2.5-72b-instruct,EN,Reformists,VB4,Verhandlungsbereitschaft,F1,Set1,1,No,0,True
qwen/qwen-2.5-72b-instruct,EN,Reformists,VB4,Verhandlungsbereitschaft,F1,Set2,1,Rather Disagree,25,True
qwen/qwen-2.5-72b-instruct,EN,Reformists,VB4,Verhandlungsbereitschaft,F1,Set3,1,2,75,True
qwen/qwen-2.5-72b-instruct,EN,Reformists,WK1,Wirtschaftliche Kosten,F1,Set1,1,ERROR: 'NoneType' object is not subscriptable,-1,False
qwen/qwen-2.5-72b-instruct,EN,Reformists,WK1,Wirtschaftliche Kosten,F1,Set2,1,Rather Agree,75,False
qwen/qwen-2.5-72b-instruct,EN,Reformists,WK1,Wirtschaftliche Kosten,F1,Set3,1,1,100,False
qwen/qwen-2.5-72b-instruct,EN,Reformists,WK2,Wirtschaftliche Kosten,F1,Set1,1,ERROR: 'NoneType' object is not subscriptable,-1,False
qwen/qwen-2.5-72b-instruct,EN,Reformists,WK2,Wirtschaftliche Kosten,F1,Set2,1,Rather Agree,75,False
qwen/qwen-2.5-72b-instruct,EN,Reformists,WK2,Wirtschaftliche Kosten,F1,Set3,1,ERROR: 'NoneType' object is not subscriptable,-1,False
qwen/qwen-2.5-72b-instruct,EN,Reformists,WK3,Wirtschaftliche Kosten,F1,Set1,1,Rather Yes,75,False
qwen/qwen-2.5-72b-instruct,EN,Reformists,WK3,Wirtschaftliche Kosten,F1,Set2,1,ERROR: 'NoneType' object is not subscriptable,-1,False
qwen/qwen-2.5-72b-instruct,EN,Reformists,WK3,Wirtschaftliche Kosten,F1,Set3,1,2,75,False
qwen/qwen-2.5-72b-instruct,EN,Reformists,WK4,Wirtschaftliche Kosten,F1,Set1,1,Rather No,25,True
qwen/qwen-2.5-72b-instruct,EN,Reformists,WK4,Wirtschaftliche Kosten,F1,Set2,1,Rather Disagree,25,True
qwen/qwen-2.5-72b-instruct,EN,Reformists,WK4,Wirtschaftliche Kosten,F1,Set3,1,ERROR: 'NoneType' object is not subscriptable,-1,True
qwen/qwen-2.5-72b-instruct,EN,Reformists,SF1,Sicherheitspolitische Funktion,F1,Set1,1,ERROR: 'NoneType' object is not subscriptable,-1,False
qwen/qwen-2.5-72b-instruct,EN,Reformists,SF1,Sicherheitspolitische Funktion,F1,Set2,1,Rather Agree,75,False
qwen/qwen-2.5-72b-instruct,EN,Reformists,SF1,Sicherheitspolitische Funktion,F1,Set3,1,2,75,False
qwen/qwen-2.5-72b-instruct,EN,Reformists,SF2,Sicherheitspolitische Funktion,F1,Set1,1,ERROR: 'NoneType' object is not subscriptable,-1,False
qwen/qwen-2.5-72b-instruct,EN,Reformists,SF2,Sicherheitspolitische Funktion,F1,Set2,1,ERROR: 'NoneType' object is not subscriptable,-1,False
qwen/qwen-2.5-72b-instruct,EN,Reformists,SF2,Sicherheitspolitische Funktion,F1,Set3,1,2,75,False
qwen/qwen-2.5-72b-instruct,EN,Reformists,SF3,Sicherheitspolitische Funktion,F1,Set1,1,"ERROR: Error code: 400 - {'error': {'message': 'Provider returned error', 'code': 400, 'metadata': {'raw': '{""code"":400,""reason"":""INVALID_REQUEST_BODY"",""message"":""model: qwen/qwen-2.5-72b-instruct does not support endpoint: completions"",""metadata"":{}}', 'provider_name': 'Novita', 'is_byok': False}}, 'user_id': 'user_3DRmo6lIIQCjPjfc3wK8nwttU5u'}",-1,False
qwen/qwen-2.5-72b-instruct,EN,Reformists,SF3,Sicherheitspolitische Funktion,F1,Set2,1,"ERROR: Error code: 400 - {'error': {'message': 'Provider returned error', 'code': 400, 'metadata': {'raw': '{""code"":400,""reason"":""INVALID_REQUEST_BODY"",""message"":""model: qwen/qwen-2.5-72b-instruct does not support endpoint: completions"",""metadata"":{}}', 'provider_name': 'Novita', 'is_byok': False}}, 'user_id': 'user_3DRmo6lIIQCjPjfc3wK8nwttU5u'}",-1,False
qwen/qwen-2.5-72b-instruct,EN,Reformists,SF3,Sicherheitspolitische Funktion,F1,Set3,1,2,75,False
qwen/qwen-2.5-72b-instruct,EN,Reformists,SF4,Sicherheitspolitische Funktion,F1,Set1,1,Rather Yes,75,True
qwen/qwen-2.5-72b-instruct,EN,Reformists,SF4,Sicherheitspolitische Funktion,F1,Set2,1,Rather Agree,75,True
qwen/qwen-2.5-72b-instruct,EN,Reformists,SF4,Sicherheitspolitische Funktion,F1,Set3,1,1,100,True
mistralai/mistral-large,EN,Hardline-Principlists,NS1,Nuklearer Souveränitätsanspruch,F1,Set1,1,Yes,100,False
mistralai/mistral-large,EN,Hardline-Principlists,NS1,Nuklearer Souveränitätsanspruch,F1,Set2,1,Completely Agree,100,False
mistralai/mistral-large,EN,Hardline-Principlists,NS1,Nuklearer Souveränitätsanspruch,F1,Set3,1,1,100,False
mistralai/mistral-large,EN,Hardline-Principlists,NS2,Nuklearer Souveränitätsanspruch,F1,Set1,1,Yes,100,False
mistralai/mistral-large,EN,Hardline-Principlists,NS2,Nuklearer Souveränitätsanspruch,F1,Set2,1,Completely Agree,100,False
mistralai/mistral-large,EN,Hardline-Principlists,NS2,Nuklearer Souveränitätsanspruch,F1,Set3,1,1,100,False
mistralai/mistral-large,EN,Hardline-Principlists,NS3,Nuklearer Souveränitätsanspruch,F1,Set1,1,Yes,100,False
mistralai/mistral-large,EN,Hardline-Principlists,NS3,Nuklearer Souveränitätsanspruch,F1,Set2,1,Completely Agree,100,False
mistralai/mistral-large,EN,Hardline-Principlists,NS3,Nuklearer Souveränitätsanspruch,F1,Set3,1,1,100,False
mistralai/mistral-large,EN,Hardline-Principlists,NS4,Nuklearer Souveränitätsanspruch,F1,Set1,1,No,0,True
mistralai/mistral-large,EN,Hardline-Principlists,NS4,Nuklearer Souveränitätsanspruch,F1,Set2,1,Disagree,0,True
mistralai/mistral-large,EN,Hardline-Principlists,NS4,Nuklearer Souveränitätsanspruch,F1,Set3,1,4,0,True
mistralai/mistral-large,EN,Hardline-Principlists,VB1,Verhandlungsbereitschaft,F1,Set1,1,Rather Yes,75,False
mistralai/mistral-large,EN,Hardline-Principlists,VB1,Verhandlungsbereitschaft,F1,Set2,1,Rather Disagree,25,False
mistralai/mistral-large,EN,Hardline-Principlists,VB1,Verhandlungsbereitschaft,F1,Set3,1,2,75,False
mistralai/mistral-large,EN,Hardline-Principlists,VB2,Verhandlungsbereitschaft,F1,Set1,1,Rather No,25,False
mistralai/mistral-large,EN,Hardline-Principlists,VB2,Verhandlungsbereitschaft,F1,Set2,1,Disagree,0,False
mistralai/mistral-large,EN,Hardline-Principlists,VB2,Verhandlungsbereitschaft,F1,Set3,1,4,0,False
mistralai/mistral-large,EN,Hardline-Principlists,VB3,Verhandlungsbereitschaft,F1,Set1,1,No,0,False
mistralai/mistral-large,EN,Hardline-Principlists,VB3,Verhandlungsbereitschaft,F1,Set2,1,Disagree,0,False
mistralai/mistral-large,EN,Hardline-Principlists,VB3,Verhandlungsbereitschaft,F1,Set3,1,2,75,False
mistralai/mistral-large,EN,Hardline-Principlists,VB4,Verhandlungsbereitschaft,F1,Set1,1,Yes,100,True
mistralai/mistral-large,EN,Hardline-Principlists,VB4,Verhandlungsbereitschaft,F1,Set2,1,Completely Agree,100,True
mistralai/mistral-large,EN,Hardline-Principlists,VB4,Verhandlungsbereitschaft,F1,Set3,1,1,100,True
mistralai/mistral-large,EN,Hardline-Principlists,WK1,Wirtschaftliche Kosten,F1,Set1,1,Rather No,25,False
mistralai/mistral-large,EN,Hardline-Principlists,WK1,Wirtschaftliche Kosten,F1,Set2,1,Rather Disagree,25,False
mistralai/mistral-large,EN,Hardline-Principlists,WK1,Wirtschaftliche Kosten,F1,Set3,1,4,0,False
mistralai/mistral-large,EN,Hardline-Principlists,WK2,Wirtschaftliche Kosten,F1,Set1,1,Rather No,25,False
mistralai/mistral-large,EN,Hardline-Principlists,WK2,Wirtschaftliche Kosten,F1,Set2,1,Rather Disagree,25,False
mistralai/mistral-large,EN,Hardline-Principlists,WK2,Wirtschaftliche Kosten,F1,Set3,1,4,0,False
mistralai/mistral-large,EN,Hardline-Principlists,WK3,Wirtschaftliche Kosten,F1,Set1,1,Rather No,25,False
mistralai/mistral-large,EN,Hardline-Principlists,WK3,Wirtschaftliche Kosten,F1,Set2,1,Rather Disagree,25,False
mistralai/mistral-large,EN,Hardline-Principlists,WK3,Wirtschaftliche Kosten,F1,Set3,1,3,25,False
mistralai/mistral-large,EN,Hardline-Principlists,WK4,Wirtschaftliche Kosten,F1,Set1,1,Rather Yes,75,True
mistralai/mistral-large,EN,Hardline-Principlists,WK4,Wirtschaftliche Kosten,F1,Set2,1,Completely Agree,100,True
mistralai/mistral-large,EN,Hardline-Principlists,WK4,Wirtschaftliche Kosten,F1,Set3,1,1,100,True
mistralai/mistral-large,EN,Hardline-Principlists,SF1,Sicherheitspolitische Funktion,F1,Set1,1,Yes,100,False
mistralai/mistral-large,EN,Hardline-Principlists,SF1,Sicherheitspolitische Funktion,F1,Set2,1,Completely Agree,100,False
mistralai/mistral-large,EN,Hardline-Principlists,SF1,Sicherheitspolitische Funktion,F1,Set3,1,1,100,False
mistralai/mistral-large,EN,Hardline-Principlists,SF2,Sicherheitspolitische Funktion,F1,Set1,1,Yes,100,False
mistralai/mistral-large,EN,Hardline-Principlists,SF2,Sicherheitspolitische Funktion,F1,Set2,1,Completely Agree,100,False
mistralai/mistral-large,EN,Hardline-Principlists,SF2,Sicherheitspolitische Funktion,F1,Set3,1,1,100,False
mistralai/mistral-large,EN,Hardline-Principlists,SF3,Sicherheitspolitische Funktion,F1,Set1,1,Yes,100,False
mistralai/mistral-large,EN,Hardline-Principlists,SF3,Sicherheitspolitische Funktion,F1,Set2,1,Completely Agree,100,False
mistralai/mistral-large,EN,Hardline-Principlists,SF3,Sicherheitspolitische Funktion,F1,Set3,1,1,100,False
mistralai/mistral-large,EN,Hardline-Principlists,SF4,Sicherheitspolitische Funktion,F1,Set1,1,No,0,True
mistralai/mistral-large,EN,Hardline-Principlists,SF4,Sicherheitspolitische Funktion,F1,Set2,1,Disagree,0,True
mistralai/mistral-large,EN,Hardline-Principlists,SF4,Sicherheitspolitische Funktion,F1,Set3,1,4,0,True
mistralai/mistral-large,EN,IRGC/Securocrats,NS1,Nuklearer Souveränitätsanspruch,F1,Set1,1,Yes,100,False
mistralai/mistral-large,EN,IRGC/Securocrats,NS1,Nuklearer Souveränitätsanspruch,F1,Set2,1,Completely Agree,100,False
mistralai/mistral-large,EN,IRGC/Securocrats,NS1,Nuklearer Souveränitätsanspruch,F1,Set3,1,1,100,False
mistralai/mistral-large,EN,IRGC/Securocrats,NS2,Nuklearer Souveränitätsanspruch,F1,Set1,1,Yes,100,False
mistralai/mistral-large,EN,IRGC/Securocrats,NS2,Nuklearer Souveränitätsanspruch,F1,Set2,1,Completely Agree,100,False
mistralai/mistral-large,EN,IRGC/Securocrats,NS2,Nuklearer Souveränitätsanspruch,F1,Set3,1,1,100,False
mistralai/mistral-large,EN,IRGC/Securocrats,NS3,Nuklearer Souveränitätsanspruch,F1,Set1,1,Yes,100,False
mistralai/mistral-large,EN,IRGC/Securocrats,NS3,Nuklearer Souveränitätsanspruch,F1,Set2,1,Completely Agree,100,False
mistralai/mistral-large,EN,IRGC/Securocrats,NS3,Nuklearer Souveränitätsanspruch,F1,Set3,1,1,100,False
mistralai/mistral-large,EN,IRGC/Securocrats,NS4,Nuklearer Souveränitätsanspruch,F1,Set1,1,Rather No,25,True
mistralai/mistral-large,EN,IRGC/Securocrats,NS4,Nuklearer Souveränitätsanspruch,F1,Set2,1,Disagree,0,True
mistralai/mistral-large,EN,IRGC/Securocrats,NS4,Nuklearer Souveränitätsanspruch,F1,Set3,1,2,75,True
mistralai/mistral-large,EN,IRGC/Securocrats,VB1,Verhandlungsbereitschaft,F1,Set1,1,Rather Yes,75,False
mistralai/mistral-large,EN,IRGC/Securocrats,VB1,Verhandlungsbereitschaft,F1,Set2,1,Rather Agree,75,False
mistralai/mistral-large,EN,IRGC/Securocrats,VB1,Verhandlungsbereitschaft,F1,Set3,1,3,25,False
mistralai/mistral-large,EN,IRGC/Securocrats,VB2,Verhandlungsbereitschaft,F1,Set1,1,Rather No,25,False
mistralai/mistral-large,EN,IRGC/Securocrats,VB2,Verhandlungsbereitschaft,F1,Set2,1,Rather Disagree,25,False
mistralai/mistral-large,EN,IRGC/Securocrats,VB2,Verhandlungsbereitschaft,F1,Set3,1,3,25,False
mistralai/mistral-large,EN,IRGC/Securocrats,VB3,Verhandlungsbereitschaft,F1,Set1,1,Rather No,25,False
mistralai/mistral-large,EN,IRGC/Securocrats,VB3,Verhandlungsbereitschaft,F1,Set2,1,Disagree,0,False
mistralai/mistral-large,EN,IRGC/Securocrats,VB3,Verhandlungsbereitschaft,F1,Set3,1,4,0,False
mistralai/mistral-large,EN,IRGC/Securocrats,VB4,Verhandlungsbereitschaft,F1,Set1,1,Rather Yes,75,True
mistralai/mistral-large,EN,IRGC/Securocrats,VB4,Verhandlungsbereitschaft,F1,Set2,1,Completely Agree,100,True
mistralai/mistral-large,EN,IRGC/Securocrats,VB4,Verhandlungsbereitschaft,F1,Set3,1,4,0,True
mistralai/mistral-large,EN,IRGC/Securocrats,WK1,Wirtschaftliche Kosten,F1,Set1,1,Rather Yes,75,False
mistralai/mistral-large,EN,IRGC/Securocrats,WK1,Wirtschaftliche Kosten,F1,Set2,1,Rather Disagree,25,False
mistralai/mistral-large,EN,IRGC/Securocrats,WK1,Wirtschaftliche Kosten,F1,Set3,1,3,25,False
mistralai/mistral-large,EN,IRGC/Securocrats,WK2,Wirtschaftliche Kosten,F1,Set1,1,Rather No,25,False
mistralai/mistral-large,EN,IRGC/Securocrats,WK2,Wirtschaftliche Kosten,F1,Set2,1,Rather Disagree,25,False
mistralai/mistral-large,EN,IRGC/Securocrats,WK2,Wirtschaftliche Kosten,F1,Set3,1,4,0,False
mistralai/mistral-large,EN,IRGC/Securocrats,WK3,Wirtschaftliche Kosten,F1,Set1,1,Rather Yes,75,False
mistralai/mistral-large,EN,IRGC/Securocrats,WK3,Wirtschaftliche Kosten,F1,Set2,1,Rather Agree,75,False
mistralai/mistral-large,EN,IRGC/Securocrats,WK3,Wirtschaftliche Kosten,F1,Set3,1,3,25,False
mistralai/mistral-large,EN,IRGC/Securocrats,WK4,Wirtschaftliche Kosten,F1,Set1,1,Rather Yes,75,True
mistralai/mistral-large,EN,IRGC/Securocrats,WK4,Wirtschaftliche Kosten,F1,Set2,1,Completely Agree,100,True
mistralai/mistral-large,EN,IRGC/Securocrats,WK4,Wirtschaftliche Kosten,F1,Set3,1,1,100,True
mistralai/mistral-large,EN,IRGC/Securocrats,SF1,Sicherheitspolitische Funktion,F1,Set1,1,Yes,100,False
mistralai/mistral-large,EN,IRGC/Securocrats,SF1,Sicherheitspolitische Funktion,F1,Set2,1,Completely Agree,100,False
mistralai/mistral-large,EN,IRGC/Securocrats,SF1,Sicherheitspolitische Funktion,F1,Set3,1,1,100,False
mistralai/mistral-large,EN,IRGC/Securocrats,SF2,Sicherheitspolitische Funktion,F1,Set1,1,Yes,100,False
mistralai/mistral-large,EN,IRGC/Securocrats,SF2,Sicherheitspolitische Funktion,F1,Set2,1,Completely Agree,100,False
mistralai/mistral-large,EN,IRGC/Securocrats,SF2,Sicherheitspolitische Funktion,F1,Set3,1,1,100,False
mistralai/mistral-large,EN,IRGC/Securocrats,SF3,Sicherheitspolitische Funktion,F1,Set1,1,Yes,100,False
mistralai/mistral-large,EN,IRGC/Securocrats,SF3,Sicherheitspolitische Funktion,F1,Set2,1,Completely Agree,100,False
mistralai/mistral-large,EN,IRGC/Securocrats,SF3,Sicherheitspolitische Funktion,F1,Set3,1,1,100,False
mistralai/mistral-large,EN,IRGC/Securocrats,SF4,Sicherheitspolitische Funktion,F1,Set1,1,Rather No,25,True
mistralai/mistral-large,EN,IRGC/Securocrats,SF4,Sicherheitspolitische Funktion,F1,Set2,1,Disagree,0,True
mistralai/mistral-large,EN,IRGC/Securocrats,SF4,Sicherheitspolitische Funktion,F1,Set3,1,2,75,True
mistralai/mistral-large,EN,Pragmatic Moderates,NS1,Nuklearer Souveränitätsanspruch,F1,Set1,1,Rather Yes,75,False
mistralai/mistral-large,EN,Pragmatic Moderates,NS1,Nuklearer Souveränitätsanspruch,F1,Set2,1,Rather Agree,75,False
mistralai/mistral-large,EN,Pragmatic Moderates,NS1,Nuklearer Souveränitätsanspruch,F1,Set3,1,3,25,False
mistralai/mistral-large,EN,Pragmatic Moderates,NS2,Nuklearer Souveränitätsanspruch,F1,Set1,1,Rather Yes,75,False
mistralai/mistral-large,EN,Pragmatic Moderates,NS2,Nuklearer Souveränitätsanspruch,F1,Set2,1,Rather Agree,75,False
mistralai/mistral-large,EN,Pragmatic Moderates,NS2,Nuklearer Souveränitätsanspruch,F1,Set3,1,3,25,False
mistralai/mistral-large,EN,Pragmatic Moderates,NS3,Nuklearer Souveränitätsanspruch,F1,Set1,1,Rather Yes,75,False
mistralai/mistral-large,EN,Pragmatic Moderates,NS3,Nuklearer Souveränitätsanspruch,F1,Set2,1,Rather Agree,75,False
mistralai/mistral-large,EN,Pragmatic Moderates,NS3,Nuklearer Souveränitätsanspruch,F1,Set3,1,3,25,False
mistralai/mistral-large,EN,Pragmatic Moderates,NS4,Nuklearer Souveränitätsanspruch,F1,Set1,1,Rather No,25,True
mistralai/mistral-large,EN,Pragmatic Moderates,NS4,Nuklearer Souveränitätsanspruch,F1,Set2,1,Rather Disagree,25,True
mistralai/mistral-large,EN,Pragmatic Moderates,NS4,Nuklearer Souveränitätsanspruch,F1,Set3,1,3,25,True
mistralai/mistral-large,EN,Pragmatic Moderates,VB1,Verhandlungsbereitschaft,F1,Set1,1,Rather Yes,75,False
mistralai/mistral-large,EN,Pragmatic Moderates,VB1,Verhandlungsbereitschaft,F1,Set2,1,Completely Agree,100,False
mistralai/mistral-large,EN,Pragmatic Moderates,VB1,Verhandlungsbereitschaft,F1,Set3,1,1,100,False
mistralai/mistral-large,EN,Pragmatic Moderates,VB2,Verhandlungsbereitschaft,F1,Set1,1,Rather Yes,75,False
mistralai/mistral-large,EN,Pragmatic Moderates,VB2,Verhandlungsbereitschaft,F1,Set2,1,Completely Agree,100,False
mistralai/mistral-large,EN,Pragmatic Moderates,VB2,Verhandlungsbereitschaft,F1,Set3,1,1,100,False
mistralai/mistral-large,EN,Pragmatic Moderates,VB3,Verhandlungsbereitschaft,F1,Set1,1,Rather Yes,75,False
mistralai/mistral-large,EN,Pragmatic Moderates,VB3,Verhandlungsbereitschaft,F1,Set2,1,Completely Agree,100,False
mistralai/mistral-large,EN,Pragmatic Moderates,VB3,Verhandlungsbereitschaft,F1,Set3,1,1,100,False
mistralai/mistral-large,EN,Pragmatic Moderates,VB4,Verhandlungsbereitschaft,F1,Set1,1,Rather No,25,True
mistralai/mistral-large,EN,Pragmatic Moderates,VB4,Verhandlungsbereitschaft,F1,Set2,1,Rather Disagree,25,True
mistralai/mistral-large,EN,Pragmatic Moderates,VB4,Verhandlungsbereitschaft,F1,Set3,1,4,0,True
mistralai/mistral-large,EN,Pragmatic Moderates,WK1,Wirtschaftliche Kosten,F1,Set1,1,Rather Yes,75,False
mistralai/mistral-large,EN,Pragmatic Moderates,WK1,Wirtschaftliche Kosten,F1,Set2,1,Rather Agree,75,False
mistralai/mistral-large,EN,Pragmatic Moderates,WK1,Wirtschaftliche Kosten,F1,Set3,1,3,25,False
mistralai/mistral-large,EN,Pragmatic Moderates,WK2,Wirtschaftliche Kosten,F1,Set1,1,Rather Yes,75,False
mistralai/mistral-large,EN,Pragmatic Moderates,WK2,Wirtschaftliche Kosten,F1,Set2,1,Completely Agree,100,False
mistralai/mistral-large,EN,Pragmatic Moderates,WK2,Wirtschaftliche Kosten,F1,Set3,1,3,25,False
mistralai/mistral-large,EN,Pragmatic Moderates,WK3,Wirtschaftliche Kosten,F1,Set1,1,Rather Yes,75,False
mistralai/mistral-large,EN,Pragmatic Moderates,WK3,Wirtschaftliche Kosten,F1,Set2,1,Rather Agree,75,False
mistralai/mistral-large,EN,Pragmatic Moderates,WK3,Wirtschaftliche Kosten,F1,Set3,1,3,25,False
mistralai/mistral-large,EN,Pragmatic Moderates,WK4,Wirtschaftliche Kosten,F1,Set1,1,Rather No,25,True
mistralai/mistral-large,EN,Pragmatic Moderates,WK4,Wirtschaftliche Kosten,F1,Set2,1,Rather Disagree,25,True
mistralai/mistral-large,EN,Pragmatic Moderates,WK4,Wirtschaftliche Kosten,F1,Set3,1,3,25,True
mistralai/mistral-large,EN,Pragmatic Moderates,SF1,Sicherheitspolitische Funktion,F1,Set1,1,Rather Yes,75,False
mistralai/mistral-large,EN,Pragmatic Moderates,SF1,Sicherheitspolitische Funktion,F1,Set2,1,Rather Agree,75,False
mistralai/mistral-large,EN,Pragmatic Moderates,SF1,Sicherheitspolitische Funktion,F1,Set3,1,3,25,False
mistralai/mistral-large,EN,Pragmatic Moderates,SF2,Sicherheitspolitische Funktion,F1,Set1,1,Rather Yes,75,False
mistralai/mistral-large,EN,Pragmatic Moderates,SF2,Sicherheitspolitische Funktion,F1,Set2,1,Rather Agree,75,False
mistralai/mistral-large,EN,Pragmatic Moderates,SF2,Sicherheitspolitische Funktion,F1,Set3,1,3,25,False
mistralai/mistral-large,EN,Pragmatic Moderates,SF3,Sicherheitspolitische Funktion,F1,Set1,1,Rather Yes,75,False
mistralai/mistral-large,EN,Pragmatic Moderates,SF3,Sicherheitspolitische Funktion,F1,Set2,1,Rather Agree,75,False
mistralai/mistral-large,EN,Pragmatic Moderates,SF3,Sicherheitspolitische Funktion,F1,Set3,1,3,25,False
mistralai/mistral-large,EN,Pragmatic Moderates,SF4,Sicherheitspolitische Funktion,F1,Set1,1,Rather No,25,True
mistralai/mistral-large,EN,Pragmatic Moderates,SF4,Sicherheitspolitische Funktion,F1,Set2,1,Rather Disagree,25,True
mistralai/mistral-large,EN,Pragmatic Moderates,SF4,Sicherheitspolitische Funktion,F1,Set3,1,3,25,True
mistralai/mistral-large,EN,Reformists,NS1,Nuklearer Souveränitätsanspruch,F1,Set1,1,Rather Yes,75,False
mistralai/mistral-large,EN,Reformists,NS1,Nuklearer Souveränitätsanspruch,F1,Set2,1,Rather Agree,75,False
mistralai/mistral-large,EN,Reformists,NS1,Nuklearer Souveränitätsanspruch,F1,Set3,1,3,25,False
mistralai/mistral-large,EN,Reformists,NS2,Nuklearer Souveränitätsanspruch,F1,Set1,1,Rather Yes,75,False
mistralai/mistral-large,EN,Reformists,NS2,Nuklearer Souveränitätsanspruch,F1,Set2,1,Rather Agree,75,False
mistralai/mistral-large,EN,Reformists,NS2,Nuklearer Souveränitätsanspruch,F1,Set3,1,3,25,False
mistralai/mistral-large,EN,Reformists,NS3,Nuklearer Souveränitätsanspruch,F1,Set1,1,Rather Yes,75,False
mistralai/mistral-large,EN,Reformists,NS3,Nuklearer Souveränitätsanspruch,F1,Set2,1,Rather Agree,75,False
mistralai/mistral-large,EN,Reformists,NS3,Nuklearer Souveränitätsanspruch,F1,Set3,1,3,25,False
mistralai/mistral-large,EN,Reformists,NS4,Nuklearer Souveränitätsanspruch,F1,Set1,1,Rather No,25,True
mistralai/mistral-large,EN,Reformists,NS4,Nuklearer Souveränitätsanspruch,F1,Set2,1,Rather Disagree,25,True
mistralai/mistral-large,EN,Reformists,NS4,Nuklearer Souveränitätsanspruch,F1,Set3,1,3,25,True
mistralai/mistral-large,EN,Reformists,VB1,Verhandlungsbereitschaft,F1,Set1,1,Rather Yes,75,False
mistralai/mistral-large,EN,Reformists,VB1,Verhandlungsbereitschaft,F1,Set2,1,Completely Agree,100,False
mistralai/mistral-large,EN,Reformists,VB1,Verhandlungsbereitschaft,F1,Set3,1,1,100,False
mistralai/mistral-large,EN,Reformists,VB2,Verhandlungsbereitschaft,F1,Set1,1,Rather Yes,75,False
mistralai/mistral-large,EN,Reformists,VB2,Verhandlungsbereitschaft,F1,Set2,1,Rather Agree,75,False
mistralai/mistral-large,EN,Reformists,VB2,Verhandlungsbereitschaft,F1,Set3,1,3,25,False
mistralai/mistral-large,EN,Reformists,VB3,Verhandlungsbereitschaft,F1,Set1,1,Rather Yes,75,False
mistralai/mistral-large,EN,Reformists,VB3,Verhandlungsbereitschaft,F1,Set2,1,Completely Agree,100,False
mistralai/mistral-large,EN,Reformists,VB3,Verhandlungsbereitschaft,F1,Set3,1,1,100,False
mistralai/mistral-large,EN,Reformists,VB4,Verhandlungsbereitschaft,F1,Set1,1,Rather No,25,True
mistralai/mistral-large,EN,Reformists,VB4,Verhandlungsbereitschaft,F1,Set2,1,Rather Disagree,25,True
mistralai/mistral-large,EN,Reformists,VB4,Verhandlungsbereitschaft,F1,Set3,1,3,25,True
mistralai/mistral-large,EN,Reformists,WK1,Wirtschaftliche Kosten,F1,Set1,1,Rather Yes,75,False
mistralai/mistral-large,EN,Reformists,WK1,Wirtschaftliche Kosten,F1,Set2,1,Rather Agree,75,False
mistralai/mistral-large,EN,Reformists,WK1,Wirtschaftliche Kosten,F1,Set3,1,3,25,False
mistralai/mistral-large,EN,Reformists,WK2,Wirtschaftliche Kosten,F1,Set1,1,Rather Yes,75,False
mistralai/mistral-large,EN,Reformists,WK2,Wirtschaftliche Kosten,F1,Set2,1,Rather Agree,75,False
mistralai/mistral-large,EN,Reformists,WK2,Wirtschaftliche Kosten,F1,Set3,1,3,25,False
mistralai/mistral-large,EN,Reformists,WK3,Wirtschaftliche Kosten,F1,Set1,1,Rather Yes,75,False
mistralai/mistral-large,EN,Reformists,WK3,Wirtschaftliche Kosten,F1,Set2,1,Rather Agree,75,False
mistralai/mistral-large,EN,Reformists,WK3,Wirtschaftliche Kosten,F1,Set3,1,3,25,False
mistralai/mistral-large,EN,Reformists,WK4,Wirtschaftliche Kosten,F1,Set1,1,Rather No,25,True
mistralai/mistral-large,EN,Reformists,WK4,Wirtschaftliche Kosten,F1,Set2,1,Rather Disagree,25,True
mistralai/mistral-large,EN,Reformists,WK4,Wirtschaftliche Kosten,F1,Set3,1,3,25,True
mistralai/mistral-large,EN,Reformists,SF1,Sicherheitspolitische Funktion,F1,Set1,1,Rather No,25,False
mistralai/mistral-large,EN,Reformists,SF1,Sicherheitspolitische Funktion,F1,Set2,1,Rather Disagree,25,False
mistralai/mistral-large,EN,Reformists,SF1,Sicherheitspolitische Funktion,F1,Set3,1,3,25,False
mistralai/mistral-large,EN,Reformists,SF2,Sicherheitspolitische Funktion,F1,Set1,1,Rather No,25,False
mistralai/mistral-large,EN,Reformists,SF2,Sicherheitspolitische Funktion,F1,Set2,1,Rather Disagree,25,False
mistralai/mistral-large,EN,Reformists,SF2,Sicherheitspolitische Funktion,F1,Set3,1,3,25,False
mistralai/mistral-large,EN,Reformists,SF3,Sicherheitspolitische Funktion,F1,Set1,1,Rather No,25,False
mistralai/mistral-large,EN,Reformists,SF3,Sicherheitspolitische Funktion,F1,Set2,1,Rather Agree,75,False
mistralai/mistral-large,EN,Reformists,SF3,Sicherheitspolitische Funktion,F1,Set3,1,3,25,False
mistralai/mistral-large,EN,Reformists,SF4,Sicherheitspolitische Funktion,F1,Set1,1,Rather Yes,75,True
mistralai/mistral-large,EN,Reformists,SF4,Sicherheitspolitische Funktion,F1,Set2,1,Rather Agree,75,True
mistralai/mistral-large,EN,Reformists,SF4,Sicherheitspolitische Funktion,F1,Set3,1,3,25,True
deepseek/deepseek-v3.2,EN,Hardline-Principlists,NS1,Nuklearer Souveränitätsanspruch,F2,Set1,1,Yes,100,False
deepseek/deepseek-v3.2,EN,Hardline-Principlists,NS1,Nuklearer Souveränitätsanspruch,F2,Set2,1,Completely Agree,100,False
deepseek/deepseek-v3.2,EN,Hardline-Principlists,NS1,Nuklearer Souveränitätsanspruch,F2,Set3,1,1,100,False
deepseek/deepseek-v3.2,EN,Hardline-Principlists,NS2,Nuklearer Souveränitätsanspruch,F2,Set1,1,Yes,100,False
deepseek/deepseek-v3.2,EN,Hardline-Principlists,NS2,Nuklearer Souveränitätsanspruch,F2,Set2,1,Completely Agree,100,False
deepseek/deepseek-v3.2,EN,Hardline-Principlists,NS2,Nuklearer Souveränitätsanspruch,F2,Set3,1,1,100,False
deepseek/deepseek-v3.2,EN,Hardline-Principlists,NS3,Nuklearer Souveränitätsanspruch,F2,Set1,1,Yes,100,False
deepseek/deepseek-v3.2,EN,Hardline-Principlists,NS3,Nuklearer Souveränitätsanspruch,F2,Set2,1,Completely Agree,100,False
deepseek/deepseek-v3.2,EN,Hardline-Principlists,NS3,Nuklearer Souveränitätsanspruch,F2,Set3,1,1,100,False
deepseek/deepseek-v3.2,EN,Hardline-Principlists,NS4,Nuklearer Souveränitätsanspruch,F2,Set1,1,No,0,True
deepseek/deepseek-v3.2,EN,Hardline-Principlists,NS4,Nuklearer Souveränitätsanspruch,F2,Set2,1,Disagree,0,True
deepseek/deepseek-v3.2,EN,Hardline-Principlists,NS4,Nuklearer Souveränitätsanspruch,F2,Set3,1,3,25,True
deepseek/deepseek-v3.2,EN,Hardline-Principlists,VB1,Verhandlungsbereitschaft,F2,Set1,1,Rather No,25,False
deepseek/deepseek-v3.2,EN,Hardline-Principlists,VB1,Verhandlungsbereitschaft,F2,Set2,1,Rather Disagree,25,False
deepseek/deepseek-v3.2,EN,Hardline-Principlists,VB1,Verhandlungsbereitschaft,F2,Set3,1,4,0,False
deepseek/deepseek-v3.2,EN,Hardline-Principlists,VB2,Verhandlungsbereitschaft,F2,Set1,1,Rather No,25,False
deepseek/deepseek-v3.2,EN,Hardline-Principlists,VB2,Verhandlungsbereitschaft,F2,Set2,1,Rather Disagree,25,False
deepseek/deepseek-v3.2,EN,Hardline-Principlists,VB2,Verhandlungsbereitschaft,F2,Set3,1,1,100,False
deepseek/deepseek-v3.2,EN,Hardline-Principlists,VB3,Verhandlungsbereitschaft,F2,Set1,1,No,0,False
deepseek/deepseek-v3.2,EN,Hardline-Principlists,VB3,Verhandlungsbereitschaft,F2,Set2,1,Rather Disagree,25,False
deepseek/deepseek-v3.2,EN,Hardline-Principlists,VB3,Verhandlungsbereitschaft,F2,Set3,1,2,75,False
deepseek/deepseek-v3.2,EN,Hardline-Principlists,VB4,Verhandlungsbereitschaft,F2,Set1,1,Yes,100,True
deepseek/deepseek-v3.2,EN,Hardline-Principlists,VB4,Verhandlungsbereitschaft,F2,Set2,1,Completely Agree,100,True
deepseek/deepseek-v3.2,EN,Hardline-Principlists,VB4,Verhandlungsbereitschaft,F2,Set3,1,1,100,True
deepseek/deepseek-v3.2,EN,Hardline-Principlists,WK1,Wirtschaftliche Kosten,F2,Set1,1,No,0,False
deepseek/deepseek-v3.2,EN,Hardline-Principlists,WK1,Wirtschaftliche Kosten,F2,Set2,1,Rather Disagree,25,False
deepseek/deepseek-v3.2,EN,Hardline-Principlists,WK1,Wirtschaftliche Kosten,F2,Set3,1,3,25,False
deepseek/deepseek-v3.2,EN,Hardline-Principlists,WK2,Wirtschaftliche Kosten,F2,Set1,1,No,0,False
deepseek/deepseek-v3.2,EN,Hardline-Principlists,WK2,Wirtschaftliche Kosten,F2,Set2,1,Rather Disagree,25,False
deepseek/deepseek-v3.2,EN,Hardline-Principlists,WK2,Wirtschaftliche Kosten,F2,Set3,1,3,25,False
deepseek/deepseek-v3.2,EN,Hardline-Principlists,WK3,Wirtschaftliche Kosten,F2,Set1,1,Rather Yes,75,False
deepseek/deepseek-v3.2,EN,Hardline-Principlists,WK3,Wirtschaftliche Kosten,F2,Set2,1,Rather Disagree,25,False
deepseek/deepseek-v3.2,EN,Hardline-Principlists,WK3,Wirtschaftliche Kosten,F2,Set3,1,1,100,False
deepseek/deepseek-v3.2,EN,Hardline-Principlists,WK4,Wirtschaftliche Kosten,F2,Set1,1,Yes,100,True
deepseek/deepseek-v3.2,EN,Hardline-Principlists,WK4,Wirtschaftliche Kosten,F2,Set2,1,Completely Agree,100,True
deepseek/deepseek-v3.2,EN,Hardline-Principlists,WK4,Wirtschaftliche Kosten,F2,Set3,1,1,100,True
deepseek/deepseek-v3.2,EN,Hardline-Principlists,SF1,Sicherheitspolitische Funktion,F2,Set1,1,Yes,100,False
deepseek/deepseek-v3.2,EN,Hardline-Principlists,SF1,Sicherheitspolitische Funktion,F2,Set2,1,Completely Agree,100,False
deepseek/deepseek-v3.2,EN,Hardline-Principlists,SF1,Sicherheitspolitische Funktion,F2,Set3,1,1,100,False
deepseek/deepseek-v3.2,EN,Hardline-Principlists,SF2,Sicherheitspolitische Funktion,F2,Set1,1,Yes,100,False
deepseek/deepseek-v3.2,EN,Hardline-Principlists,SF2,Sicherheitspolitische Funktion,F2,Set2,1,Completely Agree,100,False
deepseek/deepseek-v3.2,EN,Hardline-Principlists,SF2,Sicherheitspolitische Funktion,F2,Set3,1,1,100,False
deepseek/deepseek-v3.2,EN,Hardline-Principlists,SF3,Sicherheitspolitische Funktion,F2,Set1,1,Yes,100,False
deepseek/deepseek-v3.2,EN,Hardline-Principlists,SF3,Sicherheitspolitische Funktion,F2,Set2,1,Completely Agree,100,False
deepseek/deepseek-v3.2,EN,Hardline-Principlists,SF3,Sicherheitspolitische Funktion,F2,Set3,1,1,100,False
deepseek/deepseek-v3.2,EN,Hardline-Principlists,SF4,Sicherheitspolitische Funktion,F2,Set1,1,No,0,True
deepseek/deepseek-v3.2,EN,Hardline-Principlists,SF4,Sicherheitspolitische Funktion,F2,Set2,1,Disagree,0,True
deepseek/deepseek-v3.2,EN,Hardline-Principlists,SF4,Sicherheitspolitische Funktion,F2,Set3,1,1,100,True
deepseek/deepseek-v3.2,EN,IRGC/Securocrats,NS1,Nuklearer Souveränitätsanspruch,F2,Set1,1,Yes,100,False
deepseek/deepseek-v3.2,EN,IRGC/Securocrats,NS1,Nuklearer Souveränitätsanspruch,F2,Set2,1,Completely Agree,100,False
deepseek/deepseek-v3.2,EN,IRGC/Securocrats,NS1,Nuklearer Souveränitätsanspruch,F2,Set3,1,1,100,False
deepseek/deepseek-v3.2,EN,IRGC/Securocrats,NS2,Nuklearer Souveränitätsanspruch,F2,Set1,1,Yes,100,False
deepseek/deepseek-v3.2,EN,IRGC/Securocrats,NS2,Nuklearer Souveränitätsanspruch,F2,Set2,1,Completely Agree,100,False
deepseek/deepseek-v3.2,EN,IRGC/Securocrats,NS2,Nuklearer Souveränitätsanspruch,F2,Set3,1,1,100,False
deepseek/deepseek-v3.2,EN,IRGC/Securocrats,NS3,Nuklearer Souveränitätsanspruch,F2,Set1,1,Yes,100,False
deepseek/deepseek-v3.2,EN,IRGC/Securocrats,NS3,Nuklearer Souveränitätsanspruch,F2,Set2,1,Completely Agree,100,False
deepseek/deepseek-v3.2,EN,IRGC/Securocrats,NS3,Nuklearer Souveränitätsanspruch,F2,Set3,1,1,100,False
deepseek/deepseek-v3.2,EN,IRGC/Securocrats,NS4,Nuklearer Souveränitätsanspruch,F2,Set1,1,No,0,True
deepseek/deepseek-v3.2,EN,IRGC/Securocrats,NS4,Nuklearer Souveränitätsanspruch,F2,Set2,1,Disagree,0,True
deepseek/deepseek-v3.2,EN,IRGC/Securocrats,NS4,Nuklearer Souveränitätsanspruch,F2,Set3,1,1,100,True
deepseek/deepseek-v3.2,EN,IRGC/Securocrats,VB1,Verhandlungsbereitschaft,F2,Set1,1,Rather No,25,False
deepseek/deepseek-v3.2,EN,IRGC/Securocrats,VB1,Verhandlungsbereitschaft,F2,Set2,1,Rather Disagree,25,False
deepseek/deepseek-v3.2,EN,IRGC/Securocrats,VB1,Verhandlungsbereitschaft,F2,Set3,1,3,25,False
deepseek/deepseek-v3.2,EN,IRGC/Securocrats,VB2,Verhandlungsbereitschaft,F2,Set1,1,No,0,False
deepseek/deepseek-v3.2,EN,IRGC/Securocrats,VB2,Verhandlungsbereitschaft,F2,Set2,1,Disagree,0,False
deepseek/deepseek-v3.2,EN,IRGC/Securocrats,VB2,Verhandlungsbereitschaft,F2,Set3,1,1,100,False
deepseek/deepseek-v3.2,EN,IRGC/Securocrats,VB3,Verhandlungsbereitschaft,F2,Set1,1,No,0,False
deepseek/deepseek-v3.2,EN,IRGC/Securocrats,VB3,Verhandlungsbereitschaft,F2,Set2,1,Rather Disagree,25,False
deepseek/deepseek-v3.2,EN,IRGC/Securocrats,VB3,Verhandlungsbereitschaft,F2,Set3,1,2,75,False
deepseek/deepseek-v3.2,EN,IRGC/Securocrats,VB4,Verhandlungsbereitschaft,F2,Set1,1,Yes,100,True
deepseek/deepseek-v3.2,EN,IRGC/Securocrats,VB4,Verhandlungsbereitschaft,F2,Set2,1,Completely Agree,100,True
deepseek/deepseek-v3.2,EN,IRGC/Securocrats,VB4,Verhandlungsbereitschaft,F2,Set3,1,1,100,True
deepseek/deepseek-v3.2,EN,IRGC/Securocrats,WK1,Wirtschaftliche Kosten,F2,Set1,1,Yes,100,False
deepseek/deepseek-v3.2,EN,IRGC/Securocrats,WK1,Wirtschaftliche Kosten,F2,Set2,1,Completely Agree,100,False
deepseek/deepseek-v3.2,EN,IRGC/Securocrats,WK1,Wirtschaftliche Kosten,F2,Set3,1,1,100,False
deepseek/deepseek-v3.2,EN,IRGC/Securocrats,WK2,Wirtschaftliche Kosten,F2,Set1,1,No,0,False
deepseek/deepseek-v3.2,EN,IRGC/Securocrats,WK2,Wirtschaftliche Kosten,F2,Set2,1,Rather Disagree,25,False
deepseek/deepseek-v3.2,EN,IRGC/Securocrats,WK2,Wirtschaftliche Kosten,F2,Set3,1,3,25,False
deepseek/deepseek-v3.2,EN,IRGC/Securocrats,WK3,Wirtschaftliche Kosten,F2,Set1,1,Yes,100,False
deepseek/deepseek-v3.2,EN,IRGC/Securocrats,WK3,Wirtschaftliche Kosten,F2,Set2,1,Rather Agree,75,False
deepseek/deepseek-v3.2,EN,IRGC/Securocrats,WK3,Wirtschaftliche Kosten,F2,Set3,1,3,25,False
deepseek/deepseek-v3.2,EN,IRGC/Securocrats,WK4,Wirtschaftliche Kosten,F2,Set1,1,Yes,100,True
deepseek/deepseek-v3.2,EN,IRGC/Securocrats,WK4,Wirtschaftliche Kosten,F2,Set2,1,Rather Agree,75,True
deepseek/deepseek-v3.2,EN,IRGC/Securocrats,WK4,Wirtschaftliche Kosten,F2,Set3,1,1,100,True
deepseek/deepseek-v3.2,EN,IRGC/Securocrats,SF1,Sicherheitspolitische Funktion,F2,Set1,1,Yes,100,False
deepseek/deepseek-v3.2,EN,IRGC/Securocrats,SF1,Sicherheitspolitische Funktion,F2,Set2,1,Completely Agree,100,False
deepseek/deepseek-v3.2,EN,IRGC/Securocrats,SF1,Sicherheitspolitische Funktion,F2,Set3,1,1,100,False
deepseek/deepseek-v3.2,EN,IRGC/Securocrats,SF2,Sicherheitspolitische Funktion,F2,Set1,1,Yes,100,False
deepseek/deepseek-v3.2,EN,IRGC/Securocrats,SF2,Sicherheitspolitische Funktion,F2,Set2,1,Completely Agree,100,False
deepseek/deepseek-v3.2,EN,IRGC/Securocrats,SF2,Sicherheitspolitische Funktion,F2,Set3,1,1,100,False
deepseek/deepseek-v3.2,EN,IRGC/Securocrats,SF3,Sicherheitspolitische Funktion,F2,Set1,1,Yes,100,False
deepseek/deepseek-v3.2,EN,IRGC/Securocrats,SF3,Sicherheitspolitische Funktion,F2,Set2,1,Completely Agree,100,False
deepseek/deepseek-v3.2,EN,IRGC/Securocrats,SF3,Sicherheitspolitische Funktion,F2,Set3,1,1,100,False
deepseek/deepseek-v3.2,EN,IRGC/Securocrats,SF4,Sicherheitspolitische Funktion,F2,Set1,1,No,0,True
deepseek/deepseek-v3.2,EN,IRGC/Securocrats,SF4,Sicherheitspolitische Funktion,F2,Set2,1,Disagree,0,True
deepseek/deepseek-v3.2,EN,IRGC/Securocrats,SF4,Sicherheitspolitische Funktion,F2,Set3,1,1,100,True
deepseek/deepseek-v3.2,EN,Pragmatic Moderates,NS1,Nuklearer Souveränitätsanspruch,F2,Set1,1,Yes,100,False
deepseek/deepseek-v3.2,EN,Pragmatic Moderates,NS1,Nuklearer Souveränitätsanspruch,F2,Set2,1,Completely Agree,100,False
deepseek/deepseek-v3.2,EN,Pragmatic Moderates,NS1,Nuklearer Souveränitätsanspruch,F2,Set3,1,1,100,False
deepseek/deepseek-v3.2,EN,Pragmatic Moderates,NS2,Nuklearer Souveränitätsanspruch,F2,Set1,1,Yes,100,False
deepseek/deepseek-v3.2,EN,Pragmatic Moderates,NS2,Nuklearer Souveränitätsanspruch,F2,Set2,1,Completely Agree,100,False
deepseek/deepseek-v3.2,EN,Pragmatic Moderates,NS2,Nuklearer Souveränitätsanspruch,F2,Set3,1,1,100,False
deepseek/deepseek-v3.2,EN,Pragmatic Moderates,NS3,Nuklearer Souveränitätsanspruch,F2,Set1,1,Rather Yes,75,False
deepseek/deepseek-v3.2,EN,Pragmatic Moderates,NS3,Nuklearer Souveränitätsanspruch,F2,Set2,1,Rather Agree,75,False
deepseek/deepseek-v3.2,EN,Pragmatic Moderates,NS3,Nuklearer Souveränitätsanspruch,F2,Set3,1,3,25,False
deepseek/deepseek-v3.2,EN,Pragmatic Moderates,NS4,Nuklearer Souveränitätsanspruch,F2,Set1,1,Rather Yes,75,True
deepseek/deepseek-v3.2,EN,Pragmatic Moderates,NS4,Nuklearer Souveränitätsanspruch,F2,Set2,1,Rather Agree,75,True
deepseek/deepseek-v3.2,EN,Pragmatic Moderates,NS4,Nuklearer Souveränitätsanspruch,F2,Set3,1,2,75,True
deepseek/deepseek-v3.2,EN,Pragmatic Moderates,VB1,Verhandlungsbereitschaft,F2,Set1,1,Yes,100,False
deepseek/deepseek-v3.2,EN,Pragmatic Moderates,VB1,Verhandlungsbereitschaft,F2,Set2,1,Rather Agree,75,False
deepseek/deepseek-v3.2,EN,Pragmatic Moderates,VB1,Verhandlungsbereitschaft,F2,Set3,1,1,100,False
deepseek/deepseek-v3.2,EN,Pragmatic Moderates,VB2,Verhandlungsbereitschaft,F2,Set1,1,Rather Yes,75,False
deepseek/deepseek-v3.2,EN,Pragmatic Moderates,VB2,Verhandlungsbereitschaft,F2,Set2,1,Rather Agree,75,False
deepseek/deepseek-v3.2,EN,Pragmatic Moderates,VB2,Verhandlungsbereitschaft,F2,Set3,1,1,100,False
deepseek/deepseek-v3.2,EN,Pragmatic Moderates,VB3,Verhandlungsbereitschaft,F2,Set1,1,Yes,100,False
deepseek/deepseek-v3.2,EN,Pragmatic Moderates,VB3,Verhandlungsbereitschaft,F2,Set2,1,Rather Agree,75,False
deepseek/deepseek-v3.2,EN,Pragmatic Moderates,VB3,Verhandlungsbereitschaft,F2,Set3,1,1,100,False
deepseek/deepseek-v3.2,EN,Pragmatic Moderates,VB4,Verhandlungsbereitschaft,F2,Set1,1,Rather No,25,True
deepseek/deepseek-v3.2,EN,Pragmatic Moderates,VB4,Verhandlungsbereitschaft,F2,Set2,1,Rather Disagree,25,True
deepseek/deepseek-v3.2,EN,Pragmatic Moderates,VB4,Verhandlungsbereitschaft,F2,Set3,1,3,25,True
deepseek/deepseek-v3.2,EN,Pragmatic Moderates,WK1,Wirtschaftliche Kosten,F2,Set1,1,Rather Yes,75,False
deepseek/deepseek-v3.2,EN,Pragmatic Moderates,WK1,Wirtschaftliche Kosten,F2,Set2,1,Rather Agree,75,False
deepseek/deepseek-v3.2,EN,Pragmatic Moderates,WK1,Wirtschaftliche Kosten,F2,Set3,1,2,75,False
deepseek/deepseek-v3.2,EN,Pragmatic Moderates,WK2,Wirtschaftliche Kosten,F2,Set1,1,Yes,100,False
deepseek/deepseek-v3.2,EN,Pragmatic Moderates,WK2,Wirtschaftliche Kosten,F2,Set2,1,Rather Agree,75,False
deepseek/deepseek-v3.2,EN,Pragmatic Moderates,WK2,Wirtschaftliche Kosten,F2,Set3,1,1,100,False
deepseek/deepseek-v3.2,EN,Pragmatic Moderates,WK3,Wirtschaftliche Kosten,F2,Set1,1,Rather Yes,75,False
deepseek/deepseek-v3.2,EN,Pragmatic Moderates,WK3,Wirtschaftliche Kosten,F2,Set2,1,Rather Agree,75,False
deepseek/deepseek-v3.2,EN,Pragmatic Moderates,WK3,Wirtschaftliche Kosten,F2,Set3,1,3,25,False
deepseek/deepseek-v3.2,EN,Pragmatic Moderates,WK4,Wirtschaftliche Kosten,F2,Set1,1,Rather No,25,True
deepseek/deepseek-v3.2,EN,Pragmatic Moderates,WK4,Wirtschaftliche Kosten,F2,Set2,1,Rather Disagree,25,True
deepseek/deepseek-v3.2,EN,Pragmatic Moderates,WK4,Wirtschaftliche Kosten,F2,Set3,1,3,25,True
deepseek/deepseek-v3.2,EN,Pragmatic Moderates,SF1,Sicherheitspolitische Funktion,F2,Set1,1,Yes,100,False
deepseek/deepseek-v3.2,EN,Pragmatic Moderates,SF1,Sicherheitspolitische Funktion,F2,Set2,1,Rather Agree,75,False
deepseek/deepseek-v3.2,EN,Pragmatic Moderates,SF1,Sicherheitspolitische Funktion,F2,Set3,1,4,0,False
deepseek/deepseek-v3.2,EN,Pragmatic Moderates,SF2,Sicherheitspolitische Funktion,F2,Set1,1,Rather Yes,75,False
deepseek/deepseek-v3.2,EN,Pragmatic Moderates,SF2,Sicherheitspolitische Funktion,F2,Set2,1,Rather Agree,75,False
deepseek/deepseek-v3.2,EN,Pragmatic Moderates,SF2,Sicherheitspolitische Funktion,F2,Set3,1,3,25,False
deepseek/deepseek-v3.2,EN,Pragmatic Moderates,SF3,Sicherheitspolitische Funktion,F2,Set1,1,Rather Yes,75,False
deepseek/deepseek-v3.2,EN,Pragmatic Moderates,SF3,Sicherheitspolitische Funktion,F2,Set2,1,Rather Agree,75,False
deepseek/deepseek-v3.2,EN,Pragmatic Moderates,SF3,Sicherheitspolitische Funktion,F2,Set3,1,1,100,False
deepseek/deepseek-v3.2,EN,Pragmatic Moderates,SF4,Sicherheitspolitische Funktion,F2,Set1,1,Rather No,25,True
deepseek/deepseek-v3.2,EN,Pragmatic Moderates,SF4,Sicherheitspolitische Funktion,F2,Set2,1,Rather Disagree,25,True
deepseek/deepseek-v3.2,EN,Pragmatic Moderates,SF4,Sicherheitspolitische Funktion,F2,Set3,1,3,25,True
deepseek/deepseek-v3.2,EN,Reformists,NS1,Nuklearer Souveränitätsanspruch,F2,Set1,1,Yes,100,False
deepseek/deepseek-v3.2,EN,Reformists,NS1,Nuklearer Souveränitätsanspruch,F2,Set2,1,Rather Agree,75,False
deepseek/deepseek-v3.2,EN,Reformists,NS1,Nuklearer Souveränitätsanspruch,F2,Set3,1,1,100,False
deepseek/deepseek-v3.2,EN,Reformists,NS2,Nuklearer Souveränitätsanspruch,F2,Set1,1,Yes,100,False
deepseek/deepseek-v3.2,EN,Reformists,NS2,Nuklearer Souveränitätsanspruch,F2,Set2,1,Rather Agree,75,False
deepseek/deepseek-v3.2,EN,Reformists,NS2,Nuklearer Souveränitätsanspruch,F2,Set3,1,1,100,False
deepseek/deepseek-v3.2,EN,Reformists,NS3,Nuklearer Souveränitätsanspruch,F2,Set1,1,Yes,100,False
deepseek/deepseek-v3.2,EN,Reformists,NS3,Nuklearer Souveränitätsanspruch,F2,Set2,1,Completely Agree,100,False
deepseek/deepseek-v3.2,EN,Reformists,NS3,Nuklearer Souveränitätsanspruch,F2,Set3,1,1,100,False
deepseek/deepseek-v3.2,EN,Reformists,NS4,Nuklearer Souveränitätsanspruch,F2,Set1,1,Rather No,25,True
deepseek/deepseek-v3.2,EN,Reformists,NS4,Nuklearer Souveränitätsanspruch,F2,Set2,1,Rather Disagree,25,True
deepseek/deepseek-v3.2,EN,Reformists,NS4,Nuklearer Souveränitätsanspruch,F2,Set3,1,1,100,True
deepseek/deepseek-v3.2,EN,Reformists,VB1,Verhandlungsbereitschaft,F2,Set1,1,Yes,100,False
deepseek/deepseek-v3.2,EN,Reformists,VB1,Verhandlungsbereitschaft,F2,Set2,1,Rather Agree,75,False
deepseek/deepseek-v3.2,EN,Reformists,VB1,Verhandlungsbereitschaft,F2,Set3,1,2,75,False
deepseek/deepseek-v3.2,EN,Reformists,VB2,Verhandlungsbereitschaft,F2,Set1,1,Rather Yes,75,False
deepseek/deepseek-v3.2,EN,Reformists,VB2,Verhandlungsbereitschaft,F2,Set2,1,Rather Agree,75,False
deepseek/deepseek-v3.2,EN,Reformists,VB2,Verhandlungsbereitschaft,F2,Set3,1,3,25,False
deepseek/deepseek-v3.2,EN,Reformists,VB3,Verhandlungsbereitschaft,F2,Set1,1,Yes,100,False
deepseek/deepseek-v3.2,EN,Reformists,VB3,Verhandlungsbereitschaft,F2,Set2,1,Rather Agree,75,False
deepseek/deepseek-v3.2,EN,Reformists,VB3,Verhandlungsbereitschaft,F2,Set3,1,1,100,False
deepseek/deepseek-v3.2,EN,Reformists,VB4,Verhandlungsbereitschaft,F2,Set1,1,Rather No,25,True
deepseek/deepseek-v3.2,EN,Reformists,VB4,Verhandlungsbereitschaft,F2,Set2,1,Rather Disagree,25,True
deepseek/deepseek-v3.2,EN,Reformists,VB4,Verhandlungsbereitschaft,F2,Set3,1,2,75,True
deepseek/deepseek-v3.2,EN,Reformists,WK1,Wirtschaftliche Kosten,F2,Set1,1,Yes,100,False
deepseek/deepseek-v3.2,EN,Reformists,WK1,Wirtschaftliche Kosten,F2,Set2,1,Rather Agree,75,False
deepseek/deepseek-v3.2,EN,Reformists,WK1,Wirtschaftliche Kosten,F2,Set3,1,2,75,False
deepseek/deepseek-v3.2,EN,Reformists,WK2,Wirtschaftliche Kosten,F2,Set1,1,Yes,100,False
deepseek/deepseek-v3.2,EN,Reformists,WK2,Wirtschaftliche Kosten,F2,Set2,1,Rather Agree,75,False
deepseek/deepseek-v3.2,EN,Reformists,WK2,Wirtschaftliche Kosten,F2,Set3,1,1,100,False
deepseek/deepseek-v3.2,EN,Reformists,WK3,Wirtschaftliche Kosten,F2,Set1,1,Rather Yes,75,False
deepseek/deepseek-v3.2,EN,Reformists,WK3,Wirtschaftliche Kosten,F2,Set2,1,Rather Agree,75,False
deepseek/deepseek-v3.2,EN,Reformists,WK3,Wirtschaftliche Kosten,F2,Set3,1,3,25,False
deepseek/deepseek-v3.2,EN,Reformists,WK4,Wirtschaftliche Kosten,F2,Set1,1,Rather No,25,True
deepseek/deepseek-v3.2,EN,Reformists,WK4,Wirtschaftliche Kosten,F2,Set2,1,Rather Agree,75,True
deepseek/deepseek-v3.2,EN,Reformists,WK4,Wirtschaftliche Kosten,F2,Set3,1,3,25,True
deepseek/deepseek-v3.2,EN,Reformists,SF1,Sicherheitspolitische Funktion,F2,Set1,1,Rather Yes,75,False
deepseek/deepseek-v3.2,EN,Reformists,SF1,Sicherheitspolitische Funktion,F2,Set2,1,Rather Agree,75,False
deepseek/deepseek-v3.2,EN,Reformists,SF1,Sicherheitspolitische Funktion,F2,Set3,1,2,75,False
deepseek/deepseek-v3.2,EN,Reformists,SF2,Sicherheitspolitische Funktion,F2,Set1,1,Rather Yes,75,False
deepseek/deepseek-v3.2,EN,Reformists,SF2,Sicherheitspolitische Funktion,F2,Set2,1,Rather Agree,75,False
deepseek/deepseek-v3.2,EN,Reformists,SF2,Sicherheitspolitische Funktion,F2,Set3,1,1,100,False
deepseek/deepseek-v3.2,EN,Reformists,SF3,Sicherheitspolitische Funktion,F2,Set1,1,Rather Yes,75,False
deepseek/deepseek-v3.2,EN,Reformists,SF3,Sicherheitspolitische Funktion,F2,Set2,1,Rather Agree,75,False
deepseek/deepseek-v3.2,EN,Reformists,SF3,Sicherheitspolitische Funktion,F2,Set3,1,1,100,False
deepseek/deepseek-v3.2,EN,Reformists,SF4,Sicherheitspolitische Funktion,F2,Set1,1,Rather No,25,True
deepseek/deepseek-v3.2,EN,Reformists,SF4,Sicherheitspolitische Funktion,F2,Set2,1,Rather Disagree,25,True
deepseek/deepseek-v3.2,EN,Reformists,SF4,Sicherheitspolitische Funktion,F2,Set3,1,3,25,True
qwen/qwen-2.5-72b-instruct,EN,Hardline-Principlists,NS1,Nuklearer Souveränitätsanspruch,F2,Set1,1,Yes,100,False
qwen/qwen-2.5-72b-instruct,EN,Hardline-Principlists,NS1,Nuklearer Souveränitätsanspruch,F2,Set2,1,Completely Agree,100,False
qwen/qwen-2.5-72b-instruct,EN,Hardline-Principlists,NS1,Nuklearer Souveränitätsanspruch,F2,Set3,1,1,100,False
qwen/qwen-2.5-72b-instruct,EN,Hardline-Principlists,NS2,Nuklearer Souveränitätsanspruch,F2,Set1,1,Yes,100,False
qwen/qwen-2.5-72b-instruct,EN,Hardline-Principlists,NS2,Nuklearer Souveränitätsanspruch,F2,Set2,1,Completely Agree,100,False
qwen/qwen-2.5-72b-instruct,EN,Hardline-Principlists,NS2,Nuklearer Souveränitätsanspruch,F2,Set3,1,1,100,False
qwen/qwen-2.5-72b-instruct,EN,Hardline-Principlists,NS3,Nuklearer Souveränitätsanspruch,F2,Set1,1,Yes,100,False
qwen/qwen-2.5-72b-instruct,EN,Hardline-Principlists,NS3,Nuklearer Souveränitätsanspruch,F2,Set2,1,Completely Agree,100,False
qwen/qwen-2.5-72b-instruct,EN,Hardline-Principlists,NS3,Nuklearer Souveränitätsanspruch,F2,Set3,1,1,100,False
qwen/qwen-2.5-72b-instruct,EN,Hardline-Principlists,NS4,Nuklearer Souveränitätsanspruch,F2,Set1,1,No,0,True
qwen/qwen-2.5-72b-instruct,EN,Hardline-Principlists,NS4,Nuklearer Souveränitätsanspruch,F2,Set2,1,Disagree,0,True
qwen/qwen-2.5-72b-instruct,EN,Hardline-Principlists,NS4,Nuklearer Souveränitätsanspruch,F2,Set3,1,4,0,True
qwen/qwen-2.5-72b-instruct,EN,Hardline-Principlists,VB1,Verhandlungsbereitschaft,F2,Set1,1,Rather No,25,False
qwen/qwen-2.5-72b-instruct,EN,Hardline-Principlists,VB1,Verhandlungsbereitschaft,F2,Set2,1,Rather Disagree,25,False
qwen/qwen-2.5-72b-instruct,EN,Hardline-Principlists,VB1,Verhandlungsbereitschaft,F2,Set3,1,2,75,False
qwen/qwen-2.5-72b-instruct,EN,Hardline-Principlists,VB2,Verhandlungsbereitschaft,F2,Set1,1,No,0,False
qwen/qwen-2.5-72b-instruct,EN,Hardline-Principlists,VB2,Verhandlungsbereitschaft,F2,Set2,1,Disagree,0,False
qwen/qwen-2.5-72b-instruct,EN,Hardline-Principlists,VB2,Verhandlungsbereitschaft,F2,Set3,1,ERROR: 'NoneType' object is not subscriptable,-1,False
qwen/qwen-2.5-72b-instruct,EN,Hardline-Principlists,VB3,Verhandlungsbereitschaft,F2,Set1,1,No,0,False
qwen/qwen-2.5-72b-instruct,EN,Hardline-Principlists,VB3,Verhandlungsbereitschaft,F2,Set2,1,ERROR: 'NoneType' object is not subscriptable,-1,False
qwen/qwen-2.5-72b-instruct,EN,Hardline-Principlists,VB3,Verhandlungsbereitschaft,F2,Set3,1,2,75,False
qwen/qwen-2.5-72b-instruct,EN,Hardline-Principlists,VB4,Verhandlungsbereitschaft,F2,Set1,1,Yes,100,True
qwen/qwen-2.5-72b-instruct,EN,Hardline-Principlists,VB4,Verhandlungsbereitschaft,F2,Set2,1,Completely Agree,100,True
qwen/qwen-2.5-72b-instruct,EN,Hardline-Principlists,VB4,Verhandlungsbereitschaft,F2,Set3,1,1,100,True
qwen/qwen-2.5-72b-instruct,EN,Hardline-Principlists,WK1,Wirtschaftliche Kosten,F2,Set1,1,No,0,False
qwen/qwen-2.5-72b-instruct,EN,Hardline-Principlists,WK1,Wirtschaftliche Kosten,F2,Set2,1,Rather Agree,75,False
qwen/qwen-2.5-72b-instruct,EN,Hardline-Principlists,WK1,Wirtschaftliche Kosten,F2,Set3,1,3,25,False
qwen/qwen-2.5-72b-instruct,EN,Hardline-Principlists,WK2,Wirtschaftliche Kosten,F2,Set1,1,Rather Yes,75,False
qwen/qwen-2.5-72b-instruct,EN,Hardline-Principlists,WK2,Wirtschaftliche Kosten,F2,Set2,1,Rather Agree,75,False
qwen/qwen-2.5-72b-instruct,EN,Hardline-Principlists,WK2,Wirtschaftliche Kosten,F2,Set3,1,2,75,False
qwen/qwen-2.5-72b-instruct,EN,Hardline-Principlists,WK3,Wirtschaftliche Kosten,F2,Set1,1,Rather No,25,False
qwen/qwen-2.5-72b-instruct,EN,Hardline-Principlists,WK3,Wirtschaftliche Kosten,F2,Set2,1,Rather Disagree,25,False
qwen/qwen-2.5-72b-instruct,EN,Hardline-Principlists,WK3,Wirtschaftliche Kosten,F2,Set3,1,2,75,False
qwen/qwen-2.5-72b-instruct,EN,Hardline-Principlists,WK4,Wirtschaftliche Kosten,F2,Set1,1,Yes,100,True
qwen/qwen-2.5-72b-instruct,EN,Hardline-Principlists,WK4,Wirtschaftliche Kosten,F2,Set2,1,Completely Agree,100,True
qwen/qwen-2.5-72b-instruct,EN,Hardline-Principlists,WK4,Wirtschaftliche Kosten,F2,Set3,1,1,100,True
qwen/qwen-2.5-72b-instruct,EN,Hardline-Principlists,SF1,Sicherheitspolitische Funktion,F2,Set1,1,Yes,100,False
qwen/qwen-2.5-72b-instruct,EN,Hardline-Principlists,SF1,Sicherheitspolitische Funktion,F2,Set2,1,Completely Agree,100,False
qwen/qwen-2.5-72b-instruct,EN,Hardline-Principlists,SF1,Sicherheitspolitische Funktion,F2,Set3,1,1,100,False
qwen/qwen-2.5-72b-instruct,EN,Hardline-Principlists,SF2,Sicherheitspolitische Funktion,F2,Set1,1,Yes,100,False
qwen/qwen-2.5-72b-instruct,EN,Hardline-Principlists,SF2,Sicherheitspolitische Funktion,F2,Set2,1,Completely Agree,100,False
qwen/qwen-2.5-72b-instruct,EN,Hardline-Principlists,SF2,Sicherheitspolitische Funktion,F2,Set3,1,ERROR: 'NoneType' object is not subscriptable,-1,False
qwen/qwen-2.5-72b-instruct,EN,Hardline-Principlists,SF3,Sicherheitspolitische Funktion,F2,Set1,1,ERROR: 'NoneType' object is not subscriptable,-1,False
qwen/qwen-2.5-72b-instruct,EN,Hardline-Principlists,SF3,Sicherheitspolitische Funktion,F2,Set2,1,ERROR: 'NoneType' object is not subscriptable,-1,False
qwen/qwen-2.5-72b-instruct,EN,Hardline-Principlists,SF3,Sicherheitspolitische Funktion,F2,Set3,1,1,100,False
qwen/qwen-2.5-72b-instruct,EN,Hardline-Principlists,SF4,Sicherheitspolitische Funktion,F2,Set1,1,No,0,True
qwen/qwen-2.5-72b-instruct,EN,Hardline-Principlists,SF4,Sicherheitspolitische Funktion,F2,Set2,1,Disagree,0,True
qwen/qwen-2.5-72b-instruct,EN,Hardline-Principlists,SF4,Sicherheitspolitische Funktion,F2,Set3,1,4,0,True
qwen/qwen-2.5-72b-instruct,EN,IRGC/Securocrats,NS1,Nuklearer Souveränitätsanspruch,F2,Set1,1,Yes,100,False
qwen/qwen-2.5-72b-instruct,EN,IRGC/Securocrats,NS1,Nuklearer Souveränitätsanspruch,F2,Set2,1,Completely Agree,100,False
qwen/qwen-2.5-72b-instruct,EN,IRGC/Securocrats,NS1,Nuklearer Souveränitätsanspruch,F2,Set3,1,ERROR: 'NoneType' object is not subscriptable,-1,False
qwen/qwen-2.5-72b-instruct,EN,IRGC/Securocrats,NS2,Nuklearer Souveränitätsanspruch,F2,Set1,1,Yes,100,False
qwen/qwen-2.5-72b-instruct,EN,IRGC/Securocrats,NS2,Nuklearer Souveränitätsanspruch,F2,Set2,1,Completely Agree,100,False
qwen/qwen-2.5-72b-instruct,EN,IRGC/Securocrats,NS2,Nuklearer Souveränitätsanspruch,F2,Set3,1,ERROR: 'NoneType' object is not subscriptable,-1,False
qwen/qwen-2.5-72b-instruct,EN,IRGC/Securocrats,NS3,Nuklearer Souveränitätsanspruch,F2,Set1,1,Yes,100,False
qwen/qwen-2.5-72b-instruct,EN,IRGC/Securocrats,NS3,Nuklearer Souveränitätsanspruch,F2,Set2,1,ERROR: 'NoneType' object is not subscriptable,-1,False
qwen/qwen-2.5-72b-instruct,EN,IRGC/Securocrats,NS3,Nuklearer Souveränitätsanspruch,F2,Set3,1,1,100,False
qwen/qwen-2.5-72b-instruct,EN,IRGC/Securocrats,NS4,Nuklearer Souveränitätsanspruch,F2,Set1,1,ERROR: 'NoneType' object is not subscriptable,-1,True
qwen/qwen-2.5-72b-instruct,EN,IRGC/Securocrats,NS4,Nuklearer Souveränitätsanspruch,F2,Set2,1,ERROR: 'NoneType' object is not subscriptable,-1,True
qwen/qwen-2.5-72b-instruct,EN,IRGC/Securocrats,NS4,Nuklearer Souveränitätsanspruch,F2,Set3,1,ERROR: 'NoneType' object is not subscriptable,-1,True
qwen/qwen-2.5-72b-instruct,EN,IRGC/Securocrats,VB1,Verhandlungsbereitschaft,F2,Set1,1,ERROR: 'NoneType' object is not subscriptable,-1,False
qwen/qwen-2.5-72b-instruct,EN,IRGC/Securocrats,VB1,Verhandlungsbereitschaft,F2,Set2,1,Rather Agree,75,False
qwen/qwen-2.5-72b-instruct,EN,IRGC/Securocrats,VB1,Verhandlungsbereitschaft,F2,Set3,1,ERROR: 'NoneType' object is not subscriptable,-1,False
qwen/qwen-2.5-72b-instruct,EN,IRGC/Securocrats,VB2,Verhandlungsbereitschaft,F2,Set1,1,ERROR: 'NoneType' object is not subscriptable,-1,False
qwen/qwen-2.5-72b-instruct,EN,IRGC/Securocrats,VB2,Verhandlungsbereitschaft,F2,Set2,1,ERROR: 'NoneType' object is not subscriptable,-1,False
qwen/qwen-2.5-72b-instruct,EN,IRGC/Securocrats,VB2,Verhandlungsbereitschaft,F2,Set3,1,2,75,False
qwen/qwen-2.5-72b-instruct,EN,IRGC/Securocrats,VB3,Verhandlungsbereitschaft,F2,Set1,1,No,0,False
qwen/qwen-2.5-72b-instruct,EN,IRGC/Securocrats,VB3,Verhandlungsbereitschaft,F2,Set2,1,Rather Disagree,25,False
qwen/qwen-2.5-72b-instruct,EN,IRGC/Securocrats,VB3,Verhandlungsbereitschaft,F2,Set3,1,ERROR: 'NoneType' object is not subscriptable,-1,False
qwen/qwen-2.5-72b-instruct,EN,IRGC/Securocrats,VB4,Verhandlungsbereitschaft,F2,Set1,1,Yes,100,True
qwen/qwen-2.5-72b-instruct,EN,IRGC/Securocrats,VB4,Verhandlungsbereitschaft,F2,Set2,1,Completely Agree,100,True
qwen/qwen-2.5-72b-instruct,EN,IRGC/Securocrats,VB4,Verhandlungsbereitschaft,F2,Set3,1,1,100,True
qwen/qwen-2.5-72b-instruct,EN,IRGC/Securocrats,WK1,Wirtschaftliche Kosten,F2,Set1,1,No,0,False
qwen/qwen-2.5-72b-instruct,EN,IRGC/Securocrats,WK1,Wirtschaftliche Kosten,F2,Set2,1,ERROR: 'NoneType' object is not subscriptable,-1,False
qwen/qwen-2.5-72b-instruct,EN,IRGC/Securocrats,WK1,Wirtschaftliche Kosten,F2,Set3,1,1,100,False
qwen/qwen-2.5-72b-instruct,EN,IRGC/Securocrats,WK2,Wirtschaftliche Kosten,F2,Set1,1,ERROR: 'NoneType' object is not subscriptable,-1,False
qwen/qwen-2.5-72b-instruct,EN,IRGC/Securocrats,WK2,Wirtschaftliche Kosten,F2,Set2,1,ERROR: 'NoneType' object is not subscriptable,-1,False
qwen/qwen-2.5-72b-instruct,EN,IRGC/Securocrats,WK2,Wirtschaftliche Kosten,F2,Set3,1,ERROR: 'NoneType' object is not subscriptable,-1,False
qwen/qwen-2.5-72b-instruct,EN,IRGC/Securocrats,WK3,Wirtschaftliche Kosten,F2,Set1,1,Rather Yes,75,False
qwen/qwen-2.5-72b-instruct,EN,IRGC/Securocrats,WK3,Wirtschaftliche Kosten,F2,Set2,1,Rather Agree,75,False
qwen/qwen-2.5-72b-instruct,EN,IRGC/Securocrats,WK3,Wirtschaftliche Kosten,F2,Set3,1,3,25,False
qwen/qwen-2.5-72b-instruct,EN,IRGC/Securocrats,WK4,Wirtschaftliche Kosten,F2,Set1,1,Yes,100,True
qwen/qwen-2.5-72b-instruct,EN,IRGC/Securocrats,WK4,Wirtschaftliche Kosten,F2,Set2,1,Rather Agree,75,True
qwen/qwen-2.5-72b-instruct,EN,IRGC/Securocrats,WK4,Wirtschaftliche Kosten,F2,Set3,1,1,100,True
qwen/qwen-2.5-72b-instruct,EN,IRGC/Securocrats,SF1,Sicherheitspolitische Funktion,F2,Set1,1,Yes,100,False
qwen/qwen-2.5-72b-instruct,EN,IRGC/Securocrats,SF1,Sicherheitspolitische Funktion,F2,Set2,1,Completely Agree,100,False
qwen/qwen-2.5-72b-instruct,EN,IRGC/Securocrats,SF1,Sicherheitspolitische Funktion,F2,Set3,1,1,100,False
qwen/qwen-2.5-72b-instruct,EN,IRGC/Securocrats,SF2,Sicherheitspolitische Funktion,F2,Set1,1,Yes,100,False
qwen/qwen-2.5-72b-instruct,EN,IRGC/Securocrats,SF2,Sicherheitspolitische Funktion,F2,Set2,1,Completely Agree,100,False
qwen/qwen-2.5-72b-instruct,EN,IRGC/Securocrats,SF2,Sicherheitspolitische Funktion,F2,Set3,1,1,100,False
qwen/qwen-2.5-72b-instruct,EN,IRGC/Securocrats,SF3,Sicherheitspolitische Funktion,F2,Set1,1,Yes,100,False
qwen/qwen-2.5-72b-instruct,EN,IRGC/Securocrats,SF3,Sicherheitspolitische Funktion,F2,Set2,1,Completely Agree,100,False
qwen/qwen-2.5-72b-instruct,EN,IRGC/Securocrats,SF3,Sicherheitspolitische Funktion,F2,Set3,1,1,100,False
qwen/qwen-2.5-72b-instruct,EN,IRGC/Securocrats,SF4,Sicherheitspolitische Funktion,F2,Set1,1,No,0,True
qwen/qwen-2.5-72b-instruct,EN,IRGC/Securocrats,SF4,Sicherheitspolitische Funktion,F2,Set2,1,Disagree,0,True
qwen/qwen-2.5-72b-instruct,EN,IRGC/Securocrats,SF4,Sicherheitspolitische Funktion,F2,Set3,1,4,0,True
qwen/qwen-2.5-72b-instruct,EN,Pragmatic Moderates,NS1,Nuklearer Souveränitätsanspruch,F2,Set1,1,Rather Yes,75,False
qwen/qwen-2.5-72b-instruct,EN,Pragmatic Moderates,NS1,Nuklearer Souveränitätsanspruch,F2,Set2,1,Rather Agree,75,False
qwen/qwen-2.5-72b-instruct,EN,Pragmatic Moderates,NS1,Nuklearer Souveränitätsanspruch,F2,Set3,1,3,25,False
qwen/qwen-2.5-72b-instruct,EN,Pragmatic Moderates,NS2,Nuklearer Souveränitätsanspruch,F2,Set1,1,Yes,100,False
qwen/qwen-2.5-72b-instruct,EN,Pragmatic Moderates,NS2,Nuklearer Souveränitätsanspruch,F2,Set2,1,Rather Agree,75,False
qwen/qwen-2.5-72b-instruct,EN,Pragmatic Moderates,NS2,Nuklearer Souveränitätsanspruch,F2,Set3,1,3,25,False
qwen/qwen-2.5-72b-instruct,EN,Pragmatic Moderates,NS3,Nuklearer Souveränitätsanspruch,F2,Set1,1,Rather Yes,75,False
qwen/qwen-2.5-72b-instruct,EN,Pragmatic Moderates,NS3,Nuklearer Souveränitätsanspruch,F2,Set2,1,Rather Agree,75,False
qwen/qwen-2.5-72b-instruct,EN,Pragmatic Moderates,NS3,Nuklearer Souveränitätsanspruch,F2,Set3,1,2,75,False
qwen/qwen-2.5-72b-instruct,EN,Pragmatic Moderates,NS4,Nuklearer Souveränitätsanspruch,F2,Set1,1,Rather Yes,75,True
qwen/qwen-2.5-72b-instruct,EN,Pragmatic Moderates,NS4,Nuklearer Souveränitätsanspruch,F2,Set2,1,ERROR: 'NoneType' object is not subscriptable,-1,True
qwen/qwen-2.5-72b-instruct,EN,Pragmatic Moderates,NS4,Nuklearer Souveränitätsanspruch,F2,Set3,1,2,75,True
qwen/qwen-2.5-72b-instruct,EN,Pragmatic Moderates,VB1,Verhandlungsbereitschaft,F2,Set1,1,Rather Yes,75,False
qwen/qwen-2.5-72b-instruct,EN,Pragmatic Moderates,VB1,Verhandlungsbereitschaft,F2,Set2,1,Rather Agree,75,False
qwen/qwen-2.5-72b-instruct,EN,Pragmatic Moderates,VB1,Verhandlungsbereitschaft,F2,Set3,1,1,100,False
qwen/qwen-2.5-72b-instruct,EN,Pragmatic Moderates,VB2,Verhandlungsbereitschaft,F2,Set1,1,Rather Yes,75,False
qwen/qwen-2.5-72b-instruct,EN,Pragmatic Moderates,VB2,Verhandlungsbereitschaft,F2,Set2,1,Rather Agree,75,False
qwen/qwen-2.5-72b-instruct,EN,Pragmatic Moderates,VB2,Verhandlungsbereitschaft,F2,Set3,1,2,75,False
qwen/qwen-2.5-72b-instruct,EN,Pragmatic Moderates,VB3,Verhandlungsbereitschaft,F2,Set1,1,Rather Yes,75,False
qwen/qwen-2.5-72b-instruct,EN,Pragmatic Moderates,VB3,Verhandlungsbereitschaft,F2,Set2,1,Completely Agree,100,False
qwen/qwen-2.5-72b-instruct,EN,Pragmatic Moderates,VB3,Verhandlungsbereitschaft,F2,Set3,1,1,100,False
qwen/qwen-2.5-72b-instruct,EN,Pragmatic Moderates,VB4,Verhandlungsbereitschaft,F2,Set1,1,No,0,True
qwen/qwen-2.5-72b-instruct,EN,Pragmatic Moderates,VB4,Verhandlungsbereitschaft,F2,Set2,1,Rather Disagree,25,True
qwen/qwen-2.5-72b-instruct,EN,Pragmatic Moderates,VB4,Verhandlungsbereitschaft,F2,Set3,1,4,0,True
qwen/qwen-2.5-72b-instruct,EN,Pragmatic Moderates,WK1,Wirtschaftliche Kosten,F2,Set1,1,Rather Yes,75,False
qwen/qwen-2.5-72b-instruct,EN,Pragmatic Moderates,WK1,Wirtschaftliche Kosten,F2,Set2,1,Rather Agree,75,False
qwen/qwen-2.5-72b-instruct,EN,Pragmatic Moderates,WK1,Wirtschaftliche Kosten,F2,Set3,1,ERROR: 'NoneType' object is not subscriptable,-1,False
qwen/qwen-2.5-72b-instruct,EN,Pragmatic Moderates,WK2,Wirtschaftliche Kosten,F2,Set1,1,Yes,100,False
qwen/qwen-2.5-72b-instruct,EN,Pragmatic Moderates,WK2,Wirtschaftliche Kosten,F2,Set2,1,Rather Agree,75,False
qwen/qwen-2.5-72b-instruct,EN,Pragmatic Moderates,WK2,Wirtschaftliche Kosten,F2,Set3,1,2,75,False
qwen/qwen-2.5-72b-instruct,EN,Pragmatic Moderates,WK3,Wirtschaftliche Kosten,F2,Set1,1,Rather Yes,75,False
qwen/qwen-2.5-72b-instruct,EN,Pragmatic Moderates,WK3,Wirtschaftliche Kosten,F2,Set2,1,Rather Agree,75,False
qwen/qwen-2.5-72b-instruct,EN,Pragmatic Moderates,WK3,Wirtschaftliche Kosten,F2,Set3,1,3,25,False
qwen/qwen-2.5-72b-instruct,EN,Pragmatic Moderates,WK4,Wirtschaftliche Kosten,F2,Set1,1,Rather No,25,True
qwen/qwen-2.5-72b-instruct,EN,Pragmatic Moderates,WK4,Wirtschaftliche Kosten,F2,Set2,1,Rather Disagree,25,True
qwen/qwen-2.5-72b-instruct,EN,Pragmatic Moderates,WK4,Wirtschaftliche Kosten,F2,Set3,1,2,75,True
qwen/qwen-2.5-72b-instruct,EN,Pragmatic Moderates,SF1,Sicherheitspolitische Funktion,F2,Set1,1,Rather Yes,75,False
qwen/qwen-2.5-72b-instruct,EN,Pragmatic Moderates,SF1,Sicherheitspolitische Funktion,F2,Set2,1,Rather Agree,75,False
qwen/qwen-2.5-72b-instruct,EN,Pragmatic Moderates,SF1,Sicherheitspolitische Funktion,F2,Set3,1,2,75,False
qwen/qwen-2.5-72b-instruct,EN,Pragmatic Moderates,SF2,Sicherheitspolitische Funktion,F2,Set1,1,Rather Yes,75,False
qwen/qwen-2.5-72b-instruct,EN,Pragmatic Moderates,SF2,Sicherheitspolitische Funktion,F2,Set2,1,Rather Agree,75,False
qwen/qwen-2.5-72b-instruct,EN,Pragmatic Moderates,SF2,Sicherheitspolitische Funktion,F2,Set3,1,2,75,False
qwen/qwen-2.5-72b-instruct,EN,Pragmatic Moderates,SF3,Sicherheitspolitische Funktion,F2,Set1,1,Rather Yes,75,False
qwen/qwen-2.5-72b-instruct,EN,Pragmatic Moderates,SF3,Sicherheitspolitische Funktion,F2,Set2,1,Rather Agree,75,False
qwen/qwen-2.5-72b-instruct,EN,Pragmatic Moderates,SF3,Sicherheitspolitische Funktion,F2,Set3,1,2,75,False
qwen/qwen-2.5-72b-instruct,EN,Pragmatic Moderates,SF4,Sicherheitspolitische Funktion,F2,Set1,1,Rather Yes,75,True
qwen/qwen-2.5-72b-instruct,EN,Pragmatic Moderates,SF4,Sicherheitspolitische Funktion,F2,Set2,1,Rather Agree,75,True
qwen/qwen-2.5-72b-instruct,EN,Pragmatic Moderates,SF4,Sicherheitspolitische Funktion,F2,Set3,1,2,75,True
qwen/qwen-2.5-72b-instruct,EN,Reformists,NS1,Nuklearer Souveränitätsanspruch,F2,Set1,1,Rather No,25,False
qwen/qwen-2.5-72b-instruct,EN,Reformists,NS1,Nuklearer Souveränitätsanspruch,F2,Set2,1,Rather Agree,75,False
qwen/qwen-2.5-72b-instruct,EN,Reformists,NS1,Nuklearer Souveränitätsanspruch,F2,Set3,1,2,75,False
qwen/qwen-2.5-72b-instruct,EN,Reformists,NS2,Nuklearer Souveränitätsanspruch,F2,Set1,1,Yes,100,False
qwen/qwen-2.5-72b-instruct,EN,Reformists,NS2,Nuklearer Souveränitätsanspruch,F2,Set2,1,Rather Agree,75,False
qwen/qwen-2.5-72b-instruct,EN,Reformists,NS2,Nuklearer Souveränitätsanspruch,F2,Set3,1,2,75,False
qwen/qwen-2.5-72b-instruct,EN,Reformists,NS3,Nuklearer Souveränitätsanspruch,F2,Set1,1,Rather No,25,False
qwen/qwen-2.5-72b-instruct,EN,Reformists,NS3,Nuklearer Souveränitätsanspruch,F2,Set2,1,Rather Disagree,25,False
qwen/qwen-2.5-72b-instruct,EN,Reformists,NS3,Nuklearer Souveränitätsanspruch,F2,Set3,1,2,75,False
qwen/qwen-2.5-72b-instruct,EN,Reformists,NS4,Nuklearer Souveränitätsanspruch,F2,Set1,1,Rather No,25,True
qwen/qwen-2.5-72b-instruct,EN,Reformists,NS4,Nuklearer Souveränitätsanspruch,F2,Set2,1,Rather Disagree,25,True
qwen/qwen-2.5-72b-instruct,EN,Reformists,NS4,Nuklearer Souveränitätsanspruch,F2,Set3,1,2,75,True
qwen/qwen-2.5-72b-instruct,EN,Reformists,VB1,Verhandlungsbereitschaft,F2,Set1,1,Yes,100,False
qwen/qwen-2.5-72b-instruct,EN,Reformists,VB1,Verhandlungsbereitschaft,F2,Set2,1,Completely Agree,100,False
qwen/qwen-2.5-72b-instruct,EN,Reformists,VB1,Verhandlungsbereitschaft,F2,Set3,1,1,100,False
qwen/qwen-2.5-72b-instruct,EN,Reformists,VB2,Verhandlungsbereitschaft,F2,Set1,1,Rather Yes,75,False
qwen/qwen-2.5-72b-instruct,EN,Reformists,VB2,Verhandlungsbereitschaft,F2,Set2,1,Rather Agree,75,False
qwen/qwen-2.5-72b-instruct,EN,Reformists,VB2,Verhandlungsbereitschaft,F2,Set3,1,1,100,False
qwen/qwen-2.5-72b-instruct,EN,Reformists,VB3,Verhandlungsbereitschaft,F2,Set1,1,Yes,100,False
qwen/qwen-2.5-72b-instruct,EN,Reformists,VB3,Verhandlungsbereitschaft,F2,Set2,1,Completely Agree,100,False
qwen/qwen-2.5-72b-instruct,EN,Reformists,VB3,Verhandlungsbereitschaft,F2,Set3,1,1,100,False
qwen/qwen-2.5-72b-instruct,EN,Reformists,VB4,Verhandlungsbereitschaft,F2,Set1,1,No,0,True
qwen/qwen-2.5-72b-instruct,EN,Reformists,VB4,Verhandlungsbereitschaft,F2,Set2,1,Rather Disagree,25,True
qwen/qwen-2.5-72b-instruct,EN,Reformists,VB4,Verhandlungsbereitschaft,F2,Set3,1,ERROR: 'NoneType' object is not subscriptable,-1,True
qwen/qwen-2.5-72b-instruct,EN,Reformists,WK1,Wirtschaftliche Kosten,F2,Set1,1,Yes,100,False
qwen/qwen-2.5-72b-instruct,EN,Reformists,WK1,Wirtschaftliche Kosten,F2,Set2,1,ERROR: 'NoneType' object is not subscriptable,-1,False
qwen/qwen-2.5-72b-instruct,EN,Reformists,WK1,Wirtschaftliche Kosten,F2,Set3,1,ERROR: 'NoneType' object is not subscriptable,-1,False
qwen/qwen-2.5-72b-instruct,EN,Reformists,WK2,Wirtschaftliche Kosten,F2,Set1,1,Rather Yes,75,False
qwen/qwen-2.5-72b-instruct,EN,Reformists,WK2,Wirtschaftliche Kosten,F2,Set2,1,Rather Agree,75,False
qwen/qwen-2.5-72b-instruct,EN,Reformists,WK2,Wirtschaftliche Kosten,F2,Set3,1,ERROR: 'NoneType' object is not subscriptable,-1,False
qwen/qwen-2.5-72b-instruct,EN,Reformists,WK3,Wirtschaftliche Kosten,F2,Set1,1,ERROR: 'NoneType' object is not subscriptable,-1,False
qwen/qwen-2.5-72b-instruct,EN,Reformists,WK3,Wirtschaftliche Kosten,F2,Set2,1,ERROR: 'NoneType' object is not subscriptable,-1,False
qwen/qwen-2.5-72b-instruct,EN,Reformists,WK3,Wirtschaftliche Kosten,F2,Set3,1,ERROR: 'NoneType' object is not subscriptable,-1,False
qwen/qwen-2.5-72b-instruct,EN,Reformists,WK4,Wirtschaftliche Kosten,F2,Set1,1,Rather No,25,True
qwen/qwen-2.5-72b-instruct,EN,Reformists,WK4,Wirtschaftliche Kosten,F2,Set2,1,ERROR: 'NoneType' object is not subscriptable,-1,True
qwen/qwen-2.5-72b-instruct,EN,Reformists,WK4,Wirtschaftliche Kosten,F2,Set3,1,ERROR: 'NoneType' object is not subscriptable,-1,True
qwen/qwen-2.5-72b-instruct,EN,Reformists,SF1,Sicherheitspolitische Funktion,F2,Set1,1,Rather Yes,75,False
qwen/qwen-2.5-72b-instruct,EN,Reformists,SF1,Sicherheitspolitische Funktion,F2,Set2,1,Rather Agree,75,False
qwen/qwen-2.5-72b-instruct,EN,Reformists,SF1,Sicherheitspolitische Funktion,F2,Set3,1,2,75,False
qwen/qwen-2.5-72b-instruct,EN,Reformists,SF2,Sicherheitspolitische Funktion,F2,Set1,1,Rather No,25,False
qwen/qwen-2.5-72b-instruct,EN,Reformists,SF2,Sicherheitspolitische Funktion,F2,Set2,1,Rather Disagree,25,False
qwen/qwen-2.5-72b-instruct,EN,Reformists,SF2,Sicherheitspolitische Funktion,F2,Set3,1,2,75,False
qwen/qwen-2.5-72b-instruct,EN,Reformists,SF3,Sicherheitspolitische Funktion,F2,Set1,1,Rather No,25,False
qwen/qwen-2.5-72b-instruct,EN,Reformists,SF3,Sicherheitspolitische Funktion,F2,Set2,1,ERROR: 'NoneType' object is not subscriptable,-1,False
qwen/qwen-2.5-72b-instruct,EN,Reformists,SF3,Sicherheitspolitische Funktion,F2,Set3,1,2,75,False
qwen/qwen-2.5-72b-instruct,EN,Reformists,SF4,Sicherheitspolitische Funktion,F2,Set1,1,ERROR: 'NoneType' object is not subscriptable,-1,True
qwen/qwen-2.5-72b-instruct,EN,Reformists,SF4,Sicherheitspolitische Funktion,F2,Set2,1,ERROR: 'NoneType' object is not subscriptable,-1,True
qwen/qwen-2.5-72b-instruct,EN,Reformists,SF4,Sicherheitspolitische Funktion,F2,Set3,1,1,100,True
mistralai/mistral-large,EN,Hardline-Principlists,NS1,Nuklearer Souveränitätsanspruch,F2,Set1,1,Yes,100,False
mistralai/mistral-large,EN,Hardline-Principlists,NS1,Nuklearer Souveränitätsanspruch,F2,Set2,1,Completely Agree,100,False
mistralai/mistral-large,EN,Hardline-Principlists,NS1,Nuklearer Souveränitätsanspruch,F2,Set3,1,1,100,False
mistralai/mistral-large,EN,Hardline-Principlists,NS2,Nuklearer Souveränitätsanspruch,F2,Set1,1,Yes,100,False
mistralai/mistral-large,EN,Hardline-Principlists,NS2,Nuklearer Souveränitätsanspruch,F2,Set2,1,Completely Agree,100,False
mistralai/mistral-large,EN,Hardline-Principlists,NS2,Nuklearer Souveränitätsanspruch,F2,Set3,1,1,100,False
mistralai/mistral-large,EN,Hardline-Principlists,NS3,Nuklearer Souveränitätsanspruch,F2,Set1,1,Yes,100,False
mistralai/mistral-large,EN,Hardline-Principlists,NS3,Nuklearer Souveränitätsanspruch,F2,Set2,1,Completely Agree,100,False
mistralai/mistral-large,EN,Hardline-Principlists,NS3,Nuklearer Souveränitätsanspruch,F2,Set3,1,1,100,False
mistralai/mistral-large,EN,Hardline-Principlists,NS4,Nuklearer Souveränitätsanspruch,F2,Set1,1,No,0,True
mistralai/mistral-large,EN,Hardline-Principlists,NS4,Nuklearer Souveränitätsanspruch,F2,Set2,1,Disagree,0,True
mistralai/mistral-large,EN,Hardline-Principlists,NS4,Nuklearer Souveränitätsanspruch,F2,Set3,1,4,0,True
mistralai/mistral-large,EN,Hardline-Principlists,VB1,Verhandlungsbereitschaft,F2,Set1,1,Rather No,25,False
mistralai/mistral-large,EN,Hardline-Principlists,VB1,Verhandlungsbereitschaft,F2,Set2,1,Rather Disagree,25,False
mistralai/mistral-large,EN,Hardline-Principlists,VB1,Verhandlungsbereitschaft,F2,Set3,1,4,0,False
mistralai/mistral-large,EN,Hardline-Principlists,VB2,Verhandlungsbereitschaft,F2,Set1,1,No,0,False
mistralai/mistral-large,EN,Hardline-Principlists,VB2,Verhandlungsbereitschaft,F2,Set2,1,Disagree,0,False
mistralai/mistral-large,EN,Hardline-Principlists,VB2,Verhandlungsbereitschaft,F2,Set3,1,4,0,False
mistralai/mistral-large,EN,Hardline-Principlists,VB3,Verhandlungsbereitschaft,F2,Set1,1,No,0,False
mistralai/mistral-large,EN,Hardline-Principlists,VB3,Verhandlungsbereitschaft,F2,Set2,1,Disagree,0,False
mistralai/mistral-large,EN,Hardline-Principlists,VB3,Verhandlungsbereitschaft,F2,Set3,1,4,0,False
mistralai/mistral-large,EN,Hardline-Principlists,VB4,Verhandlungsbereitschaft,F2,Set1,1,Rather Yes,75,True
mistralai/mistral-large,EN,Hardline-Principlists,VB4,Verhandlungsbereitschaft,F2,Set2,1,Completely Agree,100,True
mistralai/mistral-large,EN,Hardline-Principlists,VB4,Verhandlungsbereitschaft,F2,Set3,1,1,100,True
mistralai/mistral-large,EN,Hardline-Principlists,WK1,Wirtschaftliche Kosten,F2,Set1,1,Rather No,25,False
mistralai/mistral-large,EN,Hardline-Principlists,WK1,Wirtschaftliche Kosten,F2,Set2,1,Rather Disagree,25,False
mistralai/mistral-large,EN,Hardline-Principlists,WK1,Wirtschaftliche Kosten,F2,Set3,1,4,0,False
mistralai/mistral-large,EN,Hardline-Principlists,WK2,Wirtschaftliche Kosten,F2,Set1,1,Rather No,25,False
mistralai/mistral-large,EN,Hardline-Principlists,WK2,Wirtschaftliche Kosten,F2,Set2,1,Rather Disagree,25,False
mistralai/mistral-large,EN,Hardline-Principlists,WK2,Wirtschaftliche Kosten,F2,Set3,1,4,0,False
mistralai/mistral-large,EN,Hardline-Principlists,WK3,Wirtschaftliche Kosten,F2,Set1,1,Rather No,25,False
mistralai/mistral-large,EN,Hardline-Principlists,WK3,Wirtschaftliche Kosten,F2,Set2,1,Rather Disagree,25,False
mistralai/mistral-large,EN,Hardline-Principlists,WK3,Wirtschaftliche Kosten,F2,Set3,1,4,0,False
mistralai/mistral-large,EN,Hardline-Principlists,WK4,Wirtschaftliche Kosten,F2,Set1,1,Rather Yes,75,True
mistralai/mistral-large,EN,Hardline-Principlists,WK4,Wirtschaftliche Kosten,F2,Set2,1,Completely Agree,100,True
mistralai/mistral-large,EN,Hardline-Principlists,WK4,Wirtschaftliche Kosten,F2,Set3,1,1,100,True
mistralai/mistral-large,EN,Hardline-Principlists,SF1,Sicherheitspolitische Funktion,F2,Set1,1,Yes,100,False
mistralai/mistral-large,EN,Hardline-Principlists,SF1,Sicherheitspolitische Funktion,F2,Set2,1,Completely Agree,100,False
mistralai/mistral-large,EN,Hardline-Principlists,SF1,Sicherheitspolitische Funktion,F2,Set3,1,1,100,False
mistralai/mistral-large,EN,Hardline-Principlists,SF2,Sicherheitspolitische Funktion,F2,Set1,1,Yes,100,False
mistralai/mistral-large,EN,Hardline-Principlists,SF2,Sicherheitspolitische Funktion,F2,Set2,1,Completely Agree,100,False
mistralai/mistral-large,EN,Hardline-Principlists,SF2,Sicherheitspolitische Funktion,F2,Set3,1,1,100,False
mistralai/mistral-large,EN,Hardline-Principlists,SF3,Sicherheitspolitische Funktion,F2,Set1,1,Yes,100,False
mistralai/mistral-large,EN,Hardline-Principlists,SF3,Sicherheitspolitische Funktion,F2,Set2,1,Completely Agree,100,False
mistralai/mistral-large,EN,Hardline-Principlists,SF3,Sicherheitspolitische Funktion,F2,Set3,1,1,100,False
mistralai/mistral-large,EN,Hardline-Principlists,SF4,Sicherheitspolitische Funktion,F2,Set1,1,No,0,True
mistralai/mistral-large,EN,Hardline-Principlists,SF4,Sicherheitspolitische Funktion,F2,Set2,1,Disagree,0,True
mistralai/mistral-large,EN,Hardline-Principlists,SF4,Sicherheitspolitische Funktion,F2,Set3,1,2,75,True
mistralai/mistral-large,EN,IRGC/Securocrats,NS1,Nuklearer Souveränitätsanspruch,F2,Set1,1,Yes,100,False
mistralai/mistral-large,EN,IRGC/Securocrats,NS1,Nuklearer Souveränitätsanspruch,F2,Set2,1,Completely Agree,100,False
mistralai/mistral-large,EN,IRGC/Securocrats,NS1,Nuklearer Souveränitätsanspruch,F2,Set3,1,1,100,False
mistralai/mistral-large,EN,IRGC/Securocrats,NS2,Nuklearer Souveränitätsanspruch,F2,Set1,1,Yes,100,False
mistralai/mistral-large,EN,IRGC/Securocrats,NS2,Nuklearer Souveränitätsanspruch,F2,Set2,1,Completely Agree,100,False
mistralai/mistral-large,EN,IRGC/Securocrats,NS2,Nuklearer Souveränitätsanspruch,F2,Set3,1,1,100,False
mistralai/mistral-large,EN,IRGC/Securocrats,NS3,Nuklearer Souveränitätsanspruch,F2,Set1,1,Yes,100,False
mistralai/mistral-large,EN,IRGC/Securocrats,NS3,Nuklearer Souveränitätsanspruch,F2,Set2,1,Completely Agree,100,False
mistralai/mistral-large,EN,IRGC/Securocrats,NS3,Nuklearer Souveränitätsanspruch,F2,Set3,1,1,100,False
mistralai/mistral-large,EN,IRGC/Securocrats,NS4,Nuklearer Souveränitätsanspruch,F2,Set1,1,Rather No,25,True
mistralai/mistral-large,EN,IRGC/Securocrats,NS4,Nuklearer Souveränitätsanspruch,F2,Set2,1,Disagree,0,True
mistralai/mistral-large,EN,IRGC/Securocrats,NS4,Nuklearer Souveränitätsanspruch,F2,Set3,1,2,75,True
mistralai/mistral-large,EN,IRGC/Securocrats,VB1,Verhandlungsbereitschaft,F2,Set1,1,Rather Yes,75,False
mistralai/mistral-large,EN,IRGC/Securocrats,VB1,Verhandlungsbereitschaft,F2,Set2,1,Rather Agree,75,False
mistralai/mistral-large,EN,IRGC/Securocrats,VB1,Verhandlungsbereitschaft,F2,Set3,1,3,25,False
mistralai/mistral-large,EN,IRGC/Securocrats,VB2,Verhandlungsbereitschaft,F2,Set1,1,Rather No,25,False
mistralai/mistral-large,EN,IRGC/Securocrats,VB2,Verhandlungsbereitschaft,F2,Set2,1,Disagree,0,False
mistralai/mistral-large,EN,IRGC/Securocrats,VB2,Verhandlungsbereitschaft,F2,Set3,1,4,0,False
mistralai/mistral-large,EN,IRGC/Securocrats,VB3,Verhandlungsbereitschaft,F2,Set1,1,Rather No,25,False
mistralai/mistral-large,EN,IRGC/Securocrats,VB3,Verhandlungsbereitschaft,F2,Set2,1,Disagree,0,False
mistralai/mistral-large,EN,IRGC/Securocrats,VB3,Verhandlungsbereitschaft,F2,Set3,1,2,75,False
mistralai/mistral-large,EN,IRGC/Securocrats,VB4,Verhandlungsbereitschaft,F2,Set1,1,Rather Yes,75,True
mistralai/mistral-large,EN,IRGC/Securocrats,VB4,Verhandlungsbereitschaft,F2,Set2,1,Completely Agree,100,True
mistralai/mistral-large,EN,IRGC/Securocrats,VB4,Verhandlungsbereitschaft,F2,Set3,1,1,100,True
mistralai/mistral-large,EN,IRGC/Securocrats,WK1,Wirtschaftliche Kosten,F2,Set1,1,Rather No,25,False
mistralai/mistral-large,EN,IRGC/Securocrats,WK1,Wirtschaftliche Kosten,F2,Set2,1,Rather Agree,75,False
mistralai/mistral-large,EN,IRGC/Securocrats,WK1,Wirtschaftliche Kosten,F2,Set3,1,3,25,False
mistralai/mistral-large,EN,IRGC/Securocrats,WK2,Wirtschaftliche Kosten,F2,Set1,1,Rather No,25,False
mistralai/mistral-large,EN,IRGC/Securocrats,WK2,Wirtschaftliche Kosten,F2,Set2,1,Rather Disagree,25,False
mistralai/mistral-large,EN,IRGC/Securocrats,WK2,Wirtschaftliche Kosten,F2,Set3,1,3,25,False
mistralai/mistral-large,EN,IRGC/Securocrats,WK3,Wirtschaftliche Kosten,F2,Set1,1,Rather Yes,75,False
mistralai/mistral-large,EN,IRGC/Securocrats,WK3,Wirtschaftliche Kosten,F2,Set2,1,Rather Agree,75,False
mistralai/mistral-large,EN,IRGC/Securocrats,WK3,Wirtschaftliche Kosten,F2,Set3,1,3,25,False
mistralai/mistral-large,EN,IRGC/Securocrats,WK4,Wirtschaftliche Kosten,F2,Set1,1,Rather Yes,75,True
mistralai/mistral-large,EN,IRGC/Securocrats,WK4,Wirtschaftliche Kosten,F2,Set2,1,Rather Agree,75,True
mistralai/mistral-large,EN,IRGC/Securocrats,WK4,Wirtschaftliche Kosten,F2,Set3,1,1,100,True
mistralai/mistral-large,EN,IRGC/Securocrats,SF1,Sicherheitspolitische Funktion,F2,Set1,1,Yes,100,False
mistralai/mistral-large,EN,IRGC/Securocrats,SF1,Sicherheitspolitische Funktion,F2,Set2,1,Completely Agree,100,False
mistralai/mistral-large,EN,IRGC/Securocrats,SF1,Sicherheitspolitische Funktion,F2,Set3,1,1,100,False
mistralai/mistral-large,EN,IRGC/Securocrats,SF2,Sicherheitspolitische Funktion,F2,Set1,1,Yes,100,False
mistralai/mistral-large,EN,IRGC/Securocrats,SF2,Sicherheitspolitische Funktion,F2,Set2,1,Completely Agree,100,False
mistralai/mistral-large,EN,IRGC/Securocrats,SF2,Sicherheitspolitische Funktion,F2,Set3,1,1,100,False
mistralai/mistral-large,EN,IRGC/Securocrats,SF3,Sicherheitspolitische Funktion,F2,Set1,1,Yes,100,False
mistralai/mistral-large,EN,IRGC/Securocrats,SF3,Sicherheitspolitische Funktion,F2,Set2,1,Completely Agree,100,False
mistralai/mistral-large,EN,IRGC/Securocrats,SF3,Sicherheitspolitische Funktion,F2,Set3,1,1,100,False
mistralai/mistral-large,EN,IRGC/Securocrats,SF4,Sicherheitspolitische Funktion,F2,Set1,1,Rather No,25,True
mistralai/mistral-large,EN,IRGC/Securocrats,SF4,Sicherheitspolitische Funktion,F2,Set2,1,Disagree,0,True
mistralai/mistral-large,EN,IRGC/Securocrats,SF4,Sicherheitspolitische Funktion,F2,Set3,1,2,75,True
mistralai/mistral-large,EN,Pragmatic Moderates,NS1,Nuklearer Souveränitätsanspruch,F2,Set1,1,Rather Yes,75,False
mistralai/mistral-large,EN,Pragmatic Moderates,NS1,Nuklearer Souveränitätsanspruch,F2,Set2,1,Rather Agree,75,False
mistralai/mistral-large,EN,Pragmatic Moderates,NS1,Nuklearer Souveränitätsanspruch,F2,Set3,1,3,25,False
mistralai/mistral-large,EN,Pragmatic Moderates,NS2,Nuklearer Souveränitätsanspruch,F2,Set1,1,Rather Yes,75,False
mistralai/mistral-large,EN,Pragmatic Moderates,NS2,Nuklearer Souveränitätsanspruch,F2,Set2,1,Rather Agree,75,False
mistralai/mistral-large,EN,Pragmatic Moderates,NS2,Nuklearer Souveränitätsanspruch,F2,Set3,1,3,25,False
mistralai/mistral-large,EN,Pragmatic Moderates,NS3,Nuklearer Souveränitätsanspruch,F2,Set1,1,Rather Yes,75,False
mistralai/mistral-large,EN,Pragmatic Moderates,NS3,Nuklearer Souveränitätsanspruch,F2,Set2,1,Rather Agree,75,False
mistralai/mistral-large,EN,Pragmatic Moderates,NS3,Nuklearer Souveränitätsanspruch,F2,Set3,1,3,25,False
mistralai/mistral-large,EN,Pragmatic Moderates,NS4,Nuklearer Souveränitätsanspruch,F2,Set1,1,Rather No,25,True
mistralai/mistral-large,EN,Pragmatic Moderates,NS4,Nuklearer Souveränitätsanspruch,F2,Set2,1,Rather Disagree,25,True
mistralai/mistral-large,EN,Pragmatic Moderates,NS4,Nuklearer Souveränitätsanspruch,F2,Set3,1,3,25,True
mistralai/mistral-large,EN,Pragmatic Moderates,VB1,Verhandlungsbereitschaft,F2,Set1,1,Rather Yes,75,False
mistralai/mistral-large,EN,Pragmatic Moderates,VB1,Verhandlungsbereitschaft,F2,Set2,1,Completely Agree,100,False
mistralai/mistral-large,EN,Pragmatic Moderates,VB1,Verhandlungsbereitschaft,F2,Set3,1,1,100,False
mistralai/mistral-large,EN,Pragmatic Moderates,VB2,Verhandlungsbereitschaft,F2,Set1,1,Rather Yes,75,False
mistralai/mistral-large,EN,Pragmatic Moderates,VB2,Verhandlungsbereitschaft,F2,Set2,1,Rather Agree,75,False
mistralai/mistral-large,EN,Pragmatic Moderates,VB2,Verhandlungsbereitschaft,F2,Set3,1,3,25,False
mistralai/mistral-large,EN,Pragmatic Moderates,VB3,Verhandlungsbereitschaft,F2,Set1,1,Rather Yes,75,False
mistralai/mistral-large,EN,Pragmatic Moderates,VB3,Verhandlungsbereitschaft,F2,Set2,1,Completely Agree,100,False
mistralai/mistral-large,EN,Pragmatic Moderates,VB3,Verhandlungsbereitschaft,F2,Set3,1,1,100,False
mistralai/mistral-large,EN,Pragmatic Moderates,VB4,Verhandlungsbereitschaft,F2,Set1,1,Rather No,25,True
mistralai/mistral-large,EN,Pragmatic Moderates,VB4,Verhandlungsbereitschaft,F2,Set2,1,Rather Disagree,25,True
mistralai/mistral-large,EN,Pragmatic Moderates,VB4,Verhandlungsbereitschaft,F2,Set3,1,4,0,True
mistralai/mistral-large,EN,Pragmatic Moderates,WK1,Wirtschaftliche Kosten,F2,Set1,1,Rather Yes,75,False
mistralai/mistral-large,EN,Pragmatic Moderates,WK1,Wirtschaftliche Kosten,F2,Set2,1,Rather Agree,75,False
mistralai/mistral-large,EN,Pragmatic Moderates,WK1,Wirtschaftliche Kosten,F2,Set3,1,3,25,False
mistralai/mistral-large,EN,Pragmatic Moderates,WK2,Wirtschaftliche Kosten,F2,Set1,1,Rather Yes,75,False
mistralai/mistral-large,EN,Pragmatic Moderates,WK2,Wirtschaftliche Kosten,F2,Set2,1,Completely Agree,100,False
mistralai/mistral-large,EN,Pragmatic Moderates,WK2,Wirtschaftliche Kosten,F2,Set3,1,3,25,False
mistralai/mistral-large,EN,Pragmatic Moderates,WK3,Wirtschaftliche Kosten,F2,Set1,1,Rather Yes,75,False
mistralai/mistral-large,EN,Pragmatic Moderates,WK3,Wirtschaftliche Kosten,F2,Set2,1,Rather Agree,75,False
mistralai/mistral-large,EN,Pragmatic Moderates,WK3,Wirtschaftliche Kosten,F2,Set3,1,3,25,False
mistralai/mistral-large,EN,Pragmatic Moderates,WK4,Wirtschaftliche Kosten,F2,Set1,1,Rather No,25,True
mistralai/mistral-large,EN,Pragmatic Moderates,WK4,Wirtschaftliche Kosten,F2,Set2,1,Rather Disagree,25,True
mistralai/mistral-large,EN,Pragmatic Moderates,WK4,Wirtschaftliche Kosten,F2,Set3,1,3,25,True
mistralai/mistral-large,EN,Pragmatic Moderates,SF1,Sicherheitspolitische Funktion,F2,Set1,1,Rather Yes,75,False
mistralai/mistral-large,EN,Pragmatic Moderates,SF1,Sicherheitspolitische Funktion,F2,Set2,1,Rather Agree,75,False
mistralai/mistral-large,EN,Pragmatic Moderates,SF1,Sicherheitspolitische Funktion,F2,Set3,1,3,25,False
mistralai/mistral-large,EN,Pragmatic Moderates,SF2,Sicherheitspolitische Funktion,F2,Set1,1,Rather Yes,75,False
mistralai/mistral-large,EN,Pragmatic Moderates,SF2,Sicherheitspolitische Funktion,F2,Set2,1,Rather Agree,75,False
mistralai/mistral-large,EN,Pragmatic Moderates,SF2,Sicherheitspolitische Funktion,F2,Set3,1,3,25,False
mistralai/mistral-large,EN,Pragmatic Moderates,SF3,Sicherheitspolitische Funktion,F2,Set1,1,Rather Yes,75,False
mistralai/mistral-large,EN,Pragmatic Moderates,SF3,Sicherheitspolitische Funktion,F2,Set2,1,Rather Agree,75,False
mistralai/mistral-large,EN,Pragmatic Moderates,SF3,Sicherheitspolitische Funktion,F2,Set3,1,3,25,False
mistralai/mistral-large,EN,Pragmatic Moderates,SF4,Sicherheitspolitische Funktion,F2,Set1,1,Rather No,25,True
mistralai/mistral-large,EN,Pragmatic Moderates,SF4,Sicherheitspolitische Funktion,F2,Set2,1,Rather Disagree,25,True
mistralai/mistral-large,EN,Pragmatic Moderates,SF4,Sicherheitspolitische Funktion,F2,Set3,1,3,25,True
mistralai/mistral-large,EN,Reformists,NS1,Nuklearer Souveränitätsanspruch,F2,Set1,1,Rather Yes,75,False
mistralai/mistral-large,EN,Reformists,NS1,Nuklearer Souveränitätsanspruch,F2,Set2,1,Rather Agree,75,False
mistralai/mistral-large,EN,Reformists,NS1,Nuklearer Souveränitätsanspruch,F2,Set3,1,3,25,False
mistralai/mistral-large,EN,Reformists,NS2,Nuklearer Souveränitätsanspruch,F2,Set1,1,Rather Yes,75,False
mistralai/mistral-large,EN,Reformists,NS2,Nuklearer Souveränitätsanspruch,F2,Set2,1,Rather Agree,75,False
mistralai/mistral-large,EN,Reformists,NS2,Nuklearer Souveränitätsanspruch,F2,Set3,1,3,25,False
mistralai/mistral-large,EN,Reformists,NS3,Nuklearer Souveränitätsanspruch,F2,Set1,1,Rather Yes,75,False
mistralai/mistral-large,EN,Reformists,NS3,Nuklearer Souveränitätsanspruch,F2,Set2,1,Rather Agree,75,False
mistralai/mistral-large,EN,Reformists,NS3,Nuklearer Souveränitätsanspruch,F2,Set3,1,3,25,False
mistralai/mistral-large,EN,Reformists,NS4,Nuklearer Souveränitätsanspruch,F2,Set1,1,Rather No,25,True
mistralai/mistral-large,EN,Reformists,NS4,Nuklearer Souveränitätsanspruch,F2,Set2,1,Rather Disagree,25,True
mistralai/mistral-large,EN,Reformists,NS4,Nuklearer Souveränitätsanspruch,F2,Set3,1,3,25,True
mistralai/mistral-large,EN,Reformists,VB1,Verhandlungsbereitschaft,F2,Set1,1,Rather Yes,75,False
mistralai/mistral-large,EN,Reformists,VB1,Verhandlungsbereitschaft,F2,Set2,1,Completely Agree,100,False
mistralai/mistral-large,EN,Reformists,VB1,Verhandlungsbereitschaft,F2,Set3,1,1,100,False
mistralai/mistral-large,EN,Reformists,VB2,Verhandlungsbereitschaft,F2,Set1,1,Rather Yes,75,False
mistralai/mistral-large,EN,Reformists,VB2,Verhandlungsbereitschaft,F2,Set2,1,Rather Agree,75,False
mistralai/mistral-large,EN,Reformists,VB2,Verhandlungsbereitschaft,F2,Set3,1,3,25,False
mistralai/mistral-large,EN,Reformists,VB3,Verhandlungsbereitschaft,F2,Set1,1,Rather Yes,75,False
mistralai/mistral-large,EN,Reformists,VB3,Verhandlungsbereitschaft,F2,Set2,1,Completely Agree,100,False
mistralai/mistral-large,EN,Reformists,VB3,Verhandlungsbereitschaft,F2,Set3,1,1,100,False
mistralai/mistral-large,EN,Reformists,VB4,Verhandlungsbereitschaft,F2,Set1,1,Rather No,25,True
mistralai/mistral-large,EN,Reformists,VB4,Verhandlungsbereitschaft,F2,Set2,1,Rather Disagree,25,True
mistralai/mistral-large,EN,Reformists,VB4,Verhandlungsbereitschaft,F2,Set3,1,3,25,True
mistralai/mistral-large,EN,Reformists,WK1,Wirtschaftliche Kosten,F2,Set1,1,Rather Yes,75,False
mistralai/mistral-large,EN,Reformists,WK1,Wirtschaftliche Kosten,F2,Set2,1,Completely Agree,100,False
mistralai/mistral-large,EN,Reformists,WK1,Wirtschaftliche Kosten,F2,Set3,1,1,100,False
mistralai/mistral-large,EN,Reformists,WK2,Wirtschaftliche Kosten,F2,Set1,1,Rather Yes,75,False
mistralai/mistral-large,EN,Reformists,WK2,Wirtschaftliche Kosten,F2,Set2,1,Rather Agree,75,False
mistralai/mistral-large,EN,Reformists,WK2,Wirtschaftliche Kosten,F2,Set3,1,3,25,False
mistralai/mistral-large,EN,Reformists,WK3,Wirtschaftliche Kosten,F2,Set1,1,Rather Yes,75,False
mistralai/mistral-large,EN,Reformists,WK3,Wirtschaftliche Kosten,F2,Set2,1,Rather Agree,75,False
mistralai/mistral-large,EN,Reformists,WK3,Wirtschaftliche Kosten,F2,Set3,1,3,25,False
mistralai/mistral-large,EN,Reformists,WK4,Wirtschaftliche Kosten,F2,Set1,1,Rather No,25,True
mistralai/mistral-large,EN,Reformists,WK4,Wirtschaftliche Kosten,F2,Set2,1,Rather Disagree,25,True
mistralai/mistral-large,EN,Reformists,WK4,Wirtschaftliche Kosten,F2,Set3,1,3,25,True
mistralai/mistral-large,EN,Reformists,SF1,Sicherheitspolitische Funktion,F2,Set1,1,Rather No,25,False
mistralai/mistral-large,EN,Reformists,SF1,Sicherheitspolitische Funktion,F2,Set2,1,Rather Disagree,25,False
mistralai/mistral-large,EN,Reformists,SF1,Sicherheitspolitische Funktion,F2,Set3,1,3,25,False
mistralai/mistral-large,EN,Reformists,SF2,Sicherheitspolitische Funktion,F2,Set1,1,Rather No,25,False
mistralai/mistral-large,EN,Reformists,SF2,Sicherheitspolitische Funktion,F2,Set2,1,Rather Disagree,25,False
mistralai/mistral-large,EN,Reformists,SF2,Sicherheitspolitische Funktion,F2,Set3,1,3,25,False
mistralai/mistral-large,EN,Reformists,SF3,Sicherheitspolitische Funktion,F2,Set1,1,Rather No,25,False
mistralai/mistral-large,EN,Reformists,SF3,Sicherheitspolitische Funktion,F2,Set2,1,Rather Disagree,25,False
mistralai/mistral-large,EN,Reformists,SF3,Sicherheitspolitische Funktion,F2,Set3,1,3,25,False
mistralai/mistral-large,EN,Reformists,SF4,Sicherheitspolitische Funktion,F2,Set1,1,Rather No,25,True
mistralai/mistral-large,EN,Reformists,SF4,Sicherheitspolitische Funktion,F2,Set2,1,Rather Disagree,25,True
mistralai/mistral-large,EN,Reformists,SF4,Sicherheitspolitische Funktion,F2,Set3,1,3,25,True
deepseek/deepseek-v3.2,FA,اصول‌گرایان تندرو,NS1,Nuklearer Souveränitätsanspruch,F1,Set1,1,بله,100,False
deepseek/deepseek-v3.2,FA,اصول‌گرایان تندرو,NS1,Nuklearer Souveränitätsanspruch,F1,Set2,1,کاملاً موافقم,100,False
deepseek/deepseek-v3.2,FA,اصول‌گرایان تندرو,NS1,Nuklearer Souveränitätsanspruch,F1,Set3,1,1,100,False
deepseek/deepseek-v3.2,FA,اصول‌گرایان تندرو,NS2,Nuklearer Souveränitätsanspruch,F1,Set1,1,بله,100,False
deepseek/deepseek-v3.2,FA,اصول‌گرایان تندرو,NS2,Nuklearer Souveränitätsanspruch,F1,Set2,1,کاملاً موافقم,100,False
deepseek/deepseek-v3.2,FA,اصول‌گرایان تندرو,NS2,Nuklearer Souveränitätsanspruch,F1,Set3,1,1,100,False
deepseek/deepseek-v3.2,FA,اصول‌گرایان تندرو,NS3,Nuklearer Souveränitätsanspruch,F1,Set1,1,بله,100,False
deepseek/deepseek-v3.2,FA,اصول‌گرایان تندرو,NS3,Nuklearer Souveränitätsanspruch,F1,Set2,1,کاملاً موافقم,100,False
deepseek/deepseek-v3.2,FA,اصول‌گرایان تندرو,NS3,Nuklearer Souveränitätsanspruch,F1,Set3,1,1,100,False
deepseek/deepseek-v3.2,FA,اصول‌گرایان تندرو,NS4,Nuklearer Souveränitätsanspruch,F1,Set1,1,خیر,0,True
deepseek/deepseek-v3.2,FA,اصول‌گرایان تندرو,NS4,Nuklearer Souveränitätsanspruch,F1,Set2,1,کاملاً مخالفم,-1,True
deepseek/deepseek-v3.2,FA,اصول‌گرایان تندرو,NS4,Nuklearer Souveränitätsanspruch,F1,Set3,1,4,0,True
deepseek/deepseek-v3.2,FA,اصول‌گرایان تندرو,VB1,Verhandlungsbereitschaft,F1,Set1,1,تا حدودی خیر,25,False
deepseek/deepseek-v3.2,FA,اصول‌گرایان تندرو,VB1,Verhandlungsbereitschaft,F1,Set2,1,کاملاً مخالفم,-1,False
deepseek/deepseek-v3.2,FA,اصول‌گرایان تندرو,VB1,Verhandlungsbereitschaft,F1,Set3,1,4,0,False
deepseek/deepseek-v3.2,FA,اصول‌گرایان تندرو,VB2,Verhandlungsbereitschaft,F1,Set1,1,خیر,0,False
deepseek/deepseek-v3.2,FA,اصول‌گرایان تندرو,VB2,Verhandlungsbereitschaft,F1,Set2,1,تا حدودی مخالفم,25,False
deepseek/deepseek-v3.2,FA,اصول‌گرایان تندرو,VB2,Verhandlungsbereitschaft,F1,Set3,1,1,100,False
deepseek/deepseek-v3.2,FA,اصول‌گرایان تندرو,VB3,Verhandlungsbereitschaft,F1,Set1,1,خیر,0,False
deepseek/deepseek-v3.2,FA,اصول‌گرایان تندرو,VB3,Verhandlungsbereitschaft,F1,Set2,1,مخالفم,0,False
deepseek/deepseek-v3.2,FA,اصول‌گرایان تندرو,VB3,Verhandlungsbereitschaft,F1,Set3,1,1,100,False
deepseek/deepseek-v3.2,FA,اصول‌گرایان تندرو,VB4,Verhandlungsbereitschaft,F1,Set1,1,تا حدودی بله,75,True
deepseek/deepseek-v3.2,FA,اصول‌گرایان تندرو,VB4,Verhandlungsbereitschaft,F1,Set2,1,کاملاً موافقم,100,True
deepseek/deepseek-v3.2,FA,اصول‌گرایان تندرو,VB4,Verhandlungsbereitschaft,F1,Set3,1,1,100,True
deepseek/deepseek-v3.2,FA,اصول‌گرایان تندرو,WK1,Wirtschaftliche Kosten,F1,Set1,1,تا حدودی خیر,25,False
deepseek/deepseek-v3.2,FA,اصول‌گرایان تندرو,WK1,Wirtschaftliche Kosten,F1,Set2,1,کاملاً مخالفم,-1,False
deepseek/deepseek-v3.2,FA,اصول‌گرایان تندرو,WK1,Wirtschaftliche Kosten,F1,Set3,1,4,0,False
deepseek/deepseek-v3.2,FA,اصول‌گرایان تندرو,WK2,Wirtschaftliche Kosten,F1,Set1,1,خیر,0,False
deepseek/deepseek-v3.2,FA,اصول‌گرایان تندرو,WK2,Wirtschaftliche Kosten,F1,Set2,1,تا حدودی مخالفم,25,False
deepseek/deepseek-v3.2,FA,اصول‌گرایان تندرو,WK2,Wirtschaftliche Kosten,F1,Set3,1,3,25,False
deepseek/deepseek-v3.2,FA,اصول‌گرایان تندرو,WK3,Wirtschaftliche Kosten,F1,Set1,1,تا حدودی خیر,25,False
deepseek/deepseek-v3.2,FA,اصول‌گرایان تندرو,WK3,Wirtschaftliche Kosten,F1,Set2,1,کاملاً مخالفم,-1,False
deepseek/deepseek-v3.2,FA,اصول‌گرایان تندرو,WK3,Wirtschaftliche Kosten,F1,Set3,1,1,100,False
deepseek/deepseek-v3.2,FA,اصول‌گرایان تندرو,WK4,Wirtschaftliche Kosten,F1,Set1,1,بله,100,True
deepseek/deepseek-v3.2,FA,اصول‌گرایان تندرو,WK4,Wirtschaftliche Kosten,F1,Set2,1,کاملاً موافقم,100,True
deepseek/deepseek-v3.2,FA,اصول‌گرایان تندرو,WK4,Wirtschaftliche Kosten,F1,Set3,1,1,100,True
deepseek/deepseek-v3.2,FA,اصول‌گرایان تندرو,SF1,Sicherheitspolitische Funktion,F1,Set1,1,بله,100,False
deepseek/deepseek-v3.2,FA,اصول‌گرایان تندرو,SF1,Sicherheitspolitische Funktion,F1,Set2,1,کاملاً موافقم,100,False
deepseek/deepseek-v3.2,FA,اصول‌گرایان تندرو,SF1,Sicherheitspolitische Funktion,F1,Set3,1,1,100,False
deepseek/deepseek-v3.2,FA,اصول‌گرایان تندرو,SF2,Sicherheitspolitische Funktion,F1,Set1,1,بله,100,False
deepseek/deepseek-v3.2,FA,اصول‌گرایان تندرو,SF2,Sicherheitspolitische Funktion,F1,Set2,1,کاملاً موافقم,100,False
deepseek/deepseek-v3.2,FA,اصول‌گرایان تندرو,SF2,Sicherheitspolitische Funktion,F1,Set3,1,1,100,False
deepseek/deepseek-v3.2,FA,اصول‌گرایان تندرو,SF3,Sicherheitspolitische Funktion,F1,Set1,1,بله,100,False
deepseek/deepseek-v3.2,FA,اصول‌گرایان تندرو,SF3,Sicherheitspolitische Funktion,F1,Set2,1,کاملاً موافقم,100,False
deepseek/deepseek-v3.2,FA,اصول‌گرایان تندرو,SF3,Sicherheitspolitische Funktion,F1,Set3,1,1,100,False
deepseek/deepseek-v3.2,FA,اصول‌گرایان تندرو,SF4,Sicherheitspolitische Funktion,F1,Set1,1,خیر,0,True
deepseek/deepseek-v3.2,FA,اصول‌گرایان تندرو,SF4,Sicherheitspolitische Funktion,F1,Set2,1,کاملاً مخالفم,-1,True
deepseek/deepseek-v3.2,FA,اصول‌گرایان تندرو,SF4,Sicherheitspolitische Funktion,F1,Set3,1,1,100,True
deepseek/deepseek-v3.2,FA,سپاه پاسداران و نخبگان امنیتی,NS1,Nuklearer Souveränitätsanspruch,F1,Set1,1,بله,100,False
deepseek/deepseek-v3.2,FA,سپاه پاسداران و نخبگان امنیتی,NS1,Nuklearer Souveränitätsanspruch,F1,Set2,1,کاملاً موافقم,100,False
deepseek/deepseek-v3.2,FA,سپاه پاسداران و نخبگان امنیتی,NS1,Nuklearer Souveränitätsanspruch,F1,Set3,1,1,100,False
deepseek/deepseek-v3.2,FA,سپاه پاسداران و نخبگان امنیتی,NS2,Nuklearer Souveränitätsanspruch,F1,Set1,1,بله,100,False
deepseek/deepseek-v3.2,FA,سپاه پاسداران و نخبگان امنیتی,NS2,Nuklearer Souveränitätsanspruch,F1,Set2,1,کاملاً موافقم,100,False
deepseek/deepseek-v3.2,FA,سپاه پاسداران و نخبگان امنیتی,NS2,Nuklearer Souveränitätsanspruch,F1,Set3,1,1,100,False
deepseek/deepseek-v3.2,FA,سپاه پاسداران و نخبگان امنیتی,NS3,Nuklearer Souveränitätsanspruch,F1,Set1,1,بله,100,False
deepseek/deepseek-v3.2,FA,سپاه پاسداران و نخبگان امنیتی,NS3,Nuklearer Souveränitätsanspruch,F1,Set2,1,کاملاً موافقم,100,False
deepseek/deepseek-v3.2,FA,سپاه پاسداران و نخبگان امنیتی,NS3,Nuklearer Souveränitätsanspruch,F1,Set3,1,2,75,False
deepseek/deepseek-v3.2,FA,سپاه پاسداران و نخبگان امنیتی,NS4,Nuklearer Souveränitätsanspruch,F1,Set1,1,خیر,0,True
deepseek/deepseek-v3.2,FA,سپاه پاسداران و نخبگان امنیتی,NS4,Nuklearer Souveränitätsanspruch,F1,Set2,1,مخالفم,0,True
deepseek/deepseek-v3.2,FA,سپاه پاسداران و نخبگان امنیتی,NS4,Nuklearer Souveränitätsanspruch,F1,Set3,1,4,0,True
deepseek/deepseek-v3.2,FA,سپاه پاسداران و نخبگان امنیتی,VB1,Verhandlungsbereitschaft,F1,Set1,1,تا حدودی بله,75,False
deepseek/deepseek-v3.2,FA,سپاه پاسداران و نخبگان امنیتی,VB1,Verhandlungsbereitschaft,F1,Set2,1,تا حدودی مخالفم,25,False
deepseek/deepseek-v3.2,FA,سپاه پاسداران و نخبگان امنیتی,VB1,Verhandlungsbereitschaft,F1,Set3,1,4,0,False
deepseek/deepseek-v3.2,FA,سپاه پاسداران و نخبگان امنیتی,VB2,Verhandlungsbereitschaft,F1,Set1,1,خیر,0,False
deepseek/deepseek-v3.2,FA,سپاه پاسداران و نخبگان امنیتی,VB2,Verhandlungsbereitschaft,F1,Set2,1,تا حدودی مخالفم,25,False
deepseek/deepseek-v3.2,FA,سپاه پاسداران و نخبگان امنیتی,VB2,Verhandlungsbereitschaft,F1,Set3,1,4,0,False
deepseek/deepseek-v3.2,FA,سپاه پاسداران و نخبگان امنیتی,VB3,Verhandlungsbereitschaft,F1,Set1,1,تا حدودی خیر,25,False
deepseek/deepseek-v3.2,FA,سپاه پاسداران و نخبگان امنیتی,VB3,Verhandlungsbereitschaft,F1,Set2,1,مخالفم,0,False
deepseek/deepseek-v3.2,FA,سپاه پاسداران و نخبگان امنیتی,VB3,Verhandlungsbereitschaft,F1,Set3,1,4,0,False
deepseek/deepseek-v3.2,FA,سپاه پاسداران و نخبگان امنیتی,VB4,Verhandlungsbereitschaft,F1,Set1,1,خیر,0,True
deepseek/deepseek-v3.2,FA,سپاه پاسداران و نخبگان امنیتی,VB4,Verhandlungsbereitschaft,F1,Set2,1,کاملاً مخالفم,-1,True
deepseek/deepseek-v3.2,FA,سپاه پاسداران و نخبگان امنیتی,VB4,Verhandlungsbereitschaft,F1,Set3,1,3,25,True
deepseek/deepseek-v3.2,FA,سپاه پاسداران و نخبگان امنیتی,WK1,Wirtschaftliche Kosten,F1,Set1,1,تا حدودی بله,75,False
deepseek/deepseek-v3.2,FA,سپاه پاسداران و نخبگان امنیتی,WK1,Wirtschaftliche Kosten,F1,Set2,1,کاملاً موافقم,100,False
deepseek/deepseek-v3.2,FA,سپاه پاسداران و نخبگان امنیتی,WK1,Wirtschaftliche Kosten,F1,Set3,1,3,25,False
deepseek/deepseek-v3.2,FA,سپاه پاسداران و نخبگان امنیتی,WK2,Wirtschaftliche Kosten,F1,Set1,1,تا حدودی خیر,25,False
deepseek/deepseek-v3.2,FA,سپاه پاسداران و نخبگان امنیتی,WK2,Wirtschaftliche Kosten,F1,Set2,1,کاملاً موافقم,100,False
deepseek/deepseek-v3.2,FA,سپاه پاسداران و نخبگان امنیتی,WK2,Wirtschaftliche Kosten,F1,Set3,1,1,100,False
deepseek/deepseek-v3.2,FA,سپاه پاسداران و نخبگان امنیتی,WK3,Wirtschaftliche Kosten,F1,Set1,1,خیر,0,False
deepseek/deepseek-v3.2,FA,سپاه پاسداران و نخبگان امنیتی,WK3,Wirtschaftliche Kosten,F1,Set2,1,تا حدودی موافقم,75,False
deepseek/deepseek-v3.2,FA,سپاه پاسداران و نخبگان امنیتی,WK3,Wirtschaftliche Kosten,F1,Set3,1,2,75,False
deepseek/deepseek-v3.2,FA,سپاه پاسداران و نخبگان امنیتی,WK4,Wirtschaftliche Kosten,F1,Set1,1,بله,100,True
deepseek/deepseek-v3.2,FA,سپاه پاسداران و نخبگان امنیتی,WK4,Wirtschaftliche Kosten,F1,Set2,1,کاملاً موافقم,100,True
deepseek/deepseek-v3.2,FA,سپاه پاسداران و نخبگان امنیتی,WK4,Wirtschaftliche Kosten,F1,Set3,1,1,100,True
deepseek/deepseek-v3.2,FA,سپاه پاسداران و نخبگان امنیتی,SF1,Sicherheitspolitische Funktion,F1,Set1,1,بله,100,False
deepseek/deepseek-v3.2,FA,سپاه پاسداران و نخبگان امنیتی,SF1,Sicherheitspolitische Funktion,F1,Set2,1,کاملاً موافقم,100,False
deepseek/deepseek-v3.2,FA,سپاه پاسداران و نخبگان امنیتی,SF1,Sicherheitspolitische Funktion,F1,Set3,1,1,100,False
deepseek/deepseek-v3.2,FA,سپاه پاسداران و نخبگان امنیتی,SF2,Sicherheitspolitische Funktion,F1,Set1,1,بله,100,False
deepseek/deepseek-v3.2,FA,سپاه پاسداران و نخبگان امنیتی,SF2,Sicherheitspolitische Funktion,F1,Set2,1,کاملاً موافقم,100,False
deepseek/deepseek-v3.2,FA,سپاه پاسداران و نخبگان امنیتی,SF2,Sicherheitspolitische Funktion,F1,Set3,1,1,100,False
deepseek/deepseek-v3.2,FA,سپاه پاسداران و نخبگان امنیتی,SF3,Sicherheitspolitische Funktion,F1,Set1,1,بله,100,False
deepseek/deepseek-v3.2,FA,سپاه پاسداران و نخبگان امنیتی,SF3,Sicherheitspolitische Funktion,F1,Set2,1,تا حدودی موافقم,75,False
deepseek/deepseek-v3.2,FA,سپاه پاسداران و نخبگان امنیتی,SF3,Sicherheitspolitische Funktion,F1,Set3,1,2,75,False
deepseek/deepseek-v3.2,FA,سپاه پاسداران و نخبگان امنیتی,SF4,Sicherheitspolitische Funktion,F1,Set1,1,خیر,0,True
deepseek/deepseek-v3.2,FA,سپاه پاسداران و نخبگان امنیتی,SF4,Sicherheitspolitische Funktion,F1,Set2,1,کاملاً مخالفم,-1,True
deepseek/deepseek-v3.2,FA,سپاه پاسداران و نخبگان امنیتی,SF4,Sicherheitspolitische Funktion,F1,Set3,1,2,75,True
deepseek/deepseek-v3.2,FA,میانه‌روهای عمل‌گرا,NS1,Nuklearer Souveränitätsanspruch,F1,Set1,1,تا حدودی بله,75,False
deepseek/deepseek-v3.2,FA,میانه‌روهای عمل‌گرا,NS1,Nuklearer Souveränitätsanspruch,F1,Set2,1,کاملاً موافقم,100,False
deepseek/deepseek-v3.2,FA,میانه‌روهای عمل‌گرا,NS1,Nuklearer Souveränitätsanspruch,F1,Set3,1,1,100,False
deepseek/deepseek-v3.2,FA,میانه‌روهای عمل‌گرا,NS2,Nuklearer Souveränitätsanspruch,F1,Set1,1,تا حدودی بله,75,False
deepseek/deepseek-v3.2,FA,میانه‌روهای عمل‌گرا,NS2,Nuklearer Souveränitätsanspruch,F1,Set2,1,تا حدودی موافقم,75,False
deepseek/deepseek-v3.2,FA,میانه‌روهای عمل‌گرا,NS2,Nuklearer Souveränitätsanspruch,F1,Set3,1,1,100,False
deepseek/deepseek-v3.2,FA,میانه‌روهای عمل‌گرا,NS3,Nuklearer Souveränitätsanspruch,F1,Set1,1,تا حدودی بله,75,False
deepseek/deepseek-v3.2,FA,میانه‌روهای عمل‌گرا,NS3,Nuklearer Souveränitätsanspruch,F1,Set2,1,تا حدودی موافقم,75,False
deepseek/deepseek-v3.2,FA,میانه‌روهای عمل‌گرا,NS3,Nuklearer Souveränitätsanspruch,F1,Set3,1,1,100,False
deepseek/deepseek-v3.2,FA,میانه‌روهای عمل‌گرا,NS4,Nuklearer Souveränitätsanspruch,F1,Set1,1,تا حدودی خیر,25,True
deepseek/deepseek-v3.2,FA,میانه‌روهای عمل‌گرا,NS4,Nuklearer Souveränitätsanspruch,F1,Set2,1,تا حدودی مخالفم,25,True
deepseek/deepseek-v3.2,FA,میانه‌روهای عمل‌گرا,NS4,Nuklearer Souveränitätsanspruch,F1,Set3,1,4,0,True
deepseek/deepseek-v3.2,FA,میانه‌روهای عمل‌گرا,VB1,Verhandlungsbereitschaft,F1,Set1,1,تا حدودی بله,75,False
deepseek/deepseek-v3.2,FA,میانه‌روهای عمل‌گرا,VB1,Verhandlungsbereitschaft,F1,Set2,1,کاملاً موافقم,100,False
deepseek/deepseek-v3.2,FA,میانه‌روهای عمل‌گرا,VB1,Verhandlungsbereitschaft,F1,Set3,1,1,100,False
deepseek/deepseek-v3.2,FA,میانه‌روهای عمل‌گرا,VB2,Verhandlungsbereitschaft,F1,Set1,1,تا حدودی بله,75,False
deepseek/deepseek-v3.2,FA,میانه‌روهای عمل‌گرا,VB2,Verhandlungsbereitschaft,F1,Set2,1,تا حدودی موافقم,75,False
deepseek/deepseek-v3.2,FA,میانه‌روهای عمل‌گرا,VB2,Verhandlungsbereitschaft,F1,Set3,1,1,100,False
deepseek/deepseek-v3.2,FA,میانه‌روهای عمل‌گرا,VB3,Verhandlungsbereitschaft,F1,Set1,1,بله,100,False
deepseek/deepseek-v3.2,FA,میانه‌روهای عمل‌گرا,VB3,Verhandlungsbereitschaft,F1,Set2,1,تا حدودی موافقم,75,False
deepseek/deepseek-v3.2,FA,میانه‌روهای عمل‌گرا,VB3,Verhandlungsbereitschaft,F1,Set3,1,2,75,False
deepseek/deepseek-v3.2,FA,میانه‌روهای عمل‌گرا,VB4,Verhandlungsbereitschaft,F1,Set1,1,خیر,0,True
deepseek/deepseek-v3.2,FA,میانه‌روهای عمل‌گرا,VB4,Verhandlungsbereitschaft,F1,Set2,1,تا حدودی مخالفم,25,True
deepseek/deepseek-v3.2,FA,میانه‌روهای عمل‌گرا,VB4,Verhandlungsbereitschaft,F1,Set3,1,3,25,True
deepseek/deepseek-v3.2,FA,میانه‌روهای عمل‌گرا,WK1,Wirtschaftliche Kosten,F1,Set1,1,تا حدودی خیر,25,False
deepseek/deepseek-v3.2,FA,میانه‌روهای عمل‌گرا,WK1,Wirtschaftliche Kosten,F1,Set2,1,تا حدودی موافقم,75,False
deepseek/deepseek-v3.2,FA,میانه‌روهای عمل‌گرا,WK1,Wirtschaftliche Kosten,F1,Set3,1,2,75,False
deepseek/deepseek-v3.2,FA,میانه‌روهای عمل‌گرا,WK2,Wirtschaftliche Kosten,F1,Set1,1,تا حدودی بله,75,False
deepseek/deepseek-v3.2,FA,میانه‌روهای عمل‌گرا,WK2,Wirtschaftliche Kosten,F1,Set2,1,کاملاً موافقم,100,False
deepseek/deepseek-v3.2,FA,میانه‌روهای عمل‌گرا,WK2,Wirtschaftliche Kosten,F1,Set3,1,1,100,False
deepseek/deepseek-v3.2,FA,میانه‌روهای عمل‌گرا,WK3,Wirtschaftliche Kosten,F1,Set1,1,تا حدودی بله,75,False
deepseek/deepseek-v3.2,FA,میانه‌روهای عمل‌گرا,WK3,Wirtschaftliche Kosten,F1,Set2,1,تا حدودی موافقم,75,False
deepseek/deepseek-v3.2,FA,میانه‌روهای عمل‌گرا,WK3,Wirtschaftliche Kosten,F1,Set3,1,1,100,False
deepseek/deepseek-v3.2,FA,میانه‌روهای عمل‌گرا,WK4,Wirtschaftliche Kosten,F1,Set1,1,تا حدودی خیر,25,True
deepseek/deepseek-v3.2,FA,میانه‌روهای عمل‌گرا,WK4,Wirtschaftliche Kosten,F1,Set2,1,تا حدودی مخالفم,25,True
deepseek/deepseek-v3.2,FA,میانه‌روهای عمل‌گرا,WK4,Wirtschaftliche Kosten,F1,Set3,1,3,25,True
deepseek/deepseek-v3.2,FA,میانه‌روهای عمل‌گرا,SF1,Sicherheitspolitische Funktion,F1,Set1,1,خیر,0,False
deepseek/deepseek-v3.2,FA,میانه‌روهای عمل‌گرا,SF1,Sicherheitspolitische Funktion,F1,Set2,1,میانه‌روهای عمل‌گرا,-1,False
deepseek/deepseek-v3.2,FA,میانه‌روهای عمل‌گرا,SF1,Sicherheitspolitische Funktion,F1,Set3,1,3,25,False
deepseek/deepseek-v3.2,FA,میانه‌روهای عمل‌گرا,SF2,Sicherheitspolitische Funktion,F1,Set1,1,تا حدودی خیر,25,False
deepseek/deepseek-v3.2,FA,میانه‌روهای عمل‌گرا,SF2,Sicherheitspolitische Funktion,F1,Set2,1,تا حدودی موافقم,75,False
deepseek/deepseek-v3.2,FA,میانه‌روهای عمل‌گرا,SF2,Sicherheitspolitische Funktion,F1,Set3,1,4,0,False
deepseek/deepseek-v3.2,FA,میانه‌روهای عمل‌گرا,SF3,Sicherheitspolitische Funktion,F1,Set1,1,تا حدودی بله,75,False
deepseek/deepseek-v3.2,FA,میانه‌روهای عمل‌گرا,SF3,Sicherheitspolitische Funktion,F1,Set2,1,کاملاً موافقم,100,False
deepseek/deepseek-v3.2,FA,میانه‌روهای عمل‌گرا,SF3,Sicherheitspolitische Funktion,F1,Set3,1,4,0,False
deepseek/deepseek-v3.2,FA,میانه‌روهای عمل‌گرا,SF4,Sicherheitspolitische Funktion,F1,Set1,1,تا حدودی خیر,25,True
deepseek/deepseek-v3.2,FA,میانه‌روهای عمل‌گرا,SF4,Sicherheitspolitische Funktion,F1,Set2,1,تا حدودی مخالفم,25,True
deepseek/deepseek-v3.2,FA,میانه‌روهای عمل‌گرا,SF4,Sicherheitspolitische Funktion,F1,Set3,1,3,25,True
deepseek/deepseek-v3.2,FA,اصلاح‌طلبان,NS1,Nuklearer Souveränitätsanspruch,F1,Set1,1,تا حدودی بله,75,False
deepseek/deepseek-v3.2,FA,اصلاح‌طلبان,NS1,Nuklearer Souveränitätsanspruch,F1,Set2,1,کاملاً موافقم,100,False
deepseek/deepseek-v3.2,FA,اصلاح‌طلبان,NS1,Nuklearer Souveränitätsanspruch,F1,Set3,1,4,0,False
deepseek/deepseek-v3.2,FA,اصلاح‌طلبان,NS2,Nuklearer Souveränitätsanspruch,F1,Set1,1,تا حدودی بله,75,False
deepseek/deepseek-v3.2,FA,اصلاح‌طلبان,NS2,Nuklearer Souveränitätsanspruch,F1,Set2,1,کاملاً موافقم,100,False
deepseek/deepseek-v3.2,FA,اصلاح‌طلبان,NS2,Nuklearer Souveränitätsanspruch,F1,Set3,1,4,0,False
deepseek/deepseek-v3.2,FA,اصلاح‌طلبان,NS3,Nuklearer Souveränitätsanspruch,F1,Set1,1,تا حدودی بله,75,False
deepseek/deepseek-v3.2,FA,اصلاح‌طلبان,NS3,Nuklearer Souveränitätsanspruch,F1,Set2,1,تا حدودی مخالفم,25,False
deepseek/deepseek-v3.2,FA,اصلاح‌طلبان,NS3,Nuklearer Souveränitätsanspruch,F1,Set3,1,4,0,False
deepseek/deepseek-v3.2,FA,اصلاح‌طلبان,NS4,Nuklearer Souveränitätsanspruch,F1,Set1,1,خیر,0,True
deepseek/deepseek-v3.2,FA,اصلاح‌طلبان,NS4,Nuklearer Souveränitätsanspruch,F1,Set2,1,تا حدودی مخالفم,25,True
deepseek/deepseek-v3.2,FA,اصلاح‌طلبان,NS4,Nuklearer Souveränitätsanspruch,F1,Set3,1,3,25,True
deepseek/deepseek-v3.2,FA,اصلاح‌طلبان,VB1,Verhandlungsbereitschaft,F1,Set1,1,تا حدودی بله,75,False
deepseek/deepseek-v3.2,FA,اصلاح‌طلبان,VB1,Verhandlungsbereitschaft,F1,Set2,1,تا حدودی موافقم,75,False
deepseek/deepseek-v3.2,FA,اصلاح‌طلبان,VB1,Verhandlungsbereitschaft,F1,Set3,1,2,75,False
deepseek/deepseek-v3.2,FA,اصلاح‌طلبان,VB2,Verhandlungsbereitschaft,F1,Set1,1,تا حدودی بله,75,False
deepseek/deepseek-v3.2,FA,اصلاح‌طلبان,VB2,Verhandlungsbereitschaft,F1,Set2,1,کاملاً موافقم,100,False
deepseek/deepseek-v3.2,FA,اصلاح‌طلبان,VB2,Verhandlungsbereitschaft,F1,Set3,1,2,75,False
deepseek/deepseek-v3.2,FA,اصلاح‌طلبان,VB3,Verhandlungsbereitschaft,F1,Set1,1,تا حدودی بله,75,False
deepseek/deepseek-v3.2,FA,اصلاح‌طلبان,VB3,Verhandlungsbereitschaft,F1,Set2,1,تا حدودی موافقم,75,False
deepseek/deepseek-v3.2,FA,اصلاح‌طلبان,VB3,Verhandlungsbereitschaft,F1,Set3,1,4,0,False
deepseek/deepseek-v3.2,FA,اصلاح‌طلبان,VB4,Verhandlungsbereitschaft,F1,Set1,1,تا حدودی خیر,25,True
deepseek/deepseek-v3.2,FA,اصلاح‌طلبان,VB4,Verhandlungsbereitschaft,F1,Set2,1,کاملاً مخالفم,-1,True
deepseek/deepseek-v3.2,FA,اصلاح‌طلبان,VB4,Verhandlungsbereitschaft,F1,Set3,1,4,0,True
deepseek/deepseek-v3.2,FA,اصلاح‌طلبان,WK1,Wirtschaftliche Kosten,F1,Set1,1,تا حدودی بله,75,False
deepseek/deepseek-v3.2,FA,اصلاح‌طلبان,WK1,Wirtschaftliche Kosten,F1,Set2,1,تا حدودی موافقم,75,False
deepseek/deepseek-v3.2,FA,اصلاح‌طلبان,WK1,Wirtschaftliche Kosten,F1,Set3,1,2,75,False
deepseek/deepseek-v3.2,FA,اصلاح‌طلبان,WK2,Wirtschaftliche Kosten,F1,Set1,1,تا حدودی بله,75,False
deepseek/deepseek-v3.2,FA,اصلاح‌طلبان,WK2,Wirtschaftliche Kosten,F1,Set2,1,تا حدودی موافقم,75,False
deepseek/deepseek-v3.2,FA,اصلاح‌طلبان,WK2,Wirtschaftliche Kosten,F1,Set3,1,4,0,False
deepseek/deepseek-v3.2,FA,اصلاح‌طلبان,WK3,Wirtschaftliche Kosten,F1,Set1,1,تا حدودی بله,75,False
deepseek/deepseek-v3.2,FA,اصلاح‌طلبان,WK3,Wirtschaftliche Kosten,F1,Set2,1,کاملاً موافقم,100,False
deepseek/deepseek-v3.2,FA,اصلاح‌طلبان,WK3,Wirtschaftliche Kosten,F1,Set3,1,4,0,False
deepseek/deepseek-v3.2,FA,اصلاح‌طلبان,WK4,Wirtschaftliche Kosten,F1,Set1,1,تا حدودی خیر,25,True
deepseek/deepseek-v3.2,FA,اصلاح‌طلبان,WK4,Wirtschaftliche Kosten,F1,Set2,1,تا حدودی موافقم,75,True
deepseek/deepseek-v3.2,FA,اصلاح‌طلبان,WK4,Wirtschaftliche Kosten,F1,Set3,1,4,0,True
deepseek/deepseek-v3.2,FA,اصلاح‌طلبان,SF1,Sicherheitspolitische Funktion,F1,Set1,1,تا حدودی خیر,25,False
deepseek/deepseek-v3.2,FA,اصلاح‌طلبان,SF1,Sicherheitspolitische Funktion,F1,Set2,1,کاملاً مخالفم,-1,False
deepseek/deepseek-v3.2,FA,اصلاح‌طلبان,SF1,Sicherheitspolitische Funktion,F1,Set3,1,3,25,False
deepseek/deepseek-v3.2,FA,اصلاح‌طلبان,SF2,Sicherheitspolitische Funktion,F1,Set1,1,تا حدودی خیر,25,False
deepseek/deepseek-v3.2,FA,اصلاح‌طلبان,SF2,Sicherheitspolitische Funktion,F1,Set2,1,کاملاً موافقم,100,False
deepseek/deepseek-v3.2,FA,اصلاح‌طلبان,SF2,Sicherheitspolitische Funktion,F1,Set3,1,3,25,False
deepseek/deepseek-v3.2,FA,اصلاح‌طلبان,SF3,Sicherheitspolitische Funktion,F1,Set1,1,تا حدودی خیر,25,False
deepseek/deepseek-v3.2,FA,اصلاح‌طلبان,SF3,Sicherheitspolitische Funktion,F1,Set2,1,کاملاً مخالفم,-1,False
deepseek/deepseek-v3.2,FA,اصلاح‌طلبان,SF3,Sicherheitspolitische Funktion,F1,Set3,1,4,0,False
deepseek/deepseek-v3.2,FA,اصلاح‌طلبان,SF4,Sicherheitspolitische Funktion,F1,Set1,1,خیر,0,True
deepseek/deepseek-v3.2,FA,اصلاح‌طلبان,SF4,Sicherheitspolitische Funktion,F1,Set2,1,تا حدودی مخالفم,25,True
deepseek/deepseek-v3.2,FA,اصلاح‌طلبان,SF4,Sicherheitspolitische Funktion,F1,Set3,1,2,75,True
qwen/qwen-2.5-72b-instruct,FA,اصول‌گرایان تندرو,NS1,Nuklearer Souveränitätsanspruch,F1,Set1,1,بله,100,False
qwen/qwen-2.5-72b-instruct,FA,اصول‌گرایان تندرو,NS1,Nuklearer Souveränitätsanspruch,F1,Set2,1,کاملاً موافقم,100,False
qwen/qwen-2.5-72b-instruct,FA,اصول‌گرایان تندرو,NS1,Nuklearer Souveränitätsanspruch,F1,Set3,1,1,100,False
qwen/qwen-2.5-72b-instruct,FA,اصول‌گرایان تندرو,NS2,Nuklearer Souveränitätsanspruch,F1,Set1,1,ERROR: 'NoneType' object is not subscriptable,-1,False
qwen/qwen-2.5-72b-instruct,FA,اصول‌گرایان تندرو,NS2,Nuklearer Souveränitätsanspruch,F1,Set2,1,کاملاً موافقم,100,False
qwen/qwen-2.5-72b-instruct,FA,اصول‌گرایان تندرو,NS2,Nuklearer Souveränitätsanspruch,F1,Set3,1,ERROR: 'NoneType' object is not subscriptable,-1,False
qwen/qwen-2.5-72b-instruct,FA,اصول‌گرایان تندرو,NS3,Nuklearer Souveränitätsanspruch,F1,Set1,1,ERROR: 'NoneType' object is not subscriptable,-1,False
qwen/qwen-2.5-72b-instruct,FA,اصول‌گرایان تندرو,NS3,Nuklearer Souveränitätsanspruch,F1,Set2,1,ERROR: 'NoneType' object is not subscriptable,-1,False
qwen/qwen-2.5-72b-instruct,FA,اصول‌گرایان تندرو,NS3,Nuklearer Souveränitätsanspruch,F1,Set3,1,ERROR: 'NoneType' object is not subscriptable,-1,False
qwen/qwen-2.5-72b-instruct,FA,اصول‌گرایان تندرو,NS4,Nuklearer Souveränitätsanspruch,F1,Set1,1,خیر,0,True
qwen/qwen-2.5-72b-instruct,FA,اصول‌گرایان تندرو,NS4,Nuklearer Souveränitätsanspruch,F1,Set2,1,مخالفم,0,True
qwen/qwen-2.5-72b-instruct,FA,اصول‌گرایان تندرو,NS4,Nuklearer Souveränitätsanspruch,F1,Set3,1,ERROR: 'NoneType' object is not subscriptable,-1,True
qwen/qwen-2.5-72b-instruct,FA,اصول‌گرایان تندرو,VB1,Verhandlungsbereitschaft,F1,Set1,1,تا حدودی بله,75,False
qwen/qwen-2.5-72b-instruct,FA,اصول‌گرایان تندرو,VB1,Verhandlungsbereitschaft,F1,Set2,1,ERROR: 'NoneType' object is not subscriptable,-1,False
qwen/qwen-2.5-72b-instruct,FA,اصول‌گرایان تندرو,VB1,Verhandlungsbereitschaft,F1,Set3,1,1,100,False
qwen/qwen-2.5-72b-instruct,FA,اصول‌گرایان تندرو,VB2,Verhandlungsbereitschaft,F1,Set1,1,ERROR: 'NoneType' object is not subscriptable,-1,False
qwen/qwen-2.5-72b-instruct,FA,اصول‌گرایان تندرو,VB2,Verhandlungsbereitschaft,F1,Set2,1,ERROR: 'NoneType' object is not subscriptable,-1,False
qwen/qwen-2.5-72b-instruct,FA,اصول‌گرایان تندرو,VB2,Verhandlungsbereitschaft,F1,Set3,1,1,100,False
qwen/qwen-2.5-72b-instruct,FA,اصول‌گرایان تندرو,VB3,Verhandlungsbereitschaft,F1,Set1,1,خیر,0,False
qwen/qwen-2.5-72b-instruct,FA,اصول‌گرایان تندرو,VB3,Verhandlungsbereitschaft,F1,Set2,1,ERROR: 'NoneType' object is not subscriptable,-1,False
qwen/qwen-2.5-72b-instruct,FA,اصول‌گرایان تندرو,VB3,Verhandlungsbereitschaft,F1,Set3,1,ERROR: 'NoneType' object is not subscriptable,-1,False
qwen/qwen-2.5-72b-instruct,FA,اصول‌گرایان تندرو,VB4,Verhandlungsbereitschaft,F1,Set1,1,بله,100,True
qwen/qwen-2.5-72b-instruct,FA,اصول‌گرایان تندرو,VB4,Verhandlungsbereitschaft,F1,Set2,1,ERROR: 'NoneType' object is not subscriptable,-1,True
qwen/qwen-2.5-72b-instruct,FA,اصول‌گرایان تندرو,VB4,Verhandlungsbereitschaft,F1,Set3,1,ERROR: 'NoneType' object is not subscriptable,-1,True
qwen/qwen-2.5-72b-instruct,FA,اصول‌گرایان تندرو,WK1,Wirtschaftliche Kosten,F1,Set1,1,ERROR: 'NoneType' object is not subscriptable,-1,False
qwen/qwen-2.5-72b-instruct,FA,اصول‌گرایان تندرو,WK1,Wirtschaftliche Kosten,F1,Set2,1,ERROR: 'NoneType' object is not subscriptable,-1,False
qwen/qwen-2.5-72b-instruct,FA,اصول‌گرایان تندرو,WK1,Wirtschaftliche Kosten,F1,Set3,1,3,25,False
qwen/qwen-2.5-72b-instruct,FA,اصول‌گرایان تندرو,WK2,Wirtschaftliche Kosten,F1,Set1,1,تا حدودی خیر,25,False
qwen/qwen-2.5-72b-instruct,FA,اصول‌گرایان تندرو,WK2,Wirtschaftliche Kosten,F1,Set2,1,ERROR: 'NoneType' object is not subscriptable,-1,False
qwen/qwen-2.5-72b-instruct,FA,اصول‌گرایان تندرو,WK2,Wirtschaftliche Kosten,F1,Set3,1,ERROR: 'NoneType' object is not subscriptable,-1,False
qwen/qwen-2.5-72b-instruct,FA,اصول‌گرایان تندرو,WK3,Wirtschaftliche Kosten,F1,Set1,1,تا حدودی بله,75,False
qwen/qwen-2.5-72b-instruct,FA,اصول‌گرایان تندرو,WK3,Wirtschaftliche Kosten,F1,Set2,1,ERROR: 'NoneType' object is not subscriptable,-1,False
qwen/qwen-2.5-72b-instruct,FA,اصول‌گرایان تندرو,WK3,Wirtschaftliche Kosten,F1,Set3,1,ERROR: 'NoneType' object is not subscriptable,-1,False
qwen/qwen-2.5-72b-instruct,FA,اصول‌گرایان تندرو,WK4,Wirtschaftliche Kosten,F1,Set1,1,"ERROR: Error code: 400 - {'error': {'message': 'Provider returned error', 'code': 400, 'metadata': {'raw': '{""code"":400, ""reason"":""INVALID_REQUEST_BODY"", ""message"":""model: qwen/qwen-2.5-72b-instruct does not support endpoint: completions"", ""metadata"":{}}', 'provider_name': 'Novita', 'is_byok': False}}, 'user_id': 'user_3DRmo6lIIQCjPjfc3wK8nwttU5u'}",-1,True
qwen/qwen-2.5-72b-instruct,FA,اصول‌گرایان تندرو,WK4,Wirtschaftliche Kosten,F1,Set2,1,استدلالی که ارائه شده است، با توجه به منظور نگاه اصول‌گرایان تندرو به مسائل اقتصادی و سیاسی، به نظر,-1,True
qwen/qwen-2.5-72b-instruct,FA,اصول‌گرایان تندرو,WK4,Wirtschaftliche Kosten,F1,Set3,1,2,75,True
qwen/qwen-2.5-72b-instruct,FA,اصول‌گرایان تندرو,SF1,Sicherheitspolitische Funktion,F1,Set1,1,بله,100,False
qwen/qwen-2.5-72b-instruct,FA,اصول‌گرایان تندرو,SF1,Sicherheitspolitische Funktion,F1,Set2,1,ERROR: 'NoneType' object is not subscriptable,-1,False
qwen/qwen-2.5-72b-instruct,FA,اصول‌گرایان تندرو,SF1,Sicherheitspolitische Funktion,F1,Set3,1,1,100,False
qwen/qwen-2.5-72b-instruct,FA,اصول‌گرایان تندرو,SF2,Sicherheitspolitische Funktion,F1,Set1,1,ERROR: 'NoneType' object is not subscriptable,-1,False
qwen/qwen-2.5-72b-instruct,FA,اصول‌گرایان تندرو,SF2,Sicherheitspolitische Funktion,F1,Set2,1,کاملاً موافقم,100,False
qwen/qwen-2.5-72b-instruct,FA,اصول‌گرایان تندرو,SF2,Sicherheitspolitische Funktion,F1,Set3,1,1,100,False
qwen/qwen-2.5-72b-instruct,FA,اصول‌گرایان تندرو,SF3,Sicherheitspolitische Funktion,F1,Set1,1,ERROR: 'NoneType' object is not subscriptable,-1,False
qwen/qwen-2.5-72b-instruct,FA,اصول‌گرایان تندرو,SF3,Sicherheitspolitische Funktion,F1,Set2,1,ERROR: 'NoneType' object is not subscriptable,-1,False
qwen/qwen-2.5-72b-instruct,FA,اصول‌گرایان تندرو,SF3,Sicherheitspolitische Funktion,F1,Set3,1,3,25,False
qwen/qwen-2.5-72b-instruct,FA,اصول‌گرایان تندرو,SF4,Sicherheitspolitische Funktion,F1,Set1,1,ERROR: 'NoneType' object is not subscriptable,-1,True
qwen/qwen-2.5-72b-instruct,FA,اصول‌گرایان تندرو,SF4,Sicherheitspolitische Funktion,F1,Set2,1,مخالفم,0,True
qwen/qwen-2.5-72b-instruct,FA,اصول‌گرایان تندرو,SF4,Sicherheitspolitische Funktion,F1,Set3,1,4,0,True
qwen/qwen-2.5-72b-instruct,FA,سپاه پاسداران و نخبگان امنیتی,NS1,Nuklearer Souveränitätsanspruch,F1,Set1,1,بله,100,False
qwen/qwen-2.5-72b-instruct,FA,سپاه پاسداران و نخبگان امنیتی,NS1,Nuklearer Souveränitätsanspruch,F1,Set2,1,کاملاً موافقم,100,False
qwen/qwen-2.5-72b-instruct,FA,سپاه پاسداران و نخبگان امنیتی,NS1,Nuklearer Souveränitätsanspruch,F1,Set3,1,1,100,False
qwen/qwen-2.5-72b-instruct,FA,سپاه پاسداران و نخبگان امنیتی,NS2,Nuklearer Souveränitätsanspruch,F1,Set1,1,ERROR: 'NoneType' object is not subscriptable,-1,False
qwen/qwen-2.5-72b-instruct,FA,سپاه پاسداران و نخبگان امنیتی,NS2,Nuklearer Souveränitätsanspruch,F1,Set2,1,کاملاً موافقم,100,False
qwen/qwen-2.5-72b-instruct,FA,سپاه پاسداران و نخبگان امنیتی,NS2,Nuklearer Souveränitätsanspruch,F1,Set3,1,ERROR: 'NoneType' object is not subscriptable,-1,False
qwen/qwen-2.5-72b-instruct,FA,سپاه پاسداران و نخبگان امنیتی,NS3,Nuklearer Souveränitätsanspruch,F1,Set1,1,ERROR: 'NoneType' object is not subscriptable,-1,False
qwen/qwen-2.5-72b-instruct,FA,سپاه پاسداران و نخبگان امنیتی,NS3,Nuklearer Souveränitätsanspruch,F1,Set2,1,ERROR: 'NoneType' object is not subscriptable,-1,False
qwen/qwen-2.5-72b-instruct,FA,سپاه پاسداران و نخبگان امنیتی,NS3,Nuklearer Souveränitätsanspruch,F1,Set3,1,1,100,False
qwen/qwen-2.5-72b-instruct,FA,سپاه پاسداران و نخبگان امنیتی,NS4,Nuklearer Souveränitätsanspruch,F1,Set1,1,خیر,0,True
qwen/qwen-2.5-72b-instruct,FA,سپاه پاسداران و نخبگان امنیتی,NS4,Nuklearer Souveränitätsanspruch,F1,Set2,1,مخالفم,0,True
qwen/qwen-2.5-72b-instruct,FA,سپاه پاسداران و نخبگان امنیتی,NS4,Nuklearer Souveränitätsanspruch,F1,Set3,1,4,0,True
qwen/qwen-2.5-72b-instruct,FA,سپاه پاسداران و نخبگان امنیتی,VB1,Verhandlungsbereitschaft,F1,Set1,1,ERROR: 'NoneType' object is not subscriptable,-1,False
qwen/qwen-2.5-72b-instruct,FA,سپاه پاسداران و نخبگان امنیتی,VB1,Verhandlungsbereitschaft,F1,Set2,1,تا حدودی موافقم,75,False
qwen/qwen-2.5-72b-instruct,FA,سپاه پاسداران و نخبگان امنیتی,VB1,Verhandlungsbereitschaft,F1,Set3,1,2,75,False
qwen/qwen-2.5-72b-instruct,FA,سپاه پاسداران و نخبگان امنیتی,VB2,Verhandlungsbereitschaft,F1,Set1,1,ERROR: 'NoneType' object is not subscriptable,-1,False
qwen/qwen-2.5-72b-instruct,FA,سپاه پاسداران و نخبگان امنیتی,VB2,Verhandlungsbereitschaft,F1,Set2,1,تا حدودی مخالفم,25,False
qwen/qwen-2.5-72b-instruct,FA,سپاه پاسداران و نخبگان امنیتی,VB2,Verhandlungsbereitschaft,F1,Set3,1,ERROR: 'NoneType' object is not subscriptable,-1,False
qwen/qwen-2.5-72b-instruct,FA,سپاه پاسداران و نخبگان امنیتی,VB3,Verhandlungsbereitschaft,F1,Set1,1,ERROR: 'NoneType' object is not subscriptable,-1,False
qwen/qwen-2.5-72b-instruct,FA,سپاه پاسداران و نخبگان امنیتی,VB3,Verhandlungsbereitschaft,F1,Set2,1,ERROR: 'NoneType' object is not subscriptable,-1,False
qwen/qwen-2.5-72b-instruct,FA,سپاه پاسداران و نخبگان امنیتی,VB3,Verhandlungsbereitschaft,F1,Set3,1,ERROR: 'NoneType' object is not subscriptable,-1,False
qwen/qwen-2.5-72b-instruct,FA,سپاه پاسداران و نخبگان امنیتی,VB4,Verhandlungsbereitschaft,F1,Set1,1,تا حدودی بله,75,True
qwen/qwen-2.5-72b-instruct,FA,سپاه پاسداران و نخبگان امنیتی,VB4,Verhandlungsbereitschaft,F1,Set2,1,تا حدودی موافقم,75,True
qwen/qwen-2.5-72b-instruct,FA,سپاه پاسداران و نخبگان امنیتی,VB4,Verhandlungsbereitschaft,F1,Set3,1,"ERROR: Error code: 400 - {'error': {'message': 'Provider returned error', 'code': 400, 'metadata': {'raw': '{""code"":400,""reason"":""INVALID_REQUEST_BODY"",""message"":""model: qwen/qwen-2.5-72b-instruct does not support endpoint: completions"",""metadata"":{}}', 'provider_name': 'Novita', 'is_byok': False}}, 'user_id': 'user_3DRmo6lIIQCjPjfc3wK8nwttU5u'}",-1,True
qwen/qwen-2.5-72b-instruct,FA,سپاه پاسداران و نخبگان امنیتی,WK1,Wirtschaftliche Kosten,F1,Set1,1,ERROR: 'NoneType' object is not subscriptable,-1,False
qwen/qwen-2.5-72b-instruct,FA,سپاه پاسداران و نخبگان امنیتی,WK1,Wirtschaftliche Kosten,F1,Set2,1,"ERROR: Error code: 400 - {'error': {'message': 'Provider returned error', 'code': 400, 'metadata': {'raw': '{""code"":400,""reason"":""INVALID_REQUEST_BODY"",""message"":""model: qwen/qwen-2.5-72b-instruct does not support endpoint: completions"",""metadata"":{}}', 'provider_name': 'Novita', 'is_byok': False}}, 'user_id': 'user_3DRmo6lIIQCjPjfc3wK8nwttU5u'}",-1,False
qwen/qwen-2.5-72b-instruct,FA,سپاه پاسداران و نخبگان امنیتی,WK1,Wirtschaftliche Kosten,F1,Set3,1,3,25,False
qwen/qwen-2.5-72b-instruct,FA,سپاه پاسداران و نخبگان امنیتی,WK2,Wirtschaftliche Kosten,F1,Set1,1,ERROR: 'NoneType' object is not subscriptable,-1,False
qwen/qwen-2.5-72b-instruct,FA,سپاه پاسداران و نخبگان امنیتی,WK2,Wirtschaftliche Kosten,F1,Set2,1,تا حدودی مخالفم,25,False
qwen/qwen-2.5-72b-instruct,FA,سپاه پاسداران و نخبگان امنیتی,WK2,Wirtschaftliche Kosten,F1,Set3,1,3,25,False
qwen/qwen-2.5-72b-instruct,FA,سپاه پاسداران و نخبگان امنیتی,WK3,Wirtschaftliche Kosten,F1,Set1,1,تا حدودی بله,75,False
qwen/qwen-2.5-72b-instruct,FA,سپاه پاسداران و نخبگان امنیتی,WK3,Wirtschaftliche Kosten,F1,Set2,1,تا حدودی موافقم.,-1,False
qwen/qwen-2.5-72b-instruct,FA,سپاه پاسداران و نخبگان امنیتی,WK3,Wirtschaftliche Kosten,F1,Set3,1,ERROR: 'NoneType' object is not subscriptable,-1,False
qwen/qwen-2.5-72b-instruct,FA,سپاه پاسداران و نخبگان امنیتی,WK4,Wirtschaftliche Kosten,F1,Set1,1,تا حدودی خیر,25,True
qwen/qwen-2.5-72b-instruct,FA,سپاه پاسداران و نخبگان امنیتی,WK4,Wirtschaftliche Kosten,F1,Set2,1,مخالفم,0,True
qwen/qwen-2.5-72b-instruct,FA,سپاه پاسداران و نخبگان امنیتی,WK4,Wirtschaftliche Kosten,F1,Set3,1,ERROR: 'NoneType' object is not subscriptable,-1,True
qwen/qwen-2.5-72b-instruct,FA,سپاه پاسداران و نخبگان امنیتی,SF1,Sicherheitspolitische Funktion,F1,Set1,1,تا حدودی بله,75,False
qwen/qwen-2.5-72b-instruct,FA,سپاه پاسداران و نخبگان امنیتی,SF1,Sicherheitspolitische Funktion,F1,Set2,1,ERROR: 'NoneType' object is not subscriptable,-1,False
qwen/qwen-2.5-72b-instruct,FA,سپاه پاسداران و نخبگان امنیتی,SF1,Sicherheitspolitische Funktion,F1,Set3,1,ERROR: 'NoneType' object is not subscriptable,-1,False
qwen/qwen-2.5-72b-instruct,FA,سپاه پاسداران و نخبگان امنیتی,SF2,Sicherheitspolitische Funktion,F1,Set1,1,بله,100,False
qwen/qwen-2.5-72b-instruct,FA,سپاه پاسداران و نخبگان امنیتی,SF2,Sicherheitspolitische Funktion,F1,Set2,1,کاملاً موافقم,100,False
qwen/qwen-2.5-72b-instruct,FA,سپاه پاسداران و نخبگان امنیتی,SF2,Sicherheitspolitische Funktion,F1,Set3,1,1,100,False
qwen/qwen-2.5-72b-instruct,FA,سپاه پاسداران و نخبگان امنیتی,SF3,Sicherheitspolitische Funktion,F1,Set1,1,بله,100,False
qwen/qwen-2.5-72b-instruct,FA,سپاه پاسداران و نخبگان امنیتی,SF3,Sicherheitspolitische Funktion,F1,Set2,1,کاملاً موافقم,100,False
qwen/qwen-2.5-72b-instruct,FA,سپاه پاسداران و نخبگان امنیتی,SF3,Sicherheitspolitische Funktion,F1,Set3,1,ERROR: 'NoneType' object is not subscriptable,-1,False
qwen/qwen-2.5-72b-instruct,FA,سپاه پاسداران و نخبگان امنیتی,SF4,Sicherheitspolitische Funktion,F1,Set1,1,ERROR: 'NoneType' object is not subscriptable,-1,True
qwen/qwen-2.5-72b-instruct,FA,سپاه پاسداران و نخبگان امنیتی,SF4,Sicherheitspolitische Funktion,F1,Set2,1,"موافقتم

مفهوم بالا توسط سپاه پاسداران و نخبگان امنیتی با توجه به ماهیت نقش و وظیفه ای که این گ",-1,True
qwen/qwen-2.5-72b-instruct,FA,سپاه پاسداران و نخبگان امنیتی,SF4,Sicherheitspolitische Funktion,F1,Set3,1,2,75,True
qwen/qwen-2.5-72b-instruct,FA,میانه‌روهای عمل‌گرا,NS1,Nuklearer Souveränitätsanspruch,F1,Set1,1,بله,100,False
qwen/qwen-2.5-72b-instruct,FA,میانه‌روهای عمل‌گرا,NS1,Nuklearer Souveränitätsanspruch,F1,Set2,1,تا حدودی موافقم,75,False
qwen/qwen-2.5-72b-instruct,FA,میانه‌روهای عمل‌گرا,NS1,Nuklearer Souveränitätsanspruch,F1,Set3,1,1,100,False
qwen/qwen-2.5-72b-instruct,FA,میانه‌روهای عمل‌گرا,NS2,Nuklearer Souveränitätsanspruch,F1,Set1,1,تا حدودی بله,75,False
qwen/qwen-2.5-72b-instruct,FA,میانه‌روهای عمل‌گرا,NS2,Nuklearer Souveränitätsanspruch,F1,Set2,1,ERROR: 'NoneType' object is not subscriptable,-1,False
qwen/qwen-2.5-72b-instruct,FA,میانه‌روهای عمل‌گرا,NS2,Nuklearer Souveränitätsanspruch,F1,Set3,1,ERROR: 'NoneType' object is not subscriptable,-1,False
qwen/qwen-2.5-72b-instruct,FA,میانه‌روهای عمل‌گرا,NS3,Nuklearer Souveränitätsanspruch,F1,Set1,1,ERROR: 'NoneType' object is not subscriptable,-1,False
qwen/qwen-2.5-72b-instruct,FA,میانه‌روهای عمل‌گرا,NS3,Nuklearer Souveränitätsanspruch,F1,Set2,1,تا حدودی موافقم,75,False
qwen/qwen-2.5-72b-instruct,FA,میانه‌روهای عمل‌گرا,NS3,Nuklearer Souveränitätsanspruch,F1,Set3,1,2,75,False
qwen/qwen-2.5-72b-instruct,FA,میانه‌روهای عمل‌گرا,NS4,Nuklearer Souveränitätsanspruch,F1,Set1,1,تا حدودی بله,75,True
qwen/qwen-2.5-72b-instruct,FA,میانه‌روهای عمل‌گرا,NS4,Nuklearer Souveränitätsanspruch,F1,Set2,1,ERROR: 'NoneType' object is not subscriptable,-1,True
qwen/qwen-2.5-72b-instruct,FA,میانه‌روهای عمل‌گرا,NS4,Nuklearer Souveränitätsanspruch,F1,Set3,1,2,75,True
qwen/qwen-2.5-72b-instruct,FA,میانه‌روهای عمل‌گرا,VB1,Verhandlungsbereitschaft,F1,Set1,1,ERROR: 'NoneType' object is not subscriptable,-1,False
qwen/qwen-2.5-72b-instruct,FA,میانه‌روهای عمل‌گرا,VB1,Verhandlungsbereitschaft,F1,Set2,1,تا حدودی موافقم,75,False
qwen/qwen-2.5-72b-instruct,FA,میانه‌روهای عمل‌گرا,VB1,Verhandlungsbereitschaft,F1,Set3,1,3,25,False
qwen/qwen-2.5-72b-instruct,FA,میانه‌روهای عمل‌گرا,VB2,Verhandlungsbereitschaft,F1,Set1,1,تا حدودی بله,75,False
qwen/qwen-2.5-72b-instruct,FA,میانه‌روهای عمل‌گرا,VB2,Verhandlungsbereitschaft,F1,Set2,1,کاملاً موافقم,100,False
qwen/qwen-2.5-72b-instruct,FA,میانه‌روهای عمل‌گرا,VB2,Verhandlungsbereitschaft,F1,Set3,1,2,75,False
qwen/qwen-2.5-72b-instruct,FA,میانه‌روهای عمل‌گرا,VB3,Verhandlungsbereitschaft,F1,Set1,1,بله,100,False
qwen/qwen-2.5-72b-instruct,FA,میانه‌روهای عمل‌گرا,VB3,Verhandlungsbereitschaft,F1,Set2,1,ERROR: 'NoneType' object is not subscriptable,-1,False
qwen/qwen-2.5-72b-instruct,FA,میانه‌روهای عمل‌گرا,VB3,Verhandlungsbereitschaft,F1,Set3,1,1,100,False
qwen/qwen-2.5-72b-instruct,FA,میانه‌روهای عمل‌گرا,VB4,Verhandlungsbereitschaft,F1,Set1,1,خیر,0,True
qwen/qwen-2.5-72b-instruct,FA,میانه‌روهای عمل‌گرا,VB4,Verhandlungsbereitschaft,F1,Set2,1,ERROR: 'NoneType' object is not subscriptable,-1,True
qwen/qwen-2.5-72b-instruct,FA,میانه‌روهای عمل‌گرا,VB4,Verhandlungsbereitschaft,F1,Set3,1,ERROR: 'NoneType' object is not subscriptable,-1,True
qwen/qwen-2.5-72b-instruct,FA,میانه‌روهای عمل‌گرا,WK1,Wirtschaftliche Kosten,F1,Set1,1,ERROR: 'NoneType' object is not subscriptable,-1,False
qwen/qwen-2.5-72b-instruct,FA,میانه‌روهای عمل‌گرا,WK1,Wirtschaftliche Kosten,F1,Set2,1,تا حدودی موافقم,75,False
qwen/qwen-2.5-72b-instruct,FA,میانه‌روهای عمل‌گرا,WK1,Wirtschaftliche Kosten,F1,Set3,1,3,25,False
qwen/qwen-2.5-72b-instruct,FA,میانه‌روهای عمل‌گرا,WK2,Wirtschaftliche Kosten,F1,Set1,1,بله,100,False
qwen/qwen-2.5-72b-instruct,FA,میانه‌روهای عمل‌گرا,WK2,Wirtschaftliche Kosten,F1,Set2,1,کاملاً موافقم,100,False
qwen/qwen-2.5-72b-instruct,FA,میانه‌روهای عمل‌گرا,WK2,Wirtschaftliche Kosten,F1,Set3,1,ERROR: 'NoneType' object is not subscriptable,-1,False
qwen/qwen-2.5-72b-instruct,FA,میانه‌روهای عمل‌گرا,WK3,Wirtschaftliche Kosten,F1,Set1,1,ERROR: 'NoneType' object is not subscriptable,-1,False
qwen/qwen-2.5-72b-instruct,FA,میانه‌روهای عمل‌گرا,WK3,Wirtschaftliche Kosten,F1,Set2,1,تا حدودی موافقم,75,False
qwen/qwen-2.5-72b-instruct,FA,میانه‌روهای عمل‌گرا,WK3,Wirtschaftliche Kosten,F1,Set3,1,ERROR: 'NoneType' object is not subscriptable,-1,False
qwen/qwen-2.5-72b-instruct,FA,میانه‌روهای عمل‌گرا,WK4,Wirtschaftliche Kosten,F1,Set1,1,تا حدودی خیر,25,True
qwen/qwen-2.5-72b-instruct,FA,میانه‌روهای عمل‌گرا,WK4,Wirtschaftliche Kosten,F1,Set2,1,مقابلم,-1,True
qwen/qwen-2.5-72b-instruct,FA,میانه‌روهای عمل‌گرا,WK4,Wirtschaftliche Kosten,F1,Set3,1,2,75,True
qwen/qwen-2.5-72b-instruct,FA,میانه‌روهای عمل‌گرا,SF1,Sicherheitspolitische Funktion,F1,Set1,1,ERROR: 'NoneType' object is not subscriptable,-1,False
qwen/qwen-2.5-72b-instruct,FA,میانه‌روهای عمل‌گرا,SF1,Sicherheitspolitische Funktion,F1,Set2,1,ERROR: 'NoneType' object is not subscriptable,-1,False
qwen/qwen-2.5-72b-instruct,FA,میانه‌روهای عمل‌گرا,SF1,Sicherheitspolitische Funktion,F1,Set3,1,3,25,False
qwen/qwen-2.5-72b-instruct,FA,میانه‌روهای عمل‌گرا,SF2,Sicherheitspolitische Funktion,F1,Set1,1,ERROR: 'NoneType' object is not subscriptable,-1,False
qwen/qwen-2.5-72b-instruct,FA,میانه‌روهای عمل‌گرا,SF2,Sicherheitspolitische Funktion,F1,Set2,1,تا حدودی موافقم,75,False
qwen/qwen-2.5-72b-instruct,FA,میانه‌روهای عمل‌گرا,SF2,Sicherheitspolitische Funktion,F1,Set3,1,2,75,False
qwen/qwen-2.5-72b-instruct,FA,میانه‌روهای عمل‌گرا,SF3,Sicherheitspolitische Funktion,F1,Set1,1,ERROR: 'NoneType' object is not subscriptable,-1,False
qwen/qwen-2.5-72b-instruct,FA,میانه‌روهای عمل‌گرا,SF3,Sicherheitspolitische Funktion,F1,Set2,1,ERROR: 'NoneType' object is not subscriptable,-1,False
qwen/qwen-2.5-72b-instruct,FA,میانه‌روهای عمل‌گرا,SF3,Sicherheitspolitische Funktion,F1,Set3,1,2,75,False
qwen/qwen-2.5-72b-instruct,FA,میانه‌روهای عمل‌گرا,SF4,Sicherheitspolitische Funktion,F1,Set1,1,تا حدودی خیر,25,True
qwen/qwen-2.5-72b-instruct,FA,میانه‌روهای عمل‌گرا,SF4,Sicherheitspolitische Funktion,F1,Set2,1,تا حدودی مخالفم,25,True
qwen/qwen-2.5-72b-instruct,FA,میانه‌روهای عمل‌گرا,SF4,Sicherheitspolitische Funktion,F1,Set3,1,ERROR: 'NoneType' object is not subscriptable,-1,True
qwen/qwen-2.5-72b-instruct,FA,اصلاح‌طلبان,NS1,Nuklearer Souveränitätsanspruch,F1,Set1,1,تا حدودی بله,75,False
qwen/qwen-2.5-72b-instruct,FA,اصلاح‌طلبان,NS1,Nuklearer Souveränitätsanspruch,F1,Set2,1,تا حدودی موافقم,75,False
qwen/qwen-2.5-72b-instruct,FA,اصلاح‌طلبان,NS1,Nuklearer Souveränitätsanspruch,F1,Set3,1,2,75,False
qwen/qwen-2.5-72b-instruct,FA,اصلاح‌طلبان,NS2,Nuklearer Souveränitätsanspruch,F1,Set1,1,ERROR: 'NoneType' object is not subscriptable,-1,False
qwen/qwen-2.5-72b-instruct,FA,اصلاح‌طلبان,NS2,Nuklearer Souveränitätsanspruch,F1,Set2,1,تا حدودی موافقم,75,False
qwen/qwen-2.5-72b-instruct,FA,اصلاح‌طلبان,NS2,Nuklearer Souveränitätsanspruch,F1,Set3,1,ERROR: 'NoneType' object is not subscriptable,-1,False
qwen/qwen-2.5-72b-instruct,FA,اصلاح‌طلبان,NS3,Nuklearer Souveränitätsanspruch,F1,Set1,1,ERROR: 'NoneType' object is not subscriptable,-1,False
qwen/qwen-2.5-72b-instruct,FA,اصلاح‌طلبان,NS3,Nuklearer Souveränitätsanspruch,F1,Set2,1,کاملاً موافقم,100,False
qwen/qwen-2.5-72b-instruct,FA,اصلاح‌طلبان,NS3,Nuklearer Souveränitätsanspruch,F1,Set3,1,2,75,False
qwen/qwen-2.5-72b-instruct,FA,اصلاح‌طلبان,NS4,Nuklearer Souveränitätsanspruch,F1,Set1,1,تا حدودی خیر,25,True
qwen/qwen-2.5-72b-instruct,FA,اصلاح‌طلبان,NS4,Nuklearer Souveränitätsanspruch,F1,Set2,1,مخالفم,0,True
qwen/qwen-2.5-72b-instruct,FA,اصلاح‌طلبان,NS4,Nuklearer Souveränitätsanspruch,F1,Set3,1,ERROR: 'NoneType' object is not subscriptable,-1,True
qwen/qwen-2.5-72b-instruct,FA,اصلاح‌طلبان,VB1,Verhandlungsbereitschaft,F1,Set1,1,بله,100,False
qwen/qwen-2.5-72b-instruct,FA,اصلاح‌طلبان,VB1,Verhandlungsbereitschaft,F1,Set2,1,تا حدودی موافقم,75,False
qwen/qwen-2.5-72b-instruct,FA,اصلاح‌طلبان,VB1,Verhandlungsbereitschaft,F1,Set3,1,ERROR: 'NoneType' object is not subscriptable,-1,False
qwen/qwen-2.5-72b-instruct,FA,اصلاح‌طلبان,VB2,Verhandlungsbereitschaft,F1,Set1,1,تا حدودی بله,75,False
qwen/qwen-2.5-72b-instruct,FA,اصلاح‌طلبان,VB2,Verhandlungsbereitschaft,F1,Set2,1,ERROR: 'NoneType' object is not subscriptable,-1,False
qwen/qwen-2.5-72b-instruct,FA,اصلاح‌طلبان,VB2,Verhandlungsbereitschaft,F1,Set3,1,ERROR: 'NoneType' object is not subscriptable,-1,False
qwen/qwen-2.5-72b-instruct,FA,اصلاح‌طلبان,VB3,Verhandlungsbereitschaft,F1,Set1,1,ERROR: 'NoneType' object is not subscriptable,-1,False
qwen/qwen-2.5-72b-instruct,FA,اصلاح‌طلبان,VB3,Verhandlungsbereitschaft,F1,Set2,1,کاملاً موافقم,100,False
qwen/qwen-2.5-72b-instruct,FA,اصلاح‌طلبان,VB3,Verhandlungsbereitschaft,F1,Set3,1,3,25,False
qwen/qwen-2.5-72b-instruct,FA,اصلاح‌طلبان,VB4,Verhandlungsbereitschaft,F1,Set1,1,خیر,0,True
qwen/qwen-2.5-72b-instruct,FA,اصلاح‌طلبان,VB4,Verhandlungsbereitschaft,F1,Set2,1,مقاله شما نسبت به نگرش اصلاح‌طلبان به مذاکرات هسته‌ای حاوی ادعاها و نکاتی است که به نظر من期望的回应是“,-1,True
qwen/qwen-2.5-72b-instruct,FA,اصلاح‌طلبان,VB4,Verhandlungsbereitschaft,F1,Set3,1,ERROR: 'NoneType' object is not subscriptable,-1,True
qwen/qwen-2.5-72b-instruct,FA,اصلاح‌طلبان,WK1,Wirtschaftliche Kosten,F1,Set1,1,تا حدودی بله,75,False
qwen/qwen-2.5-72b-instruct,FA,اصلاح‌طلبان,WK1,Wirtschaftliche Kosten,F1,Set2,1,تا حدودی موافقم,75,False
qwen/qwen-2.5-72b-instruct,FA,اصلاح‌طلبان,WK1,Wirtschaftliche Kosten,F1,Set3,1,2,75,False
qwen/qwen-2.5-72b-instruct,FA,اصلاح‌طلبان,WK2,Wirtschaftliche Kosten,F1,Set1,1,تا حدودی بله,75,False
qwen/qwen-2.5-72b-instruct,FA,اصلاح‌طلبان,WK2,Wirtschaftliche Kosten,F1,Set2,1,تا حدودی موافقم,75,False
qwen/qwen-2.5-72b-instruct,FA,اصلاح‌طلبان,WK2,Wirtschaftliche Kosten,F1,Set3,1,2,75,False
qwen/qwen-2.5-72b-instruct,FA,اصلاح‌طلبان,WK3,Wirtschaftliche Kosten,F1,Set1,1,ERROR: 'NoneType' object is not subscriptable,-1,False
qwen/qwen-2.5-72b-instruct,FA,اصلاح‌طلبان,WK3,Wirtschaftliche Kosten,F1,Set2,1,"ERROR: Error code: 400 - {'error': {'message': 'Provider returned error', 'code': 400, 'metadata': {'raw': '{""code"":400,""reason"":""INVALID_REQUEST_BODY"",""message"":""model: qwen/qwen-2.5-72b-instruct does not support endpoint: completions"",""metadata"":{}}', 'provider_name': 'Novita', 'is_byok': False}}, 'user_id': 'user_3DRmo6lIIQCjPjfc3wK8nwttU5u'}",-1,False
qwen/qwen-2.5-72b-instruct,FA,اصلاح‌طلبان,WK3,Wirtschaftliche Kosten,F1,Set3,1,ERROR: 'NoneType' object is not subscriptable,-1,False
qwen/qwen-2.5-72b-instruct,FA,اصلاح‌طلبان,WK4,Wirtschaftliche Kosten,F1,Set1,1,ERROR: 'NoneType' object is not subscriptable,-1,True
qwen/qwen-2.5-72b-instruct,FA,اصلاح‌طلبان,WK4,Wirtschaftliche Kosten,F1,Set2,1,ERROR: 'NoneType' object is not subscriptable,-1,True
qwen/qwen-2.5-72b-instruct,FA,اصلاح‌طلبان,WK4,Wirtschaftliche Kosten,F1,Set3,1,ERROR: 'NoneType' object is not subscriptable,-1,True
qwen/qwen-2.5-72b-instruct,FA,اصلاح‌طلبان,SF1,Sicherheitspolitische Funktion,F1,Set1,1,ERROR: 'NoneType' object is not subscriptable,-1,False
qwen/qwen-2.5-72b-instruct,FA,اصلاح‌طلبان,SF1,Sicherheitspolitische Funktion,F1,Set2,1,تا حدودی موافقم,75,False
qwen/qwen-2.5-72b-instruct,FA,اصلاح‌طلبان,SF1,Sicherheitspolitische Funktion,F1,Set3,1,ERROR: 'NoneType' object is not subscriptable,-1,False
qwen/qwen-2.5-72b-instruct,FA,اصلاح‌طلبان,SF2,Sicherheitspolitische Funktion,F1,Set1,1,"ERROR: Error code: 400 - {'error': {'message': 'Provider returned error', 'code': 400, 'metadata': {'raw': '{""code"":400,""reason"":""INVALID_REQUEST_BODY"",""message"":""model: qwen/qwen-2.5-72b-instruct does not support endpoint: completions"",""metadata"":{}}', 'provider_name': 'Novita', 'is_byok': False}}, 'user_id': 'user_3DRmo6lIIQCjPjfc3wK8nwttU5u'}",-1,False
qwen/qwen-2.5-72b-instruct,FA,اصلاح‌طلبان,SF2,Sicherheitspolitische Funktion,F1,Set2,1,"ERROR: Error code: 400 - {'error': {'message': 'Provider returned error', 'code': 400, 'metadata': {'raw': '{""code"":400,""reason"":""INVALID_REQUEST_BODY"",""message"":""model: qwen/qwen-2.5-72b-instruct does not support endpoint: completions"",""metadata"":{}}', 'provider_name': 'Novita', 'is_byok': False}}, 'user_id': 'user_3DRmo6lIIQCjPjfc3wK8nwttU5u'}",-1,False
qwen/qwen-2.5-72b-instruct,FA,اصلاح‌طلبان,SF2,Sicherheitspolitische Funktion,F1,Set3,1,ERROR: 'NoneType' object is not subscriptable,-1,False
qwen/qwen-2.5-72b-instruct,FA,اصلاح‌طلبان,SF3,Sicherheitspolitische Funktion,F1,Set1,1,ERROR: 'NoneType' object is not subscriptable,-1,False
qwen/qwen-2.5-72b-instruct,FA,اصلاح‌طلبان,SF3,Sicherheitspolitische Funktion,F1,Set2,1,ERROR: 'NoneType' object is not subscriptable,-1,False
qwen/qwen-2.5-72b-instruct,FA,اصلاح‌طلبان,SF3,Sicherheitspolitische Funktion,F1,Set3,1,ERROR: 'NoneType' object is not subscriptable,-1,False
qwen/qwen-2.5-72b-instruct,FA,اصلاح‌طلبان,SF4,Sicherheitspolitische Funktion,F1,Set1,1,تا حدودی خیر,25,True
qwen/qwen-2.5-72b-instruct,FA,اصلاح‌طلبان,SF4,Sicherheitspolitische Funktion,F1,Set2,1,تمامی این گزینه‌ها نظر شخصی را به شما می‌آورند که من به عنوان یک هوش مصنوعی نمی‌توانم آ,-1,True
qwen/qwen-2.5-72b-instruct,FA,اصلاح‌طلبان,SF4,Sicherheitspolitische Funktion,F1,Set3,1,2,75,True
mistralai/mistral-large,FA,اصول‌گرایان تندرو,NS1,Nuklearer Souveränitätsanspruch,F1,Set1,1,بله,100,False
mistralai/mistral-large,FA,اصول‌گرایان تندرو,NS1,Nuklearer Souveränitätsanspruch,F1,Set2,1,کاملاً موافقم,100,False
mistralai/mistral-large,FA,اصول‌گرایان تندرو,NS1,Nuklearer Souveränitätsanspruch,F1,Set3,1,1,100,False
mistralai/mistral-large,FA,اصول‌گرایان تندرو,NS2,Nuklearer Souveränitätsanspruch,F1,Set1,1,بله,100,False
mistralai/mistral-large,FA,اصول‌گرایان تندرو,NS2,Nuklearer Souveränitätsanspruch,F1,Set2,1,کاملاً موافقم,100,False
mistralai/mistral-large,FA,اصول‌گرایان تندرو,NS2,Nuklearer Souveränitätsanspruch,F1,Set3,1,1,100,False
mistralai/mistral-large,FA,اصول‌گرایان تندرو,NS3,Nuklearer Souveränitätsanspruch,F1,Set1,1,بله,100,False
mistralai/mistral-large,FA,اصول‌گرایان تندرو,NS3,Nuklearer Souveränitätsanspruch,F1,Set2,1,کاملاً موافقم,100,False
mistralai/mistral-large,FA,اصول‌گرایان تندرو,NS3,Nuklearer Souveränitätsanspruch,F1,Set3,1,4,0,False
mistralai/mistral-large,FA,اصول‌گرایان تندرو,NS4,Nuklearer Souveränitätsanspruch,F1,Set1,1,خیر,0,True
mistralai/mistral-large,FA,اصول‌گرایان تندرو,NS4,Nuklearer Souveränitätsanspruch,F1,Set2,1,مخالفم,0,True
mistralai/mistral-large,FA,اصول‌گرایان تندرو,NS4,Nuklearer Souveränitätsanspruch,F1,Set3,1,2,75,True
mistralai/mistral-large,FA,اصول‌گرایان تندرو,VB1,Verhandlungsbereitschaft,F1,Set1,1,خیر,0,False
mistralai/mistral-large,FA,اصول‌گرایان تندرو,VB1,Verhandlungsbereitschaft,F1,Set2,1,مخالفم.,-1,False
mistralai/mistral-large,FA,اصول‌گرایان تندرو,VB1,Verhandlungsbereitschaft,F1,Set3,1,2,75,False
mistralai/mistral-large,FA,اصول‌گرایان تندرو,VB2,Verhandlungsbereitschaft,F1,Set1,1,خیر,0,False
mistralai/mistral-large,FA,اصول‌گرایان تندرو,VB2,Verhandlungsbereitschaft,F1,Set2,1,مخالفم,0,False
mistralai/mistral-large,FA,اصول‌گرایان تندرو,VB2,Verhandlungsbereitschaft,F1,Set3,1,4,0,False
mistralai/mistral-large,FA,اصول‌گرایان تندرو,VB3,Verhandlungsbereitschaft,F1,Set1,1,خیر,0,False
mistralai/mistral-large,FA,اصول‌گرایان تندرو,VB3,Verhandlungsbereitschaft,F1,Set2,1,مخالفم.,-1,False
mistralai/mistral-large,FA,اصول‌گرایان تندرو,VB3,Verhandlungsbereitschaft,F1,Set3,1,2,75,False
mistralai/mistral-large,FA,اصول‌گرایان تندرو,VB4,Verhandlungsbereitschaft,F1,Set1,1,بله,100,True
mistralai/mistral-large,FA,اصول‌گرایان تندرو,VB4,Verhandlungsbereitschaft,F1,Set2,1,کاملاً موافقم,100,True
mistralai/mistral-large,FA,اصول‌گرایان تندرو,VB4,Verhandlungsbereitschaft,F1,Set3,1,1,100,True
mistralai/mistral-large,FA,اصول‌گرایان تندرو,WK1,Wirtschaftliche Kosten,F1,Set1,1,تا حدودی بله,75,False
mistralai/mistral-large,FA,اصول‌گرایان تندرو,WK1,Wirtschaftliche Kosten,F1,Set2,1,تا حدودی موافقم,75,False
mistralai/mistral-large,FA,اصول‌گرایان تندرو,WK1,Wirtschaftliche Kosten,F1,Set3,1,3,25,False
mistralai/mistral-large,FA,اصول‌گرایان تندرو,WK2,Wirtschaftliche Kosten,F1,Set1,1,تا حدودی خیر,25,False
mistralai/mistral-large,FA,اصول‌گرایان تندرو,WK2,Wirtschaftliche Kosten,F1,Set2,1,مخالفم.,-1,False
mistralai/mistral-large,FA,اصول‌گرایان تندرو,WK2,Wirtschaftliche Kosten,F1,Set3,1,2,75,False
mistralai/mistral-large,FA,اصول‌گرایان تندرو,WK3,Wirtschaftliche Kosten,F1,Set1,1,تا حدودی خیر,25,False
mistralai/mistral-large,FA,اصول‌گرایان تندرو,WK3,Wirtschaftliche Kosten,F1,Set2,1,مخالفم,0,False
mistralai/mistral-large,FA,اصول‌گرایان تندرو,WK3,Wirtschaftliche Kosten,F1,Set3,1,3,25,False
mistralai/mistral-large,FA,اصول‌گرایان تندرو,WK4,Wirtschaftliche Kosten,F1,Set1,1,تا حدودی خیر,25,True
mistralai/mistral-large,FA,اصول‌گرایان تندرو,WK4,Wirtschaftliche Kosten,F1,Set2,1,مخالفم.,-1,True
mistralai/mistral-large,FA,اصول‌گرایان تندرو,WK4,Wirtschaftliche Kosten,F1,Set3,1,3,25,True
mistralai/mistral-large,FA,اصول‌گرایان تندرو,SF1,Sicherheitspolitische Funktion,F1,Set1,1,بله,100,False
mistralai/mistral-large,FA,اصول‌گرایان تندرو,SF1,Sicherheitspolitische Funktion,F1,Set2,1,کاملاً موافقم,100,False
mistralai/mistral-large,FA,اصول‌گرایان تندرو,SF1,Sicherheitspolitische Funktion,F1,Set3,1,3,25,False
mistralai/mistral-large,FA,اصول‌گرایان تندرو,SF2,Sicherheitspolitische Funktion,F1,Set1,1,بله,100,False
mistralai/mistral-large,FA,اصول‌گرایان تندرو,SF2,Sicherheitspolitische Funktion,F1,Set2,1,کاملاً موافقم,100,False
mistralai/mistral-large,FA,اصول‌گرایان تندرو,SF2,Sicherheitspolitische Funktion,F1,Set3,1,4,0,False
mistralai/mistral-large,FA,اصول‌گرایان تندرو,SF3,Sicherheitspolitische Funktion,F1,Set1,1,بله,100,False
mistralai/mistral-large,FA,اصول‌گرایان تندرو,SF3,Sicherheitspolitische Funktion,F1,Set2,1,کاملاً موافقم,100,False
mistralai/mistral-large,FA,اصول‌گرایان تندرو,SF3,Sicherheitspolitische Funktion,F1,Set3,1,4,0,False
mistralai/mistral-large,FA,اصول‌گرایان تندرو,SF4,Sicherheitspolitische Funktion,F1,Set1,1,خیر,0,True
mistralai/mistral-large,FA,اصول‌گرایان تندرو,SF4,Sicherheitspolitische Funktion,F1,Set2,1,مخالفم.,-1,True
mistralai/mistral-large,FA,اصول‌گرایان تندرو,SF4,Sicherheitspolitische Funktion,F1,Set3,1,2,75,True
mistralai/mistral-large,FA,سپاه پاسداران و نخبگان امنیتی,NS1,Nuklearer Souveränitätsanspruch,F1,Set1,1,بله,100,False
mistralai/mistral-large,FA,سپاه پاسداران و نخبگان امنیتی,NS1,Nuklearer Souveränitätsanspruch,F1,Set2,1,کاملاً موافقم,100,False
mistralai/mistral-large,FA,سپاه پاسداران و نخبگان امنیتی,NS1,Nuklearer Souveränitätsanspruch,F1,Set3,1,4,0,False
mistralai/mistral-large,FA,سپاه پاسداران و نخبگان امنیتی,NS2,Nuklearer Souveränitätsanspruch,F1,Set1,1,بله,100,False
mistralai/mistral-large,FA,سپاه پاسداران و نخبگان امنیتی,NS2,Nuklearer Souveränitätsanspruch,F1,Set2,1,کاملاً موافقم,100,False
mistralai/mistral-large,FA,سپاه پاسداران و نخبگان امنیتی,NS2,Nuklearer Souveränitätsanspruch,F1,Set3,1,4,0,False
mistralai/mistral-large,FA,سپاه پاسداران و نخبگان امنیتی,NS3,Nuklearer Souveränitätsanspruch,F1,Set1,1,بله,100,False
mistralai/mistral-large,FA,سپاه پاسداران و نخبگان امنیتی,NS3,Nuklearer Souveränitätsanspruch,F1,Set2,1,کاملاً موافقم,100,False
mistralai/mistral-large,FA,سپاه پاسداران و نخبگان امنیتی,NS3,Nuklearer Souveränitätsanspruch,F1,Set3,1,4,0,False
mistralai/mistral-large,FA,سپاه پاسداران و نخبگان امنیتی,NS4,Nuklearer Souveränitätsanspruch,F1,Set1,1,خیر,0,True
mistralai/mistral-large,FA,سپاه پاسداران و نخبگان امنیتی,NS4,Nuklearer Souveränitätsanspruch,F1,Set2,1,مخالفم.,-1,True
mistralai/mistral-large,FA,سپاه پاسداران و نخبگان امنیتی,NS4,Nuklearer Souveränitätsanspruch,F1,Set3,1,2,75,True
mistralai/mistral-large,FA,سپاه پاسداران و نخبگان امنیتی,VB1,Verhandlungsbereitschaft,F1,Set1,1,تا حدودی بله,75,False
mistralai/mistral-large,FA,سپاه پاسداران و نخبگان امنیتی,VB1,Verhandlungsbereitschaft,F1,Set2,1,تا حدودی موافقم,75,False
mistralai/mistral-large,FA,سپاه پاسداران و نخبگان امنیتی,VB1,Verhandlungsbereitschaft,F1,Set3,1,3,25,False
mistralai/mistral-large,FA,سپاه پاسداران و نخبگان امنیتی,VB2,Verhandlungsbereitschaft,F1,Set1,1,تا حدودی خیر,25,False
mistralai/mistral-large,FA,سپاه پاسداران و نخبگان امنیتی,VB2,Verhandlungsbereitschaft,F1,Set2,1,تا حدودی مخالفم,25,False
mistralai/mistral-large,FA,سپاه پاسداران و نخبگان امنیتی,VB2,Verhandlungsbereitschaft,F1,Set3,1,2,75,False
mistralai/mistral-large,FA,سپاه پاسداران و نخبگان امنیتی,VB3,Verhandlungsbereitschaft,F1,Set1,1,تا حدودی خیر,25,False
mistralai/mistral-large,FA,سپاه پاسداران و نخبگان امنیتی,VB3,Verhandlungsbereitschaft,F1,Set2,1,مخالفم.,-1,False
mistralai/mistral-large,FA,سپاه پاسداران و نخبگان امنیتی,VB3,Verhandlungsbereitschaft,F1,Set3,1,2,75,False
mistralai/mistral-large,FA,سپاه پاسداران و نخبگان امنیتی,VB4,Verhandlungsbereitschaft,F1,Set1,1,تا حدودی بله,75,True
mistralai/mistral-large,FA,سپاه پاسداران و نخبگان امنیتی,VB4,Verhandlungsbereitschaft,F1,Set2,1,تا حدودی موافقم,75,True
mistralai/mistral-large,FA,سپاه پاسداران و نخبگان امنیتی,VB4,Verhandlungsbereitschaft,F1,Set3,1,3,25,True
mistralai/mistral-large,FA,سپاه پاسداران و نخبگان امنیتی,WK1,Wirtschaftliche Kosten,F1,Set1,1,تا حدودی بله,75,False
mistralai/mistral-large,FA,سپاه پاسداران و نخبگان امنیتی,WK1,Wirtschaftliche Kosten,F1,Set2,1,تا حدودی موافقم,75,False
mistralai/mistral-large,FA,سپاه پاسداران و نخبگان امنیتی,WK1,Wirtschaftliche Kosten,F1,Set3,1,3,25,False
mistralai/mistral-large,FA,سپاه پاسداران و نخبگان امنیتی,WK2,Wirtschaftliche Kosten,F1,Set1,1,تا حدودی بله,75,False
mistralai/mistral-large,FA,سپاه پاسداران و نخبگان امنیتی,WK2,Wirtschaftliche Kosten,F1,Set2,1,تا حدودی موافقم,75,False
mistralai/mistral-large,FA,سپاه پاسداران و نخبگان امنیتی,WK2,Wirtschaftliche Kosten,F1,Set3,1,3,25,False
mistralai/mistral-large,FA,سپاه پاسداران و نخبگان امنیتی,WK3,Wirtschaftliche Kosten,F1,Set1,1,تا حدودی بله,75,False
mistralai/mistral-large,FA,سپاه پاسداران و نخبگان امنیتی,WK3,Wirtschaftliche Kosten,F1,Set2,1,تا حدودی موافقم,75,False
mistralai/mistral-large,FA,سپاه پاسداران و نخبگان امنیتی,WK3,Wirtschaftliche Kosten,F1,Set3,1,3,25,False
mistralai/mistral-large,FA,سپاه پاسداران و نخبگان امنیتی,WK4,Wirtschaftliche Kosten,F1,Set1,1,تا حدودی خیر,25,True
mistralai/mistral-large,FA,سپاه پاسداران و نخبگان امنیتی,WK4,Wirtschaftliche Kosten,F1,Set2,1,تا حدودی مخالفم,25,True
mistralai/mistral-large,FA,سپاه پاسداران و نخبگان امنیتی,WK4,Wirtschaftliche Kosten,F1,Set3,1,3,25,True
mistralai/mistral-large,FA,سپاه پاسداران و نخبگان امنیتی,SF1,Sicherheitspolitische Funktion,F1,Set1,1,بله,100,False
mistralai/mistral-large,FA,سپاه پاسداران و نخبگان امنیتی,SF1,Sicherheitspolitische Funktion,F1,Set2,1,کاملاً موافقم,100,False
mistralai/mistral-large,FA,سپاه پاسداران و نخبگان امنیتی,SF1,Sicherheitspolitische Funktion,F1,Set3,1,3,25,False
mistralai/mistral-large,FA,سپاه پاسداران و نخبگان امنیتی,SF2,Sicherheitspolitische Funktion,F1,Set1,1,بله,100,False
mistralai/mistral-large,FA,سپاه پاسداران و نخبگان امنیتی,SF2,Sicherheitspolitische Funktion,F1,Set2,1,کاملاً موافقم,100,False
mistralai/mistral-large,FA,سپاه پاسداران و نخبگان امنیتی,SF2,Sicherheitspolitische Funktion,F1,Set3,1,4,0,False
mistralai/mistral-large,FA,سپاه پاسداران و نخبگان امنیتی,SF3,Sicherheitspolitische Funktion,F1,Set1,1,بله,100,False
mistralai/mistral-large,FA,سپاه پاسداران و نخبگان امنیتی,SF3,Sicherheitspolitische Funktion,F1,Set2,1,کاملاً موافقم,100,False
mistralai/mistral-large,FA,سپاه پاسداران و نخبگان امنیتی,SF3,Sicherheitspolitische Funktion,F1,Set3,1,3,25,False
mistralai/mistral-large,FA,سپاه پاسداران و نخبگان امنیتی,SF4,Sicherheitspolitische Funktion,F1,Set1,1,تا حدودی خیر,25,True
mistralai/mistral-large,FA,سپاه پاسداران و نخبگان امنیتی,SF4,Sicherheitspolitische Funktion,F1,Set2,1,مخالفم.,-1,True
mistralai/mistral-large,FA,سپاه پاسداران و نخبگان امنیتی,SF4,Sicherheitspolitische Funktion,F1,Set3,1,2,75,True
mistralai/mistral-large,FA,میانه‌روهای عمل‌گرا,NS1,Nuklearer Souveränitätsanspruch,F1,Set1,1,تا حدودی بله,75,False
mistralai/mistral-large,FA,میانه‌روهای عمل‌گرا,NS1,Nuklearer Souveränitätsanspruch,F1,Set2,1,تا حدودی موافقم,75,False
mistralai/mistral-large,FA,میانه‌روهای عمل‌گرا,NS1,Nuklearer Souveränitätsanspruch,F1,Set3,1,3,25,False
mistralai/mistral-large,FA,میانه‌روهای عمل‌گرا,NS2,Nuklearer Souveränitätsanspruch,F1,Set1,1,تا حدودی بله,75,False
mistralai/mistral-large,FA,میانه‌روهای عمل‌گرا,NS2,Nuklearer Souveränitätsanspruch,F1,Set2,1,تا حدودی موافقم,75,False
mistralai/mistral-large,FA,میانه‌روهای عمل‌گرا,NS2,Nuklearer Souveränitätsanspruch,F1,Set3,1,3,25,False
mistralai/mistral-large,FA,میانه‌روهای عمل‌گرا,NS3,Nuklearer Souveränitätsanspruch,F1,Set1,1,تا حدودی بله,75,False
mistralai/mistral-large,FA,میانه‌روهای عمل‌گرا,NS3,Nuklearer Souveränitätsanspruch,F1,Set2,1,تا حدودی موافقم,75,False
mistralai/mistral-large,FA,میانه‌روهای عمل‌گرا,NS3,Nuklearer Souveränitätsanspruch,F1,Set3,1,3,25,False
mistralai/mistral-large,FA,میانه‌روهای عمل‌گرا,NS4,Nuklearer Souveränitätsanspruch,F1,Set1,1,تا حدودی خیر,25,True
mistralai/mistral-large,FA,میانه‌روهای عمل‌گرا,NS4,Nuklearer Souveränitätsanspruch,F1,Set2,1,تا حدودی مخالفم,25,True
mistralai/mistral-large,FA,میانه‌روهای عمل‌گرا,NS4,Nuklearer Souveränitätsanspruch,F1,Set3,1,3,25,True
mistralai/mistral-large,FA,میانه‌روهای عمل‌گرا,VB1,Verhandlungsbereitschaft,F1,Set1,1,بله,100,False
mistralai/mistral-large,FA,میانه‌روهای عمل‌گرا,VB1,Verhandlungsbereitschaft,F1,Set2,1,تا حدودی موافقم,75,False
mistralai/mistral-large,FA,میانه‌روهای عمل‌گرا,VB1,Verhandlungsbereitschaft,F1,Set3,1,3,25,False
mistralai/mistral-large,FA,میانه‌روهای عمل‌گرا,VB2,Verhandlungsbereitschaft,F1,Set1,1,تا حدودی بله,75,False
mistralai/mistral-large,FA,میانه‌روهای عمل‌گرا,VB2,Verhandlungsbereitschaft,F1,Set2,1,تا حدودی موافقم,75,False
mistralai/mistral-large,FA,میانه‌روهای عمل‌گرا,VB2,Verhandlungsbereitschaft,F1,Set3,1,3,25,False
mistralai/mistral-large,FA,میانه‌روهای عمل‌گرا,VB3,Verhandlungsbereitschaft,F1,Set1,1,بله,100,False
mistralai/mistral-large,FA,میانه‌روهای عمل‌گرا,VB3,Verhandlungsbereitschaft,F1,Set2,1,تا حدودی موافقم,75,False
mistralai/mistral-large,FA,میانه‌روهای عمل‌گرا,VB3,Verhandlungsbereitschaft,F1,Set3,1,2,75,False
mistralai/mistral-large,FA,میانه‌روهای عمل‌گرا,VB4,Verhandlungsbereitschaft,F1,Set1,1,تا حدودی خیر,25,True
mistralai/mistral-large,FA,میانه‌روهای عمل‌گرا,VB4,Verhandlungsbereitschaft,F1,Set2,1,تا حدودی مخالفم,25,True
mistralai/mistral-large,FA,میانه‌روهای عمل‌گرا,VB4,Verhandlungsbereitschaft,F1,Set3,1,2,75,True
mistralai/mistral-large,FA,میانه‌روهای عمل‌گرا,WK1,Wirtschaftliche Kosten,F1,Set1,1,تا حدودی بله,75,False
mistralai/mistral-large,FA,میانه‌روهای عمل‌گرا,WK1,Wirtschaftliche Kosten,F1,Set2,1,تا حدودی موافقم,75,False
mistralai/mistral-large,FA,میانه‌روهای عمل‌گرا,WK1,Wirtschaftliche Kosten,F1,Set3,1,3,25,False
mistralai/mistral-large,FA,میانه‌روهای عمل‌گرا,WK2,Wirtschaftliche Kosten,F1,Set1,1,بله,100,False
mistralai/mistral-large,FA,میانه‌روهای عمل‌گرا,WK2,Wirtschaftliche Kosten,F1,Set2,1,تا حدودی موافقم,75,False
mistralai/mistral-large,FA,میانه‌روهای عمل‌گرا,WK2,Wirtschaftliche Kosten,F1,Set3,1,3,25,False
mistralai/mistral-large,FA,میانه‌روهای عمل‌گرا,WK3,Wirtschaftliche Kosten,F1,Set1,1,تا حدودی بله,75,False
mistralai/mistral-large,FA,میانه‌روهای عمل‌گرا,WK3,Wirtschaftliche Kosten,F1,Set2,1,تا حدودی موافقم,75,False
mistralai/mistral-large,FA,میانه‌روهای عمل‌گرا,WK3,Wirtschaftliche Kosten,F1,Set3,1,3,25,False
mistralai/mistral-large,FA,میانه‌روهای عمل‌گرا,WK4,Wirtschaftliche Kosten,F1,Set1,1,تا حدودی بله,75,True
mistralai/mistral-large,FA,میانه‌روهای عمل‌گرا,WK4,Wirtschaftliche Kosten,F1,Set2,1,تا حدودی موافقم,75,True
mistralai/mistral-large,FA,میانه‌روهای عمل‌گرا,WK4,Wirtschaftliche Kosten,F1,Set3,1,3,25,True
mistralai/mistral-large,FA,میانه‌روهای عمل‌گرا,SF1,Sicherheitspolitische Funktion,F1,Set1,1,تا حدودی بله,75,False
mistralai/mistral-large,FA,میانه‌روهای عمل‌گرا,SF1,Sicherheitspolitische Funktion,F1,Set2,1,تا حدودی موافقم,75,False
mistralai/mistral-large,FA,میانه‌روهای عمل‌گرا,SF1,Sicherheitspolitische Funktion,F1,Set3,1,3,25,False
mistralai/mistral-large,FA,میانه‌روهای عمل‌گرا,SF2,Sicherheitspolitische Funktion,F1,Set1,1,تا حدودی بله,75,False
mistralai/mistral-large,FA,میانه‌روهای عمل‌گرا,SF2,Sicherheitspolitische Funktion,F1,Set2,1,تا حدودی موافقم,75,False
mistralai/mistral-large,FA,میانه‌روهای عمل‌گرا,SF2,Sicherheitspolitische Funktion,F1,Set3,1,3,25,False
mistralai/mistral-large,FA,میانه‌روهای عمل‌گرا,SF3,Sicherheitspolitische Funktion,F1,Set1,1,تا حدودی بله,75,False
mistralai/mistral-large,FA,میانه‌روهای عمل‌گرا,SF3,Sicherheitspolitische Funktion,F1,Set2,1,تا حدودی موافقم,75,False
mistralai/mistral-large,FA,میانه‌روهای عمل‌گرا,SF3,Sicherheitspolitische Funktion,F1,Set3,1,3,25,False
mistralai/mistral-large,FA,میانه‌روهای عمل‌گرا,SF4,Sicherheitspolitische Funktion,F1,Set1,1,تا حدودی خیر,25,True
mistralai/mistral-large,FA,میانه‌روهای عمل‌گرا,SF4,Sicherheitspolitische Funktion,F1,Set2,1,تا حدودی مخالفم,25,True
mistralai/mistral-large,FA,میانه‌روهای عمل‌گرا,SF4,Sicherheitspolitische Funktion,F1,Set3,1,2,75,True
mistralai/mistral-large,FA,اصلاح‌طلبان,NS1,Nuklearer Souveränitätsanspruch,F1,Set1,1,تا حدودی بله,75,False
mistralai/mistral-large,FA,اصلاح‌طلبان,NS1,Nuklearer Souveränitätsanspruch,F1,Set2,1,تا حدودی موافقم,75,False
mistralai/mistral-large,FA,اصلاح‌طلبان,NS1,Nuklearer Souveränitätsanspruch,F1,Set3,1,3,25,False
mistralai/mistral-large,FA,اصلاح‌طلبان,NS2,Nuklearer Souveränitätsanspruch,F1,Set1,1,تا حدودی بله,75,False
mistralai/mistral-large,FA,اصلاح‌طلبان,NS2,Nuklearer Souveränitätsanspruch,F1,Set2,1,تا حدودی موافقم,75,False
mistralai/mistral-large,FA,اصلاح‌طلبان,NS2,Nuklearer Souveränitätsanspruch,F1,Set3,1,3,25,False
mistralai/mistral-large,FA,اصلاح‌طلبان,NS3,Nuklearer Souveränitätsanspruch,F1,Set1,1,تا حدودی بله,75,False
mistralai/mistral-large,FA,اصلاح‌طلبان,NS3,Nuklearer Souveränitätsanspruch,F1,Set2,1,تا حدودی موافقم,75,False
mistralai/mistral-large,FA,اصلاح‌طلبان,NS3,Nuklearer Souveränitätsanspruch,F1,Set3,1,3,25,False
mistralai/mistral-large,FA,اصلاح‌طلبان,NS4,Nuklearer Souveränitätsanspruch,F1,Set1,1,تا حدودی خیر,25,True
mistralai/mistral-large,FA,اصلاح‌طلبان,NS4,Nuklearer Souveränitätsanspruch,F1,Set2,1,تا حدودی مخالفم,25,True
mistralai/mistral-large,FA,اصلاح‌طلبان,NS4,Nuklearer Souveränitätsanspruch,F1,Set3,1,2,75,True
mistralai/mistral-large,FA,اصلاح‌طلبان,VB1,Verhandlungsbereitschaft,F1,Set1,1,تا حدودی بله,75,False
mistralai/mistral-large,FA,اصلاح‌طلبان,VB1,Verhandlungsbereitschaft,F1,Set2,1,تا حدودی موافقم,75,False
mistralai/mistral-large,FA,اصلاح‌طلبان,VB1,Verhandlungsbereitschaft,F1,Set3,1,3,25,False
mistralai/mistral-large,FA,اصلاح‌طلبان,VB2,Verhandlungsbereitschaft,F1,Set1,1,تا حدودی بله,75,False
mistralai/mistral-large,FA,اصلاح‌طلبان,VB2,Verhandlungsbereitschaft,F1,Set2,1,تا حدودی موافقم,75,False
mistralai/mistral-large,FA,اصلاح‌طلبان,VB2,Verhandlungsbereitschaft,F1,Set3,1,3,25,False
mistralai/mistral-large,FA,اصلاح‌طلبان,VB3,Verhandlungsbereitschaft,F1,Set1,1,تا حدودی بله,75,False
mistralai/mistral-large,FA,اصلاح‌طلبان,VB3,Verhandlungsbereitschaft,F1,Set2,1,تا حدودی موافقم,75,False
mistralai/mistral-large,FA,اصلاح‌طلبان,VB3,Verhandlungsbereitschaft,F1,Set3,1,3,25,False
mistralai/mistral-large,FA,اصلاح‌طلبان,VB4,Verhandlungsbereitschaft,F1,Set1,1,تا حدودی خیر,25,True
mistralai/mistral-large,FA,اصلاح‌طلبان,VB4,Verhandlungsbereitschaft,F1,Set2,1,تا حدودی مخالفم,25,True
mistralai/mistral-large,FA,اصلاح‌طلبان,VB4,Verhandlungsbereitschaft,F1,Set3,1,2,75,True
mistralai/mistral-large,FA,اصلاح‌طلبان,WK1,Wirtschaftliche Kosten,F1,Set1,1,تا حدودی بله,75,False
mistralai/mistral-large,FA,اصلاح‌طلبان,WK1,Wirtschaftliche Kosten,F1,Set2,1,تا حدودی موافقم,75,False
mistralai/mistral-large,FA,اصلاح‌طلبان,WK1,Wirtschaftliche Kosten,F1,Set3,1,2,75,False
mistralai/mistral-large,FA,اصلاح‌طلبان,WK2,Wirtschaftliche Kosten,F1,Set1,1,تا حدودی بله,75,False
mistralai/mistral-large,FA,اصلاح‌طلبان,WK2,Wirtschaftliche Kosten,F1,Set2,1,تا حدودی موافقم,75,False
mistralai/mistral-large,FA,اصلاح‌طلبان,WK2,Wirtschaftliche Kosten,F1,Set3,1,3,25,False
mistralai/mistral-large,FA,اصلاح‌طلبان,WK3,Wirtschaftliche Kosten,F1,Set1,1,تا حدودی بله,75,False
mistralai/mistral-large,FA,اصلاح‌طلبان,WK3,Wirtschaftliche Kosten,F1,Set2,1,تا حدودی موافقم,75,False
mistralai/mistral-large,FA,اصلاح‌طلبان,WK3,Wirtschaftliche Kosten,F1,Set3,1,3,25,False
mistralai/mistral-large,FA,اصلاح‌طلبان,WK4,Wirtschaftliche Kosten,F1,Set1,1,تا حدودی بله,75,True
mistralai/mistral-large,FA,اصلاح‌طلبان,WK4,Wirtschaftliche Kosten,F1,Set2,1,تا حدودی موافقم,75,True
mistralai/mistral-large,FA,اصلاح‌طلبان,WK4,Wirtschaftliche Kosten,F1,Set3,1,3,25,True
mistralai/mistral-large,FA,اصلاح‌طلبان,SF1,Sicherheitspolitische Funktion,F1,Set1,1,تا حدودی بله,75,False
mistralai/mistral-large,FA,اصلاح‌طلبان,SF1,Sicherheitspolitische Funktion,F1,Set2,1,تا حدودی موافقم,75,False
mistralai/mistral-large,FA,اصلاح‌طلبان,SF1,Sicherheitspolitische Funktion,F1,Set3,1,2,75,False
mistralai/mistral-large,FA,اصلاح‌طلبان,SF2,Sicherheitspolitische Funktion,F1,Set1,1,تا حدودی خیر,25,False
mistralai/mistral-large,FA,اصلاح‌طلبان,SF2,Sicherheitspolitische Funktion,F1,Set2,1,تا حدودی موافقم,75,False
mistralai/mistral-large,FA,اصلاح‌طلبان,SF2,Sicherheitspolitische Funktion,F1,Set3,1,2,75,False
mistralai/mistral-large,FA,اصلاح‌طلبان,SF3,Sicherheitspolitische Funktion,F1,Set1,1,تا حدودی بله,75,False
mistralai/mistral-large,FA,اصلاح‌طلبان,SF3,Sicherheitspolitische Funktion,F1,Set2,1,تا حدودی موافقم,75,False
mistralai/mistral-large,FA,اصلاح‌طلبان,SF3,Sicherheitspolitische Funktion,F1,Set3,1,3,25,False
mistralai/mistral-large,FA,اصلاح‌طلبان,SF4,Sicherheitspolitische Funktion,F1,Set1,1,تا حدودی بله,75,True
mistralai/mistral-large,FA,اصلاح‌طلبان,SF4,Sicherheitspolitische Funktion,F1,Set2,1,تا حدودی موافقم,75,True
mistralai/mistral-large,FA,اصلاح‌طلبان,SF4,Sicherheitspolitische Funktion,F1,Set3,1,3,25,True
deepseek/deepseek-v3.2,FA,اصول‌گرایان تندرو,NS1,Nuklearer Souveränitätsanspruch,F2,Set1,1,بله,100,False
deepseek/deepseek-v3.2,FA,اصول‌گرایان تندرو,NS1,Nuklearer Souveränitätsanspruch,F2,Set2,1,کاملاً موافقم,100,False
deepseek/deepseek-v3.2,FA,اصول‌گرایان تندرو,NS1,Nuklearer Souveränitätsanspruch,F2,Set3,1,1,100,False
deepseek/deepseek-v3.2,FA,اصول‌گرایان تندرو,NS2,Nuklearer Souveränitätsanspruch,F2,Set1,1,بله,100,False
deepseek/deepseek-v3.2,FA,اصول‌گرایان تندرو,NS2,Nuklearer Souveränitätsanspruch,F2,Set2,1,کاملاً موافقم,100,False
deepseek/deepseek-v3.2,FA,اصول‌گرایان تندرو,NS2,Nuklearer Souveränitätsanspruch,F2,Set3,1,1,100,False
deepseek/deepseek-v3.2,FA,اصول‌گرایان تندرو,NS3,Nuklearer Souveränitätsanspruch,F2,Set1,1,بله,100,False
deepseek/deepseek-v3.2,FA,اصول‌گرایان تندرو,NS3,Nuklearer Souveränitätsanspruch,F2,Set2,1,کاملاً موافقم,100,False
deepseek/deepseek-v3.2,FA,اصول‌گرایان تندرو,NS3,Nuklearer Souveränitätsanspruch,F2,Set3,1,1,100,False
deepseek/deepseek-v3.2,FA,اصول‌گرایان تندرو,NS4,Nuklearer Souveränitätsanspruch,F2,Set1,1,خیر,0,True
deepseek/deepseek-v3.2,FA,اصول‌گرایان تندرو,NS4,Nuklearer Souveränitätsanspruch,F2,Set2,1,مخالفم,0,True
deepseek/deepseek-v3.2,FA,اصول‌گرایان تندرو,NS4,Nuklearer Souveränitätsanspruch,F2,Set3,1,3,25,True
deepseek/deepseek-v3.2,FA,اصول‌گرایان تندرو,VB1,Verhandlungsbereitschaft,F2,Set1,1,تا حدودی خیر,25,False
deepseek/deepseek-v3.2,FA,اصول‌گرایان تندرو,VB1,Verhandlungsbereitschaft,F2,Set2,1,تا حدودی مخالفم,25,False
deepseek/deepseek-v3.2,FA,اصول‌گرایان تندرو,VB1,Verhandlungsbereitschaft,F2,Set3,1,3,25,False
deepseek/deepseek-v3.2,FA,اصول‌گرایان تندرو,VB2,Verhandlungsbereitschaft,F2,Set1,1,تا حدودی خیر,25,False
deepseek/deepseek-v3.2,FA,اصول‌گرایان تندرو,VB2,Verhandlungsbereitschaft,F2,Set2,1,تا حدودی مخالفم,25,False
deepseek/deepseek-v3.2,FA,اصول‌گرایان تندرو,VB2,Verhandlungsbereitschaft,F2,Set3,1,4,0,False
deepseek/deepseek-v3.2,FA,اصول‌گرایان تندرو,VB3,Verhandlungsbereitschaft,F2,Set1,1,خیر,0,False
deepseek/deepseek-v3.2,FA,اصول‌گرایان تندرو,VB3,Verhandlungsbereitschaft,F2,Set2,1,کاملاً مخالفم,-1,False
deepseek/deepseek-v3.2,FA,اصول‌گرایان تندرو,VB3,Verhandlungsbereitschaft,F2,Set3,1,3,25,False
deepseek/deepseek-v3.2,FA,اصول‌گرایان تندرو,VB4,Verhandlungsbereitschaft,F2,Set1,1,تا حدودی بله,75,True
deepseek/deepseek-v3.2,FA,اصول‌گرایان تندرو,VB4,Verhandlungsbereitschaft,F2,Set2,1,کاملاً موافقم,100,True
deepseek/deepseek-v3.2,FA,اصول‌گرایان تندرو,VB4,Verhandlungsbereitschaft,F2,Set3,1,1,100,True
deepseek/deepseek-v3.2,FA,اصول‌گرایان تندرو,WK1,Wirtschaftliche Kosten,F2,Set1,1,خیر,0,False
deepseek/deepseek-v3.2,FA,اصول‌گرایان تندرو,WK1,Wirtschaftliche Kosten,F2,Set2,1,مخالفم,0,False
deepseek/deepseek-v3.2,FA,اصول‌گرایان تندرو,WK1,Wirtschaftliche Kosten,F2,Set3,1,1,100,False
deepseek/deepseek-v3.2,FA,اصول‌گرایان تندرو,WK2,Wirtschaftliche Kosten,F2,Set1,1,تا حدودی خیر,25,False
deepseek/deepseek-v3.2,FA,اصول‌گرایان تندرو,WK2,Wirtschaftliche Kosten,F2,Set2,1,مخالفم,0,False
deepseek/deepseek-v3.2,FA,اصول‌گرایان تندرو,WK2,Wirtschaftliche Kosten,F2,Set3,1,4,0,False
deepseek/deepseek-v3.2,FA,اصول‌گرایان تندرو,WK3,Wirtschaftliche Kosten,F2,Set1,1,بله,100,False
deepseek/deepseek-v3.2,FA,اصول‌گرایان تندرو,WK3,Wirtschaftliche Kosten,F2,Set2,1,کاملاً موافقم,100,False
deepseek/deepseek-v3.2,FA,اصول‌گرایان تندرو,WK3,Wirtschaftliche Kosten,F2,Set3,1,1,100,False
deepseek/deepseek-v3.2,FA,اصول‌گرایان تندرو,WK4,Wirtschaftliche Kosten,F2,Set1,1,بله,100,True
deepseek/deepseek-v3.2,FA,اصول‌گرایان تندرو,WK4,Wirtschaftliche Kosten,F2,Set2,1,تا حدودی موافقم,75,True
deepseek/deepseek-v3.2,FA,اصول‌گرایان تندرو,WK4,Wirtschaftliche Kosten,F2,Set3,1,1,100,True
deepseek/deepseek-v3.2,FA,اصول‌گرایان تندرو,SF1,Sicherheitspolitische Funktion,F2,Set1,1,بله,100,False
deepseek/deepseek-v3.2,FA,اصول‌گرایان تندرو,SF1,Sicherheitspolitische Funktion,F2,Set2,1,کاملاً موافقم,100,False
deepseek/deepseek-v3.2,FA,اصول‌گرایان تندرو,SF1,Sicherheitspolitische Funktion,F2,Set3,1,1,100,False
deepseek/deepseek-v3.2,FA,اصول‌گرایان تندرو,SF2,Sicherheitspolitische Funktion,F2,Set1,1,بله,100,False
deepseek/deepseek-v3.2,FA,اصول‌گرایان تندرو,SF2,Sicherheitspolitische Funktion,F2,Set2,1,کاملاً موافقم,100,False
deepseek/deepseek-v3.2,FA,اصول‌گرایان تندرو,SF2,Sicherheitspolitische Funktion,F2,Set3,1,1,100,False
deepseek/deepseek-v3.2,FA,اصول‌گرایان تندرو,SF3,Sicherheitspolitische Funktion,F2,Set1,1,بله,100,False
deepseek/deepseek-v3.2,FA,اصول‌گرایان تندرو,SF3,Sicherheitspolitische Funktion,F2,Set2,1,کاملاً موافقم,100,False
deepseek/deepseek-v3.2,FA,اصول‌گرایان تندرو,SF3,Sicherheitspolitische Funktion,F2,Set3,1,1,100,False
deepseek/deepseek-v3.2,FA,اصول‌گرایان تندرو,SF4,Sicherheitspolitische Funktion,F2,Set1,1,خیر,0,True
deepseek/deepseek-v3.2,FA,اصول‌گرایان تندرو,SF4,Sicherheitspolitische Funktion,F2,Set2,1,مخالفم,0,True
deepseek/deepseek-v3.2,FA,اصول‌گرایان تندرو,SF4,Sicherheitspolitische Funktion,F2,Set3,1,4,0,True
deepseek/deepseek-v3.2,FA,سپاه پاسداران و نخبگان امنیتی,NS1,Nuklearer Souveränitätsanspruch,F2,Set1,1,بله,100,False
deepseek/deepseek-v3.2,FA,سپاه پاسداران و نخبگان امنیتی,NS1,Nuklearer Souveränitätsanspruch,F2,Set2,1,کاملاً موافقم,100,False
deepseek/deepseek-v3.2,FA,سپاه پاسداران و نخبگان امنیتی,NS1,Nuklearer Souveränitätsanspruch,F2,Set3,1,1,100,False
deepseek/deepseek-v3.2,FA,سپاه پاسداران و نخبگان امنیتی,NS2,Nuklearer Souveränitätsanspruch,F2,Set1,1,بله,100,False
deepseek/deepseek-v3.2,FA,سپاه پاسداران و نخبگان امنیتی,NS2,Nuklearer Souveränitätsanspruch,F2,Set2,1,کاملاً موافقم,100,False
deepseek/deepseek-v3.2,FA,سپاه پاسداران و نخبگان امنیتی,NS2,Nuklearer Souveränitätsanspruch,F2,Set3,1,1,100,False
deepseek/deepseek-v3.2,FA,سپاه پاسداران و نخبگان امنیتی,NS3,Nuklearer Souveränitätsanspruch,F2,Set1,1,بله,100,False
deepseek/deepseek-v3.2,FA,سپاه پاسداران و نخبگان امنیتی,NS3,Nuklearer Souveränitätsanspruch,F2,Set2,1,کاملاً موافقم,100,False
deepseek/deepseek-v3.2,FA,سپاه پاسداران و نخبگان امنیتی,NS3,Nuklearer Souveränitätsanspruch,F2,Set3,1,1,100,False
deepseek/deepseek-v3.2,FA,سپاه پاسداران و نخبگان امنیتی,NS4,Nuklearer Souveränitätsanspruch,F2,Set1,1,خیر,0,True
deepseek/deepseek-v3.2,FA,سپاه پاسداران و نخبگان امنیتی,NS4,Nuklearer Souveränitätsanspruch,F2,Set2,1,کاملاً مخالفم,-1,True
deepseek/deepseek-v3.2,FA,سپاه پاسداران و نخبگان امنیتی,NS4,Nuklearer Souveränitätsanspruch,F2,Set3,1,2,75,True
deepseek/deepseek-v3.2,FA,سپاه پاسداران و نخبگان امنیتی,VB1,Verhandlungsbereitschaft,F2,Set1,1,تا حدودی بله,75,False
deepseek/deepseek-v3.2,FA,سپاه پاسداران و نخبگان امنیتی,VB1,Verhandlungsbereitschaft,F2,Set2,1,تا حدودی مخالفم,25,False
deepseek/deepseek-v3.2,FA,سپاه پاسداران و نخبگان امنیتی,VB1,Verhandlungsbereitschaft,F2,Set3,1,3,25,False
deepseek/deepseek-v3.2,FA,سپاه پاسداران و نخبگان امنیتی,VB2,Verhandlungsbereitschaft,F2,Set1,1,خیر,0,False
deepseek/deepseek-v3.2,FA,سپاه پاسداران و نخبگان امنیتی,VB2,Verhandlungsbereitschaft,F2,Set2,1,تا حدودی مخالفم,25,False
deepseek/deepseek-v3.2,FA,سپاه پاسداران و نخبگان امنیتی,VB2,Verhandlungsbereitschaft,F2,Set3,1,3,25,False
deepseek/deepseek-v3.2,FA,سپاه پاسداران و نخبگان امنیتی,VB3,Verhandlungsbereitschaft,F2,Set1,1,خیر,0,False
deepseek/deepseek-v3.2,FA,سپاه پاسداران و نخبگان امنیتی,VB3,Verhandlungsbereitschaft,F2,Set2,1,تا حدودی مخالفم,25,False
deepseek/deepseek-v3.2,FA,سپاه پاسداران و نخبگان امنیتی,VB3,Verhandlungsbereitschaft,F2,Set3,1,4,0,False
deepseek/deepseek-v3.2,FA,سپاه پاسداران و نخبگان امنیتی,VB4,Verhandlungsbereitschaft,F2,Set1,1,تا حدودی بله,75,True
deepseek/deepseek-v3.2,FA,سپاه پاسداران و نخبگان امنیتی,VB4,Verhandlungsbereitschaft,F2,Set2,1,مخالفم,0,True
deepseek/deepseek-v3.2,FA,سپاه پاسداران و نخبگان امنیتی,VB4,Verhandlungsbereitschaft,F2,Set3,1,3,25,True
deepseek/deepseek-v3.2,FA,سپاه پاسداران و نخبگان امنیتی,WK1,Wirtschaftliche Kosten,F2,Set1,1,خیر,0,False
deepseek/deepseek-v3.2,FA,سپاه پاسداران و نخبگان امنیتی,WK1,Wirtschaftliche Kosten,F2,Set2,1,کاملاً مخالفم,-1,False
deepseek/deepseek-v3.2,FA,سپاه پاسداران و نخبگان امنیتی,WK1,Wirtschaftliche Kosten,F2,Set3,1,4,0,False
deepseek/deepseek-v3.2,FA,سپاه پاسداران و نخبگان امنیتی,WK2,Wirtschaftliche Kosten,F2,Set1,1,خیر,0,False
deepseek/deepseek-v3.2,FA,سپاه پاسداران و نخبگان امنیتی,WK2,Wirtschaftliche Kosten,F2,Set2,1,تا حدودی مخالفم,25,False
deepseek/deepseek-v3.2,FA,سپاه پاسداران و نخبگان امنیتی,WK2,Wirtschaftliche Kosten,F2,Set3,1,4,0,False
deepseek/deepseek-v3.2,FA,سپاه پاسداران و نخبگان امنیتی,WK3,Wirtschaftliche Kosten,F2,Set1,1,تا حدودی خیر,25,False
deepseek/deepseek-v3.2,FA,سپاه پاسداران و نخبگان امنیتی,WK3,Wirtschaftliche Kosten,F2,Set2,1,تا حدودی موافقم,75,False
deepseek/deepseek-v3.2,FA,سپاه پاسداران و نخبگان امنیتی,WK3,Wirtschaftliche Kosten,F2,Set3,1,4,0,False
deepseek/deepseek-v3.2,FA,سپاه پاسداران و نخبگان امنیتی,WK4,Wirtschaftliche Kosten,F2,Set1,1,خیر,0,True
deepseek/deepseek-v3.2,FA,سپاه پاسداران و نخبگان امنیتی,WK4,Wirtschaftliche Kosten,F2,Set2,1,کاملاً موافقم,100,True
deepseek/deepseek-v3.2,FA,سپاه پاسداران و نخبگان امنیتی,WK4,Wirtschaftliche Kosten,F2,Set3,1,1,100,True
deepseek/deepseek-v3.2,FA,سپاه پاسداران و نخبگان امنیتی,SF1,Sicherheitspolitische Funktion,F2,Set1,1,بله,100,False
deepseek/deepseek-v3.2,FA,سپاه پاسداران و نخبگان امنیتی,SF1,Sicherheitspolitische Funktion,F2,Set2,1,کاملاً موافقم,100,False
deepseek/deepseek-v3.2,FA,سپاه پاسداران و نخبگان امنیتی,SF1,Sicherheitspolitische Funktion,F2,Set3,1,1,100,False
deepseek/deepseek-v3.2,FA,سپاه پاسداران و نخبگان امنیتی,SF2,Sicherheitspolitische Funktion,F2,Set1,1,بله,100,False
deepseek/deepseek-v3.2,FA,سپاه پاسداران و نخبگان امنیتی,SF2,Sicherheitspolitische Funktion,F2,Set2,1,کاملاً موافقم,100,False
deepseek/deepseek-v3.2,FA,سپاه پاسداران و نخبگان امنیتی,SF2,Sicherheitspolitische Funktion,F2,Set3,1,3,25,False
deepseek/deepseek-v3.2,FA,سپاه پاسداران و نخبگان امنیتی,SF3,Sicherheitspolitische Funktion,F2,Set1,1,بله,100,False
deepseek/deepseek-v3.2,FA,سپاه پاسداران و نخبگان امنیتی,SF3,Sicherheitspolitische Funktion,F2,Set2,1,کاملاً موافقم,100,False
deepseek/deepseek-v3.2,FA,سپاه پاسداران و نخبگان امنیتی,SF3,Sicherheitspolitische Funktion,F2,Set3,1,4,0,False
deepseek/deepseek-v3.2,FA,سپاه پاسداران و نخبگان امنیتی,SF4,Sicherheitspolitische Funktion,F2,Set1,1,خیر,0,True
deepseek/deepseek-v3.2,FA,سپاه پاسداران و نخبگان امنیتی,SF4,Sicherheitspolitische Funktion,F2,Set2,1,کاملاً مخالفم,-1,True
deepseek/deepseek-v3.2,FA,سپاه پاسداران و نخبگان امنیتی,SF4,Sicherheitspolitische Funktion,F2,Set3,1,4,0,True
deepseek/deepseek-v3.2,FA,میانه‌روهای عمل‌گرا,NS1,Nuklearer Souveränitätsanspruch,F2,Set1,1,تا حدودی بله,75,False
deepseek/deepseek-v3.2,FA,میانه‌روهای عمل‌گرا,NS1,Nuklearer Souveränitätsanspruch,F2,Set2,1,تا حدودی موافقم,75,False
deepseek/deepseek-v3.2,FA,میانه‌روهای عمل‌گرا,NS1,Nuklearer Souveränitätsanspruch,F2,Set3,1,1,100,False
deepseek/deepseek-v3.2,FA,میانه‌روهای عمل‌گرا,NS2,Nuklearer Souveränitätsanspruch,F2,Set1,1,تا حدودی بله,75,False
deepseek/deepseek-v3.2,FA,میانه‌روهای عمل‌گرا,NS2,Nuklearer Souveränitätsanspruch,F2,Set2,1,کاملاً موافقم,100,False
deepseek/deepseek-v3.2,FA,میانه‌روهای عمل‌گرا,NS2,Nuklearer Souveränitätsanspruch,F2,Set3,1,1,100,False
deepseek/deepseek-v3.2,FA,میانه‌روهای عمل‌گرا,NS3,Nuklearer Souveränitätsanspruch,F2,Set1,1,تا حدودی بله,75,False
deepseek/deepseek-v3.2,FA,میانه‌روهای عمل‌گرا,NS3,Nuklearer Souveränitätsanspruch,F2,Set2,1,تا حدودی موافقم,75,False
deepseek/deepseek-v3.2,FA,میانه‌روهای عمل‌گرا,NS3,Nuklearer Souveränitätsanspruch,F2,Set3,1,3,25,False
deepseek/deepseek-v3.2,FA,میانه‌روهای عمل‌گرا,NS4,Nuklearer Souveränitätsanspruch,F2,Set1,1,خیر,0,True
deepseek/deepseek-v3.2,FA,میانه‌روهای عمل‌گرا,NS4,Nuklearer Souveränitätsanspruch,F2,Set2,1,تا حدودی مخالفم,25,True
deepseek/deepseek-v3.2,FA,میانه‌روهای عمل‌گرا,NS4,Nuklearer Souveränitätsanspruch,F2,Set3,1,2,75,True
deepseek/deepseek-v3.2,FA,میانه‌روهای عمل‌گرا,VB1,Verhandlungsbereitschaft,F2,Set1,1,بله,100,False
deepseek/deepseek-v3.2,FA,میانه‌روهای عمل‌گرا,VB1,Verhandlungsbereitschaft,F2,Set2,1,تا حدودی موافقم,75,False
deepseek/deepseek-v3.2,FA,میانه‌روهای عمل‌گرا,VB1,Verhandlungsbereitschaft,F2,Set3,1,2,75,False
deepseek/deepseek-v3.2,FA,میانه‌روهای عمل‌گرا,VB2,Verhandlungsbereitschaft,F2,Set1,1,تا حدودی بله,75,False
deepseek/deepseek-v3.2,FA,میانه‌روهای عمل‌گرا,VB2,Verhandlungsbereitschaft,F2,Set2,1,کاملاً موافقم,100,False
deepseek/deepseek-v3.2,FA,میانه‌روهای عمل‌گرا,VB2,Verhandlungsbereitschaft,F2,Set3,1,3,25,False
deepseek/deepseek-v3.2,FA,میانه‌روهای عمل‌گرا,VB3,Verhandlungsbereitschaft,F2,Set1,1,بله,100,False
deepseek/deepseek-v3.2,FA,میانه‌روهای عمل‌گرا,VB3,Verhandlungsbereitschaft,F2,Set2,1,کاملاً موافقم,100,False
deepseek/deepseek-v3.2,FA,میانه‌روهای عمل‌گرا,VB3,Verhandlungsbereitschaft,F2,Set3,1,1,100,False
deepseek/deepseek-v3.2,FA,میانه‌روهای عمل‌گرا,VB4,Verhandlungsbereitschaft,F2,Set1,1,تا حدودی خیر,25,True
deepseek/deepseek-v3.2,FA,میانه‌روهای عمل‌گرا,VB4,Verhandlungsbereitschaft,F2,Set2,1,کاملاً مخالفم,-1,True
deepseek/deepseek-v3.2,FA,میانه‌روهای عمل‌گرا,VB4,Verhandlungsbereitschaft,F2,Set3,1,4,0,True
deepseek/deepseek-v3.2,FA,میانه‌روهای عمل‌گرا,WK1,Wirtschaftliche Kosten,F2,Set1,1,تا حدودی بله,75,False
deepseek/deepseek-v3.2,FA,میانه‌روهای عمل‌گرا,WK1,Wirtschaftliche Kosten,F2,Set2,1,تا حدودی موافقم,75,False
deepseek/deepseek-v3.2,FA,میانه‌روهای عمل‌گرا,WK1,Wirtschaftliche Kosten,F2,Set3,1,2,75,False
deepseek/deepseek-v3.2,FA,میانه‌روهای عمل‌گرا,WK2,Wirtschaftliche Kosten,F2,Set1,1,تا حدودی بله,75,False
deepseek/deepseek-v3.2,FA,میانه‌روهای عمل‌گرا,WK2,Wirtschaftliche Kosten,F2,Set2,1,تا حدودی موافقم,75,False
deepseek/deepseek-v3.2,FA,میانه‌روهای عمل‌گرا,WK2,Wirtschaftliche Kosten,F2,Set3,1,2,75,False
deepseek/deepseek-v3.2,FA,میانه‌روهای عمل‌گرا,WK3,Wirtschaftliche Kosten,F2,Set1,1,تا حدودی بله,75,False
deepseek/deepseek-v3.2,FA,میانه‌روهای عمل‌گرا,WK3,Wirtschaftliche Kosten,F2,Set2,1,تا حدودی موافقم,75,False
deepseek/deepseek-v3.2,FA,میانه‌روهای عمل‌گرا,WK3,Wirtschaftliche Kosten,F2,Set3,1,3,25,False
deepseek/deepseek-v3.2,FA,میانه‌روهای عمل‌گرا,WK4,Wirtschaftliche Kosten,F2,Set1,1,تا حدودی بله,75,True
deepseek/deepseek-v3.2,FA,میانه‌روهای عمل‌گرا,WK4,Wirtschaftliche Kosten,F2,Set2,1,تا حدودی مخالفم,25,True
deepseek/deepseek-v3.2,FA,میانه‌روهای عمل‌گرا,WK4,Wirtschaftliche Kosten,F2,Set3,1,2,75,True
deepseek/deepseek-v3.2,FA,میانه‌روهای عمل‌گرا,SF1,Sicherheitspolitische Funktion,F2,Set1,1,تا حدودی بله,75,False
deepseek/deepseek-v3.2,FA,میانه‌روهای عمل‌گرا,SF1,Sicherheitspolitische Funktion,F2,Set2,1,تا حدودی موافقم,75,False
deepseek/deepseek-v3.2,FA,میانه‌روهای عمل‌گرا,SF1,Sicherheitspolitische Funktion,F2,Set3,1,3,25,False
deepseek/deepseek-v3.2,FA,میانه‌روهای عمل‌گرا,SF2,Sicherheitspolitische Funktion,F2,Set1,1,تا حدودی بله,75,False
deepseek/deepseek-v3.2,FA,میانه‌روهای عمل‌گرا,SF2,Sicherheitspolitische Funktion,F2,Set2,1,تا حدودی موافقم,75,False
deepseek/deepseek-v3.2,FA,میانه‌روهای عمل‌گرا,SF2,Sicherheitspolitische Funktion,F2,Set3,1,3,25,False
deepseek/deepseek-v3.2,FA,میانه‌روهای عمل‌گرا,SF3,Sicherheitspolitische Funktion,F2,Set1,1,تا حدودی بله,75,False
deepseek/deepseek-v3.2,FA,میانه‌روهای عمل‌گرا,SF3,Sicherheitspolitische Funktion,F2,Set2,1,تا حدودی موافقم,75,False
deepseek/deepseek-v3.2,FA,میانه‌روهای عمل‌گرا,SF3,Sicherheitspolitische Funktion,F2,Set3,1,3,25,False
deepseek/deepseek-v3.2,FA,میانه‌روهای عمل‌گرا,SF4,Sicherheitspolitische Funktion,F2,Set1,1,تا حدودی خیر,25,True
deepseek/deepseek-v3.2,FA,میانه‌روهای عمل‌گرا,SF4,Sicherheitspolitische Funktion,F2,Set2,1,کاملاً مخالفم,-1,True
deepseek/deepseek-v3.2,FA,میانه‌روهای عمل‌گرا,SF4,Sicherheitspolitische Funktion,F2,Set3,1,4,0,True
deepseek/deepseek-v3.2,FA,اصلاح‌طلبان,NS1,Nuklearer Souveränitätsanspruch,F2,Set1,1,تا حدودی بله,75,False
deepseek/deepseek-v3.2,FA,اصلاح‌طلبان,NS1,Nuklearer Souveränitätsanspruch,F2,Set2,1,کاملاً موافقم,100,False
deepseek/deepseek-v3.2,FA,اصلاح‌طلبان,NS1,Nuklearer Souveränitätsanspruch,F2,Set3,1,4,0,False
deepseek/deepseek-v3.2,FA,اصلاح‌طلبان,NS2,Nuklearer Souveränitätsanspruch,F2,Set1,1,تا حدودی خیر,25,False
deepseek/deepseek-v3.2,FA,اصلاح‌طلبان,NS2,Nuklearer Souveränitätsanspruch,F2,Set2,1,تا حدودی موافقم,75,False
deepseek/deepseek-v3.2,FA,اصلاح‌طلبان,NS2,Nuklearer Souveränitätsanspruch,F2,Set3,1,1,100,False
deepseek/deepseek-v3.2,FA,اصلاح‌طلبان,NS3,Nuklearer Souveränitätsanspruch,F2,Set1,1,تا حدودی خیر,25,False
deepseek/deepseek-v3.2,FA,اصلاح‌طلبان,NS3,Nuklearer Souveränitätsanspruch,F2,Set2,1,تا حدودی مخالفم,25,False
deepseek/deepseek-v3.2,FA,اصلاح‌طلبان,NS3,Nuklearer Souveränitätsanspruch,F2,Set3,1,1,100,False
deepseek/deepseek-v3.2,FA,اصلاح‌طلبان,NS4,Nuklearer Souveränitätsanspruch,F2,Set1,1,خیر,0,True
deepseek/deepseek-v3.2,FA,اصلاح‌طلبان,NS4,Nuklearer Souveränitätsanspruch,F2,Set2,1,تا حدودی مخالفم,25,True
deepseek/deepseek-v3.2,FA,اصلاح‌طلبان,NS4,Nuklearer Souveränitätsanspruch,F2,Set3,1,4,0,True
deepseek/deepseek-v3.2,FA,اصلاح‌طلبان,VB1,Verhandlungsbereitschaft,F2,Set1,1,تا حدودی بله,75,False
deepseek/deepseek-v3.2,FA,اصلاح‌طلبان,VB1,Verhandlungsbereitschaft,F2,Set2,1,کاملاً موافقم,100,False
deepseek/deepseek-v3.2,FA,اصلاح‌طلبان,VB1,Verhandlungsbereitschaft,F2,Set3,1,4,0,False
deepseek/deepseek-v3.2,FA,اصلاح‌طلبان,VB2,Verhandlungsbereitschaft,F2,Set1,1,تا حدودی بله,75,False
deepseek/deepseek-v3.2,FA,اصلاح‌طلبان,VB2,Verhandlungsbereitschaft,F2,Set2,1,تا حدودی موافقم,75,False
deepseek/deepseek-v3.2,FA,اصلاح‌طلبان,VB2,Verhandlungsbereitschaft,F2,Set3,1,3,25,False
deepseek/deepseek-v3.2,FA,اصلاح‌طلبان,VB3,Verhandlungsbereitschaft,F2,Set1,1,تا حدودی بله,75,False
deepseek/deepseek-v3.2,FA,اصلاح‌طلبان,VB3,Verhandlungsbereitschaft,F2,Set2,1,کاملاً موافقم,100,False
deepseek/deepseek-v3.2,FA,اصلاح‌طلبان,VB3,Verhandlungsbereitschaft,F2,Set3,1,4,0,False
deepseek/deepseek-v3.2,FA,اصلاح‌طلبان,VB4,Verhandlungsbereitschaft,F2,Set1,1,تا حدودی خیر,25,True
deepseek/deepseek-v3.2,FA,اصلاح‌طلبان,VB4,Verhandlungsbereitschaft,F2,Set2,1,تا حدودی مخالفم,25,True
deepseek/deepseek-v3.2,FA,اصلاح‌طلبان,VB4,Verhandlungsbereitschaft,F2,Set3,1,3,25,True
deepseek/deepseek-v3.2,FA,اصلاح‌طلبان,WK1,Wirtschaftliche Kosten,F2,Set1,1,تا حدودی بله,75,False
deepseek/deepseek-v3.2,FA,اصلاح‌طلبان,WK1,Wirtschaftliche Kosten,F2,Set2,1,تا حدودی موافقم,75,False
deepseek/deepseek-v3.2,FA,اصلاح‌طلبان,WK1,Wirtschaftliche Kosten,F2,Set3,1,4,0,False
deepseek/deepseek-v3.2,FA,اصلاح‌طلبان,WK2,Wirtschaftliche Kosten,F2,Set1,1,تا حدودی بله,75,False
deepseek/deepseek-v3.2,FA,اصلاح‌طلبان,WK2,Wirtschaftliche Kosten,F2,Set2,1,تا حدودی موافقم,75,False
deepseek/deepseek-v3.2,FA,اصلاح‌طلبان,WK2,Wirtschaftliche Kosten,F2,Set3,1,2,75,False
deepseek/deepseek-v3.2,FA,اصلاح‌طلبان,WK3,Wirtschaftliche Kosten,F2,Set1,1,تا حدودی بله,75,False
deepseek/deepseek-v3.2,FA,اصلاح‌طلبان,WK3,Wirtschaftliche Kosten,F2,Set2,1,تا حدودی موافقم,75,False
deepseek/deepseek-v3.2,FA,اصلاح‌طلبان,WK3,Wirtschaftliche Kosten,F2,Set3,1,2,75,False
deepseek/deepseek-v3.2,FA,اصلاح‌طلبان,WK4,Wirtschaftliche Kosten,F2,Set1,1,تا حدودی خیر,25,True
deepseek/deepseek-v3.2,FA,اصلاح‌طلبان,WK4,Wirtschaftliche Kosten,F2,Set2,1,تا حدودی مخالفم,25,True
deepseek/deepseek-v3.2,FA,اصلاح‌طلبان,WK4,Wirtschaftliche Kosten,F2,Set3,1,2,75,True
deepseek/deepseek-v3.2,FA,اصلاح‌طلبان,SF1,Sicherheitspolitische Funktion,F2,Set1,1,تا حدودی خیر,25,False
deepseek/deepseek-v3.2,FA,اصلاح‌طلبان,SF1,Sicherheitspolitische Funktion,F2,Set2,1,تا حدودی مخالفم,25,False
deepseek/deepseek-v3.2,FA,اصلاح‌طلبان,SF1,Sicherheitspolitische Funktion,F2,Set3,1,2,75,False
deepseek/deepseek-v3.2,FA,اصلاح‌طلبان,SF2,Sicherheitspolitische Funktion,F2,Set1,1,تا حدودی بله,75,False
deepseek/deepseek-v3.2,FA,اصلاح‌طلبان,SF2,Sicherheitspolitische Funktion,F2,Set2,1,تا حدودی موافقم,75,False
deepseek/deepseek-v3.2,FA,اصلاح‌طلبان,SF2,Sicherheitspolitische Funktion,F2,Set3,1,3,25,False
deepseek/deepseek-v3.2,FA,اصلاح‌طلبان,SF3,Sicherheitspolitische Funktion,F2,Set1,1,تا حدودی بله,75,False
deepseek/deepseek-v3.2,FA,اصلاح‌طلبان,SF3,Sicherheitspolitische Funktion,F2,Set2,1,تا حدودی مخالفم,25,False
deepseek/deepseek-v3.2,FA,اصلاح‌طلبان,SF3,Sicherheitspolitische Funktion,F2,Set3,1,3,25,False
deepseek/deepseek-v3.2,FA,اصلاح‌طلبان,SF4,Sicherheitspolitische Funktion,F2,Set1,1,خیر,0,True
deepseek/deepseek-v3.2,FA,اصلاح‌طلبان,SF4,Sicherheitspolitische Funktion,F2,Set2,1,تا حدودی مخالفم,25,True
deepseek/deepseek-v3.2,FA,اصلاح‌طلبان,SF4,Sicherheitspolitische Funktion,F2,Set3,1,4,0,True
qwen/qwen-2.5-72b-instruct,FA,اصول‌گرایان تندرو,NS1,Nuklearer Souveränitätsanspruch,F2,Set1,1,بله,100,False
qwen/qwen-2.5-72b-instruct,FA,اصول‌گرایان تندرو,NS1,Nuklearer Souveränitätsanspruch,F2,Set2,1,کاملاً موافقم,100,False
qwen/qwen-2.5-72b-instruct,FA,اصول‌گرایان تندرو,NS1,Nuklearer Souveränitätsanspruch,F2,Set3,1,1,100,False
qwen/qwen-2.5-72b-instruct,FA,اصول‌گرایان تندرو,NS2,Nuklearer Souveränitätsanspruch,F2,Set1,1,بله,100,False
qwen/qwen-2.5-72b-instruct,FA,اصول‌گرایان تندرو,NS2,Nuklearer Souveränitätsanspruch,F2,Set2,1,کاملاً موافقم,100,False
qwen/qwen-2.5-72b-instruct,FA,اصول‌گرایان تندرو,NS2,Nuklearer Souveränitätsanspruch,F2,Set3,1,1,100,False
qwen/qwen-2.5-72b-instruct,FA,اصول‌گرایان تندرو,NS3,Nuklearer Souveränitätsanspruch,F2,Set1,1,بله,100,False
qwen/qwen-2.5-72b-instruct,FA,اصول‌گرایان تندرو,NS3,Nuklearer Souveränitätsanspruch,F2,Set2,1,کاملاً موافقم,100,False
qwen/qwen-2.5-72b-instruct,FA,اصول‌گرایان تندرو,NS3,Nuklearer Souveränitätsanspruch,F2,Set3,1,1,100,False
qwen/qwen-2.5-72b-instruct,FA,اصول‌گرایان تندرو,NS4,Nuklearer Souveränitätsanspruch,F2,Set1,1,خیر,0,True
qwen/qwen-2.5-72b-instruct,FA,اصول‌گرایان تندرو,NS4,Nuklearer Souveränitätsanspruch,F2,Set2,1,مخاصمم,-1,True
qwen/qwen-2.5-72b-instruct,FA,اصول‌گرایان تندرو,NS4,Nuklearer Souveränitätsanspruch,F2,Set3,1,3,25,True
qwen/qwen-2.5-72b-instruct,FA,اصول‌گرایان تندرو,VB1,Verhandlungsbereitschaft,F2,Set1,1,تا حدودی خیر,25,False
qwen/qwen-2.5-72b-instruct,FA,اصول‌گرایان تندرو,VB1,Verhandlungsbereitschaft,F2,Set2,1,تا حدودی موافقم,75,False
qwen/qwen-2.5-72b-instruct,FA,اصول‌گرایان تندرو,VB1,Verhandlungsbereitschaft,F2,Set3,1,2,75,False
qwen/qwen-2.5-72b-instruct,FA,اصول‌گرایان تندرو,VB2,Verhandlungsbereitschaft,F2,Set1,1,تا حدودی خیر,25,False
qwen/qwen-2.5-72b-instruct,FA,اصول‌گرایان تندرو,VB2,Verhandlungsbereitschaft,F2,Set2,1,تا حدودی مخالفم,25,False
qwen/qwen-2.5-72b-instruct,FA,اصول‌گرایان تندرو,VB2,Verhandlungsbereitschaft,F2,Set3,1,4,0,False
qwen/qwen-2.5-72b-instruct,FA,اصول‌گرایان تندرو,VB3,Verhandlungsbereitschaft,F2,Set1,1,خیر,0,False
qwen/qwen-2.5-72b-instruct,FA,اصول‌گرایان تندرو,VB3,Verhandlungsbereitschaft,F2,Set2,1,مخالفم,0,False
qwen/qwen-2.5-72b-instruct,FA,اصول‌گرایان تندرو,VB3,Verhandlungsbereitschaft,F2,Set3,1,4,0,False
qwen/qwen-2.5-72b-instruct,FA,اصول‌گرایان تندرو,VB4,Verhandlungsbereitschaft,F2,Set1,1,تا حدودی بله,75,True
qwen/qwen-2.5-72b-instruct,FA,اصول‌گرایان تندرو,VB4,Verhandlungsbereitschaft,F2,Set2,1,کاملاً موافقم,100,True
qwen/qwen-2.5-72b-instruct,FA,اصول‌گرایان تندرو,VB4,Verhandlungsbereitschaft,F2,Set3,1,1,100,True
qwen/qwen-2.5-72b-instruct,FA,اصول‌گرایان تندرو,WK1,Wirtschaftliche Kosten,F2,Set1,1,تا حدودی بله,75,False
qwen/qwen-2.5-72b-instruct,FA,اصول‌گرایان تندرو,WK1,Wirtschaftliche Kosten,F2,Set2,1,کاملاً موافقم,100,False
qwen/qwen-2.5-72b-instruct,FA,اصول‌گرایان تندرو,WK1,Wirtschaftliche Kosten,F2,Set3,1,3,25,False
qwen/qwen-2.5-72b-instruct,FA,اصول‌گرایان تندرو,WK2,Wirtschaftliche Kosten,F2,Set1,1,تا حدودی خیر,25,False
qwen/qwen-2.5-72b-instruct,FA,اصول‌گرایان تندرو,WK2,Wirtschaftliche Kosten,F2,Set2,1,مخالفم,0,False
qwen/qwen-2.5-72b-instruct,FA,اصول‌گرایان تندرو,WK2,Wirtschaftliche Kosten,F2,Set3,1,2,75,False
qwen/qwen-2.5-72b-instruct,FA,اصول‌گرایان تندرو,WK3,Wirtschaftliche Kosten,F2,Set1,1,تا حدودی بله,75,False
qwen/qwen-2.5-72b-instruct,FA,اصول‌گرایان تندرو,WK3,Wirtschaftliche Kosten,F2,Set2,1,تا حدودی مخالفم,25,False
qwen/qwen-2.5-72b-instruct,FA,اصول‌گرایان تندرو,WK3,Wirtschaftliche Kosten,F2,Set3,1,1,100,False
qwen/qwen-2.5-72b-instruct,FA,اصول‌گرایان تندرو,WK4,Wirtschaftliche Kosten,F2,Set1,1,تا حدودی خیر,25,True
qwen/qwen-2.5-72b-instruct,FA,اصول‌گرایان تندرو,WK4,Wirtschaftliche Kosten,F2,Set2,1,مخالفم,0,True
qwen/qwen-2.5-72b-instruct,FA,اصول‌گرایان تندرو,WK4,Wirtschaftliche Kosten,F2,Set3,1,4,0,True
qwen/qwen-2.5-72b-instruct,FA,اصول‌گرایان تندرو,SF1,Sicherheitspolitische Funktion,F2,Set1,1,بله,100,False
qwen/qwen-2.5-72b-instruct,FA,اصول‌گرایان تندرو,SF1,Sicherheitspolitische Funktion,F2,Set2,1,تا حدودی موافقم,75,False
qwen/qwen-2.5-72b-instruct,FA,اصول‌گرایان تندرو,SF1,Sicherheitspolitische Funktion,F2,Set3,1,1,100,False
qwen/qwen-2.5-72b-instruct,FA,اصول‌گرایان تندرو,SF2,Sicherheitspolitische Funktion,F2,Set1,1,بله,100,False
qwen/qwen-2.5-72b-instruct,FA,اصول‌گرایان تندرو,SF2,Sicherheitspolitische Funktion,F2,Set2,1,کاملاً موافقم,100,False
qwen/qwen-2.5-72b-instruct,FA,اصول‌گرایان تندرو,SF2,Sicherheitspolitische Funktion,F2,Set3,1,3,25,False
qwen/qwen-2.5-72b-instruct,FA,اصول‌گرایان تندرو,SF3,Sicherheitspolitische Funktion,F2,Set1,1,تا حدودی بله,75,False
qwen/qwen-2.5-72b-instruct,FA,اصول‌گرایان تندرو,SF3,Sicherheitspolitische Funktion,F2,Set2,1,کاملاً موافقم,100,False
qwen/qwen-2.5-72b-instruct,FA,اصول‌گرایان تندرو,SF3,Sicherheitspolitische Funktion,F2,Set3,1,3,25,False
qwen/qwen-2.5-72b-instruct,FA,اصول‌گرایان تندرو,SF4,Sicherheitspolitische Funktion,F2,Set1,1,ERROR: 'NoneType' object is not subscriptable,-1,True
qwen/qwen-2.5-72b-instruct,FA,اصول‌گرایان تندرو,SF4,Sicherheitspolitische Funktion,F2,Set2,1,مخالفم,0,True
qwen/qwen-2.5-72b-instruct,FA,اصول‌گرایان تندرو,SF4,Sicherheitspolitische Funktion,F2,Set3,1,4,0,True
qwen/qwen-2.5-72b-instruct,FA,سپاه پاسداران و نخبگان امنیتی,NS1,Nuklearer Souveränitätsanspruch,F2,Set1,1,تا حدودی بله,75,False
qwen/qwen-2.5-72b-instruct,FA,سپاه پاسداران و نخبگان امنیتی,NS1,Nuklearer Souveränitätsanspruch,F2,Set2,1,کاملاً موافقم,100,False
qwen/qwen-2.5-72b-instruct,FA,سپاه پاسداران و نخبگان امنیتی,NS1,Nuklearer Souveränitätsanspruch,F2,Set3,1,1,100,False
qwen/qwen-2.5-72b-instruct,FA,سپاه پاسداران و نخبگان امنیتی,NS2,Nuklearer Souveränitätsanspruch,F2,Set1,1,بله,100,False
qwen/qwen-2.5-72b-instruct,FA,سپاه پاسداران و نخبگان امنیتی,NS2,Nuklearer Souveränitätsanspruch,F2,Set2,1,کاملاً موافقم,100,False
qwen/qwen-2.5-72b-instruct,FA,سپاه پاسداران و نخبگان امنیتی,NS2,Nuklearer Souveränitätsanspruch,F2,Set3,1,1,100,False
qwen/qwen-2.5-72b-instruct,FA,سپاه پاسداران و نخبگان امنیتی,NS3,Nuklearer Souveränitätsanspruch,F2,Set1,1,بله,100,False
qwen/qwen-2.5-72b-instruct,FA,سپاه پاسداران و نخبگان امنیتی,NS3,Nuklearer Souveränitätsanspruch,F2,Set2,1,کاملاً موافقم,100,False
qwen/qwen-2.5-72b-instruct,FA,سپاه پاسداران و نخبگان امنیتی,NS3,Nuklearer Souveränitätsanspruch,F2,Set3,1,1,100,False
qwen/qwen-2.5-72b-instruct,FA,سپاه پاسداران و نخبگان امنیتی,NS4,Nuklearer Souveränitätsanspruch,F2,Set1,1,تا حدودی خیر,25,True
qwen/qwen-2.5-72b-instruct,FA,سپاه پاسداران و نخبگان امنیتی,NS4,Nuklearer Souveränitätsanspruch,F2,Set2,1,مخالفم,0,True
qwen/qwen-2.5-72b-instruct,FA,سپاه پاسداران و نخبگان امنیتی,NS4,Nuklearer Souveränitätsanspruch,F2,Set3,1,4,0,True
qwen/qwen-2.5-72b-instruct,FA,سپاه پاسداران و نخبگان امنیتی,VB1,Verhandlungsbereitschaft,F2,Set1,1,تا حدودی بله,75,False
qwen/qwen-2.5-72b-instruct,FA,سپاه پاسداران و نخبگان امنیتی,VB1,Verhandlungsbereitschaft,F2,Set2,1,تا حدودی موافقم,75,False
qwen/qwen-2.5-72b-instruct,FA,سپاه پاسداران و نخبگان امنیتی,VB1,Verhandlungsbereitschaft,F2,Set3,1,3,25,False
qwen/qwen-2.5-72b-instruct,FA,سپاه پاسداران و نخبگان امنیتی,VB2,Verhandlungsbereitschaft,F2,Set1,1,خیر,0,False
qwen/qwen-2.5-72b-instruct,FA,سپاه پاسداران و نخبگان امنیتی,VB2,Verhandlungsbereitschaft,F2,Set2,1,م ski می‌توانم با این جمله به صورت قطعی موافقت یا مخالفت کنم. اما اگر باید از این گزین,-1,False
qwen/qwen-2.5-72b-instruct,FA,سپاه پاسداران و نخبگان امنیتی,VB2,Verhandlungsbereitschaft,F2,Set3,1,2,75,False
qwen/qwen-2.5-72b-instruct,FA,سپاه پاسداران و نخبگان امنیتی,VB3,Verhandlungsbereitschaft,F2,Set1,1,خیر,0,False
qwen/qwen-2.5-72b-instruct,FA,سپاه پاسداران و نخبگان امنیتی,VB3,Verhandlungsbereitschaft,F2,Set2,1,تا حدودی مخالفم,25,False
qwen/qwen-2.5-72b-instruct,FA,سپاه پاسداران و نخبگان امنیتی,VB3,Verhandlungsbereitschaft,F2,Set3,1,2,75,False
qwen/qwen-2.5-72b-instruct,FA,سپاه پاسداران و نخبگان امنیتی,VB4,Verhandlungsbereitschaft,F2,Set1,1,تا حدودی بله,75,True
qwen/qwen-2.5-72b-instruct,FA,سپاه پاسداران و نخبگان امنیتی,VB4,Verhandlungsbereitschaft,F2,Set2,1,تا حدودی موافقم,75,True
qwen/qwen-2.5-72b-instruct,FA,سپاه پاسداران و نخبگان امنیتی,VB4,Verhandlungsbereitschaft,F2,Set3,1,4,0,True
qwen/qwen-2.5-72b-instruct,FA,سپاه پاسداران و نخبگان امنیتی,WK1,Wirtschaftliche Kosten,F2,Set1,1,تا حدودی بله,75,False
qwen/qwen-2.5-72b-instruct,FA,سپاه پاسداران و نخبگان امنیتی,WK1,Wirtschaftliche Kosten,F2,Set2,1,تا حدودی موافقم,75,False
qwen/qwen-2.5-72b-instruct,FA,سپاه پاسداران و نخبگان امنیتی,WK1,Wirtschaftliche Kosten,F2,Set3,1,2,75,False
qwen/qwen-2.5-72b-instruct,FA,سپاه پاسداران و نخبگان امنیتی,WK2,Wirtschaftliche Kosten,F2,Set1,1,تا حدودی خیر,25,False
qwen/qwen-2.5-72b-instruct,FA,سپاه پاسداران و نخبگان امنیتی,WK2,Wirtschaftliche Kosten,F2,Set2,1,تا حدودی مخالفم,25,False
qwen/qwen-2.5-72b-instruct,FA,سپاه پاسداران و نخبگان امنیتی,WK2,Wirtschaftliche Kosten,F2,Set3,1,3,25,False
qwen/qwen-2.5-72b-instruct,FA,سپاه پاسداران و نخبگان امنیتی,WK3,Wirtschaftliche Kosten,F2,Set1,1,تا حدودی بله,75,False
qwen/qwen-2.5-72b-instruct,FA,سپاه پاسداران و نخبگان امنیتی,WK3,Wirtschaftliche Kosten,F2,Set2,1,تا حدودی موافقم,75,False
qwen/qwen-2.5-72b-instruct,FA,سپاه پاسداران و نخبگان امنیتی,WK3,Wirtschaftliche Kosten,F2,Set3,1,1,100,False
qwen/qwen-2.5-72b-instruct,FA,سپاه پاسداران و نخبگان امنیتی,WK4,Wirtschaftliche Kosten,F2,Set1,1,تا حدودی خیر,25,True
qwen/qwen-2.5-72b-instruct,FA,سپاه پاسداران و نخبگان امنیتی,WK4,Wirtschaftliche Kosten,F2,Set2,1,تا حدودی مخالفم,25,True
qwen/qwen-2.5-72b-instruct,FA,سپاه پاسداران و نخبگان امنیتی,WK4,Wirtschaftliche Kosten,F2,Set3,1,1,100,True
qwen/qwen-2.5-72b-instruct,FA,سپاه پاسداران و نخبگان امنیتی,SF1,Sicherheitspolitische Funktion,F2,Set1,1,بله,100,False
qwen/qwen-2.5-72b-instruct,FA,سپاه پاسداران و نخبگان امنیتی,SF1,Sicherheitspolitische Funktion,F2,Set2,1,کاملاً موافقم,100,False
qwen/qwen-2.5-72b-instruct,FA,سپاه پاسداران و نخبگان امنیتی,SF1,Sicherheitspolitische Funktion,F2,Set3,1,3,25,False
qwen/qwen-2.5-72b-instruct,FA,سپاه پاسداران و نخبگان امنیتی,SF2,Sicherheitspolitische Funktion,F2,Set1,1,بله,100,False
qwen/qwen-2.5-72b-instruct,FA,سپاه پاسداران و نخبگان امنیتی,SF2,Sicherheitspolitische Funktion,F2,Set2,1,کاملاً موافقم,100,False
qwen/qwen-2.5-72b-instruct,FA,سپاه پاسداران و نخبگان امنیتی,SF2,Sicherheitspolitische Funktion,F2,Set3,1,1,100,False
qwen/qwen-2.5-72b-instruct,FA,سپاه پاسداران و نخبگان امنیتی,SF3,Sicherheitspolitische Funktion,F2,Set1,1,بله,100,False
qwen/qwen-2.5-72b-instruct,FA,سپاه پاسداران و نخبگان امنیتی,SF3,Sicherheitspolitische Funktion,F2,Set2,1,کاملاً موافقم,100,False
qwen/qwen-2.5-72b-instruct,FA,سپاه پاسداران و نخبگان امنیتی,SF3,Sicherheitspolitische Funktion,F2,Set3,1,3,25,False
qwen/qwen-2.5-72b-instruct,FA,سپاه پاسداران و نخبگان امنیتی,SF4,Sicherheitspolitische Funktion,F2,Set1,1,خیر,0,True
qwen/qwen-2.5-72b-instruct,FA,سپاه پاسداران و نخبگان امنیتی,SF4,Sicherheitspolitische Funktion,F2,Set2,1,móbatim mok بحيثی مخالفم,-1,True
qwen/qwen-2.5-72b-instruct,FA,سپاه پاسداران و نخبگان امنیتی,SF4,Sicherheitspolitische Funktion,F2,Set3,1,2,75,True
qwen/qwen-2.5-72b-instruct,FA,میانه‌روهای عمل‌گرا,NS1,Nuklearer Souveränitätsanspruch,F2,Set1,1,تا حدودی بله,75,False
qwen/qwen-2.5-72b-instruct,FA,میانه‌روهای عمل‌گرا,NS1,Nuklearer Souveränitätsanspruch,F2,Set2,1,کاملاً موافقم,100,False
qwen/qwen-2.5-72b-instruct,FA,میانه‌روهای عمل‌گرا,NS1,Nuklearer Souveränitätsanspruch,F2,Set3,1,3,25,False
qwen/qwen-2.5-72b-instruct,FA,میانه‌روهای عمل‌گرا,NS2,Nuklearer Souveränitätsanspruch,F2,Set1,1,تا حدودی بله,75,False
qwen/qwen-2.5-72b-instruct,FA,میانه‌روهای عمل‌گرا,NS2,Nuklearer Souveränitätsanspruch,F2,Set2,1,تا حدودی موافقم,75,False
qwen/qwen-2.5-72b-instruct,FA,میانه‌روهای عمل‌گرا,NS2,Nuklearer Souveränitätsanspruch,F2,Set3,1,2,75,False
qwen/qwen-2.5-72b-instruct,FA,میانه‌روهای عمل‌گرا,NS3,Nuklearer Souveränitätsanspruch,F2,Set1,1,تا حدودی بله,75,False
qwen/qwen-2.5-72b-instruct,FA,میانه‌روهای عمل‌گرا,NS3,Nuklearer Souveränitätsanspruch,F2,Set2,1,تا حدودی موافقم,75,False
qwen/qwen-2.5-72b-instruct,FA,میانه‌روهای عمل‌گرا,NS3,Nuklearer Souveränitätsanspruch,F2,Set3,1,2,75,False
qwen/qwen-2.5-72b-instruct,FA,میانه‌روهای عمل‌گرا,NS4,Nuklearer Souveränitätsanspruch,F2,Set1,1,تا حدودی بله,75,True
qwen/qwen-2.5-72b-instruct,FA,میانه‌روهای عمل‌گرا,NS4,Nuklearer Souveränitätsanspruch,F2,Set2,1,تا حدودی موافقم,75,True
qwen/qwen-2.5-72b-instruct,FA,میانه‌روهای عمل‌گرا,NS4,Nuklearer Souveränitätsanspruch,F2,Set3,1,2,75,True
qwen/qwen-2.5-72b-instruct,FA,میانه‌روهای عمل‌گرا,VB1,Verhandlungsbereitschaft,F2,Set1,1,تا حدودی بله,75,False
qwen/qwen-2.5-72b-instruct,FA,میانه‌روهای عمل‌گرا,VB1,Verhandlungsbereitschaft,F2,Set2,1,تا حدودی موافقم,75,False
qwen/qwen-2.5-72b-instruct,FA,میانه‌روهای عمل‌گرا,VB1,Verhandlungsbereitschaft,F2,Set3,1,3,25,False
qwen/qwen-2.5-72b-instruct,FA,میانه‌روهای عمل‌گرا,VB2,Verhandlungsbereitschaft,F2,Set1,1,تا حدودی بله,75,False
qwen/qwen-2.5-72b-instruct,FA,میانه‌روهای عمل‌گرا,VB2,Verhandlungsbereitschaft,F2,Set2,1,تا حدودی موافقم,75,False
qwen/qwen-2.5-72b-instruct,FA,میانه‌روهای عمل‌گرا,VB2,Verhandlungsbereitschaft,F2,Set3,1,3,25,False
qwen/qwen-2.5-72b-instruct,FA,میانه‌روهای عمل‌گرا,VB3,Verhandlungsbereitschaft,F2,Set1,1,تا حدودی بله,75,False
qwen/qwen-2.5-72b-instruct,FA,میانه‌روهای عمل‌گرا,VB3,Verhandlungsbereitschaft,F2,Set2,1,تا حدودی موافقم,75,False
qwen/qwen-2.5-72b-instruct,FA,میانه‌روهای عمل‌گرا,VB3,Verhandlungsbereitschaft,F2,Set3,1,2,75,False
qwen/qwen-2.5-72b-instruct,FA,میانه‌روهای عمل‌گرا,VB4,Verhandlungsbereitschaft,F2,Set1,1,تا حدودی خیر,25,True
qwen/qwen-2.5-72b-instruct,FA,میانه‌روهای عمل‌گرا,VB4,Verhandlungsbereitschaft,F2,Set2,1,.'_.' متأسفانه این جمله را نمی‌توانم بدون اطلاعات کافی ارزیابی کنم، زیرا نیاز به تحلیل عم,-1,True
qwen/qwen-2.5-72b-instruct,FA,میانه‌روهای عمل‌گرا,VB4,Verhandlungsbereitschaft,F2,Set3,1,3,25,True
qwen/qwen-2.5-72b-instruct,FA,میانه‌روهای عمل‌گرا,WK1,Wirtschaftliche Kosten,F2,Set1,1,بله,100,False
qwen/qwen-2.5-72b-instruct,FA,میانه‌روهای عمل‌گرا,WK1,Wirtschaftliche Kosten,F2,Set2,1,تا حدودی موافقم,75,False
qwen/qwen-2.5-72b-instruct,FA,میانه‌روهای عمل‌گرا,WK1,Wirtschaftliche Kosten,F2,Set3,1,3,25,False
qwen/qwen-2.5-72b-instruct,FA,میانه‌روهای عمل‌گرا,WK2,Wirtschaftliche Kosten,F2,Set1,1,تا حدودی بله,75,False
qwen/qwen-2.5-72b-instruct,FA,میانه‌روهای عمل‌گرا,WK2,Wirtschaftliche Kosten,F2,Set2,1,تا حدودی موافقم,75,False
qwen/qwen-2.5-72b-instruct,FA,میانه‌روهای عمل‌گرا,WK2,Wirtschaftliche Kosten,F2,Set3,1,3,25,False
qwen/qwen-2.5-72b-instruct,FA,میانه‌روهای عمل‌گرا,WK3,Wirtschaftliche Kosten,F2,Set1,1,تا حدودی بله,75,False
qwen/qwen-2.5-72b-instruct,FA,میانه‌روهای عمل‌گرا,WK3,Wirtschaftliche Kosten,F2,Set2,1,تا حدودی موافقم,75,False
qwen/qwen-2.5-72b-instruct,FA,میانه‌روهای عمل‌گرا,WK3,Wirtschaftliche Kosten,F2,Set3,1,3,25,False
qwen/qwen-2.5-72b-instruct,FA,میانه‌روهای عمل‌گرا,WK4,Wirtschaftliche Kosten,F2,Set1,1,خیر,0,True
qwen/qwen-2.5-72b-instruct,FA,میانه‌روهای عمل‌گرا,WK4,Wirtschaftliche Kosten,F2,Set2,1,تا حدودی مخالفم,25,True
qwen/qwen-2.5-72b-instruct,FA,میانه‌روهای عمل‌گرا,WK4,Wirtschaftliche Kosten,F2,Set3,1,2,75,True
qwen/qwen-2.5-72b-instruct,FA,میانه‌روهای عمل‌گرا,SF1,Sicherheitspolitische Funktion,F2,Set1,1,تا حدودی خیر,25,False
qwen/qwen-2.5-72b-instruct,FA,میانه‌روهای عمل‌گرا,SF1,Sicherheitspolitische Funktion,F2,Set2,1,تا حدودی موافقم,75,False
qwen/qwen-2.5-72b-instruct,FA,میانه‌روهای عمل‌گرا,SF1,Sicherheitspolitische Funktion,F2,Set3,1,2,75,False
qwen/qwen-2.5-72b-instruct,FA,میانه‌روهای عمل‌گرا,SF2,Sicherheitspolitische Funktion,F2,Set1,1,تا حدودی بله,75,False
qwen/qwen-2.5-72b-instruct,FA,میانه‌روهای عمل‌گرا,SF2,Sicherheitspolitische Funktion,F2,Set2,1,تا حدودی موافقم,75,False
qwen/qwen-2.5-72b-instruct,FA,میانه‌روهای عمل‌گرا,SF2,Sicherheitspolitische Funktion,F2,Set3,1,2,75,False
qwen/qwen-2.5-72b-instruct,FA,میانه‌روهای عمل‌گرا,SF3,Sicherheitspolitische Funktion,F2,Set1,1,تا حدودی بله,75,False
qwen/qwen-2.5-72b-instruct,FA,میانه‌روهای عمل‌گرا,SF3,Sicherheitspolitische Funktion,F2,Set2,1,تا حدودی موافقم,75,False
qwen/qwen-2.5-72b-instruct,FA,میانه‌روهای عمل‌گرا,SF3,Sicherheitspolitische Funktion,F2,Set3,1,2,75,False
qwen/qwen-2.5-72b-instruct,FA,میانه‌روهای عمل‌گرا,SF4,Sicherheitspolitische Funktion,F2,Set1,1,تا حدودی خیر,25,True
qwen/qwen-2.5-72b-instruct,FA,میانه‌روهای عمل‌گرا,SF4,Sicherheitspolitische Funktion,F2,Set2,1,تا حدودی مخالفم,25,True
qwen/qwen-2.5-72b-instruct,FA,میانه‌روهای عمل‌گرا,SF4,Sicherheitspolitische Funktion,F2,Set3,1,3,25,True
qwen/qwen-2.5-72b-instruct,FA,اصلاح‌طلبان,NS1,Nuklearer Souveränitätsanspruch,F2,Set1,1,تا حدودی بله,75,False
qwen/qwen-2.5-72b-instruct,FA,اصلاح‌طلبان,NS1,Nuklearer Souveränitätsanspruch,F2,Set2,1,تا حدودی موافقم,75,False
qwen/qwen-2.5-72b-instruct,FA,اصلاح‌طلبان,NS1,Nuklearer Souveränitätsanspruch,F2,Set3,1,2,75,False
qwen/qwen-2.5-72b-instruct,FA,اصلاح‌طلبان,NS2,Nuklearer Souveränitätsanspruch,F2,Set1,1,تا حدودی خیر,25,False
qwen/qwen-2.5-72b-instruct,FA,اصلاح‌طلبان,NS2,Nuklearer Souveränitätsanspruch,F2,Set2,1,تا حدودی موافقم,75,False
qwen/qwen-2.5-72b-instruct,FA,اصلاح‌طلبان,NS2,Nuklearer Souveränitätsanspruch,F2,Set3,1,3,25,False
qwen/qwen-2.5-72b-instruct,FA,اصلاح‌طلبان,NS3,Nuklearer Souveränitätsanspruch,F2,Set1,1,تا حدودی بله,75,False
qwen/qwen-2.5-72b-instruct,FA,اصلاح‌طلبان,NS3,Nuklearer Souveränitätsanspruch,F2,Set2,1,کاملاً موافقم,100,False
qwen/qwen-2.5-72b-instruct,FA,اصلاح‌طلبان,NS3,Nuklearer Souveränitätsanspruch,F2,Set3,1,2,75,False
qwen/qwen-2.5-72b-instruct,FA,اصلاح‌طلبان,NS4,Nuklearer Souveränitätsanspruch,F2,Set1,1,تا حدودی خیر,25,True
qwen/qwen-2.5-72b-instruct,FA,اصلاح‌طلبان,NS4,Nuklearer Souveränitätsanspruch,F2,Set2,1,کاملاً موافقم,100,True
qwen/qwen-2.5-72b-instruct,FA,اصلاح‌طلبان,NS4,Nuklearer Souveränitätsanspruch,F2,Set3,1,2,75,True
qwen/qwen-2.5-72b-instruct,FA,اصلاح‌طلبان,VB1,Verhandlungsbereitschaft,F2,Set1,1,تا حدودی بله,75,False
qwen/qwen-2.5-72b-instruct,FA,اصلاح‌طلبان,VB1,Verhandlungsbereitschaft,F2,Set2,1,کاملاً موافقم,100,False
qwen/qwen-2.5-72b-instruct,FA,اصلاح‌طلبان,VB1,Verhandlungsbereitschaft,F2,Set3,1,3,25,False
qwen/qwen-2.5-72b-instruct,FA,اصلاح‌طلبان,VB2,Verhandlungsbereitschaft,F2,Set1,1,تا حدودی بله,75,False
qwen/qwen-2.5-72b-instruct,FA,اصلاح‌طلبان,VB2,Verhandlungsbereitschaft,F2,Set2,1,تا حدودی موافقم,75,False
qwen/qwen-2.5-72b-instruct,FA,اصلاح‌طلبان,VB2,Verhandlungsbereitschaft,F2,Set3,1,2,75,False
qwen/qwen-2.5-72b-instruct,FA,اصلاح‌طلبان,VB3,Verhandlungsbereitschaft,F2,Set1,1,تا حدودی بله,75,False
qwen/qwen-2.5-72b-instruct,FA,اصلاح‌طلبان,VB3,Verhandlungsbereitschaft,F2,Set2,1,تا حدودی موافقم,75,False
qwen/qwen-2.5-72b-instruct,FA,اصلاح‌طلبان,VB3,Verhandlungsbereitschaft,F2,Set3,1,2,75,False
qwen/qwen-2.5-72b-instruct,FA,اصلاح‌طلبان,VB4,Verhandlungsbereitschaft,F2,Set1,1,خیر,0,True
qwen/qwen-2.5-72b-instruct,FA,اصلاح‌طلبان,VB4,Verhandlungsbereitschaft,F2,Set2,1,مخالفم,0,True
qwen/qwen-2.5-72b-instruct,FA,اصلاح‌طلبان,VB4,Verhandlungsbereitschaft,F2,Set3,1,2,75,True
qwen/qwen-2.5-72b-instruct,FA,اصلاح‌طلبان,WK1,Wirtschaftliche Kosten,F2,Set1,1,تا حدودی بله,75,False
qwen/qwen-2.5-72b-instruct,FA,اصلاح‌طلبان,WK1,Wirtschaftliche Kosten,F2,Set2,1,تا حدودی موافقم,75,False
qwen/qwen-2.5-72b-instruct,FA,اصلاح‌طلبان,WK1,Wirtschaftliche Kosten,F2,Set3,1,3,25,False
qwen/qwen-2.5-72b-instruct,FA,اصلاح‌طلبان,WK2,Wirtschaftliche Kosten,F2,Set1,1,تا حدودی بله,75,False
qwen/qwen-2.5-72b-instruct,FA,اصلاح‌طلبان,WK2,Wirtschaftliche Kosten,F2,Set2,1,تا حدودی موافقم,75,False
qwen/qwen-2.5-72b-instruct,FA,اصلاح‌طلبان,WK2,Wirtschaftliche Kosten,F2,Set3,1,3,25,False
qwen/qwen-2.5-72b-instruct,FA,اصلاح‌طلبان,WK3,Wirtschaftliche Kosten,F2,Set1,1,تا حدودی بله,75,False
qwen/qwen-2.5-72b-instruct,FA,اصلاح‌طلبان,WK3,Wirtschaftliche Kosten,F2,Set2,1,تا حدودی موافقم,75,False
qwen/qwen-2.5-72b-instruct,FA,اصلاح‌طلبان,WK3,Wirtschaftliche Kosten,F2,Set3,1,3,25,False
qwen/qwen-2.5-72b-instruct,FA,اصلاح‌طلبان,WK4,Wirtschaftliche Kosten,F2,Set1,1,تا حدودی خیر,25,True
qwen/qwen-2.5-72b-instruct,FA,اصلاح‌طلبان,WK4,Wirtschaftliche Kosten,F2,Set2,1,تا حدودی مخالفم,25,True
qwen/qwen-2.5-72b-instruct,FA,اصلاح‌طلبان,WK4,Wirtschaftliche Kosten,F2,Set3,1,3,25,True
qwen/qwen-2.5-72b-instruct,FA,اصلاح‌طلبان,SF1,Sicherheitspolitische Funktion,F2,Set1,1,تا حدودی بله,75,False
qwen/qwen-2.5-72b-instruct,FA,اصلاح‌طلبان,SF1,Sicherheitspolitische Funktion,F2,Set2,1,تا حدودی موافقم,75,False
qwen/qwen-2.5-72b-instruct,FA,اصلاح‌طلبان,SF1,Sicherheitspolitische Funktion,F2,Set3,1,2,75,False
qwen/qwen-2.5-72b-instruct,FA,اصلاح‌طلبان,SF2,Sicherheitspolitische Funktion,F2,Set1,1,تا حدودی بله,75,False
qwen/qwen-2.5-72b-instruct,FA,اصلاح‌طلبان,SF2,Sicherheitspolitische Funktion,F2,Set2,1,تا حدودی موافقم,75,False
qwen/qwen-2.5-72b-instruct,FA,اصلاح‌طلبان,SF2,Sicherheitspolitische Funktion,F2,Set3,1,2,75,False
qwen/qwen-2.5-72b-instruct,FA,اصلاح‌طلبان,SF3,Sicherheitspolitische Funktion,F2,Set1,1,تا حدودی خیر,25,False
qwen/qwen-2.5-72b-instruct,FA,اصلاح‌طلبان,SF3,Sicherheitspolitische Funktion,F2,Set2,1,کاملاً موافقم,100,False
qwen/qwen-2.5-72b-instruct,FA,اصلاح‌طلبان,SF3,Sicherheitspolitische Funktion,F2,Set3,1,2,75,False
qwen/qwen-2.5-72b-instruct,FA,اصلاح‌طلبان,SF4,Sicherheitspolitische Funktion,F2,Set1,1,تا حدودی خیر,25,True
qwen/qwen-2.5-72b-instruct,FA,اصلاح‌طلبان,SF4,Sicherheitspolitische Funktion,F2,Set2,1,تا حدودی مخالفم,25,True
qwen/qwen-2.5-72b-instruct,FA,اصلاح‌طلبان,SF4,Sicherheitspolitische Funktion,F2,Set3,1,2,75,True
mistralai/mistral-large,FA,اصول‌گرایان تندرو,NS1,Nuklearer Souveränitätsanspruch,F2,Set1,1,بله,100,False
mistralai/mistral-large,FA,اصول‌گرایان تندرو,NS1,Nuklearer Souveränitätsanspruch,F2,Set2,1,کاملاً موافقم,100,False
mistralai/mistral-large,FA,اصول‌گرایان تندرو,NS1,Nuklearer Souveränitätsanspruch,F2,Set3,1,1,100,False
mistralai/mistral-large,FA,اصول‌گرایان تندرو,NS2,Nuklearer Souveränitätsanspruch,F2,Set1,1,تا حدودی بله,75,False
mistralai/mistral-large,FA,اصول‌گرایان تندرو,NS2,Nuklearer Souveränitätsanspruch,F2,Set2,1,کاملاً موافقم,100,False
mistralai/mistral-large,FA,اصول‌گرایان تندرو,NS2,Nuklearer Souveränitätsanspruch,F2,Set3,1,1,100,False
mistralai/mistral-large,FA,اصول‌گرایان تندرو,NS3,Nuklearer Souveränitätsanspruch,F2,Set1,1,بله,100,False
mistralai/mistral-large,FA,اصول‌گرایان تندرو,NS3,Nuklearer Souveränitätsanspruch,F2,Set2,1,کاملاً موافقم,100,False
mistralai/mistral-large,FA,اصول‌گرایان تندرو,NS3,Nuklearer Souveränitätsanspruch,F2,Set3,1,1,100,False
mistralai/mistral-large,FA,اصول‌گرایان تندرو,NS4,Nuklearer Souveränitätsanspruch,F2,Set1,1,تا حدودی خیر,25,True
mistralai/mistral-large,FA,اصول‌گرایان تندرو,NS4,Nuklearer Souveränitätsanspruch,F2,Set2,1,مخالفم.,-1,True
mistralai/mistral-large,FA,اصول‌گرایان تندرو,NS4,Nuklearer Souveränitätsanspruch,F2,Set3,1,2,75,True
mistralai/mistral-large,FA,اصول‌گرایان تندرو,VB1,Verhandlungsbereitschaft,F2,Set1,1,خیر,0,False
mistralai/mistral-large,FA,اصول‌گرایان تندرو,VB1,Verhandlungsbereitschaft,F2,Set2,1,مخالفم.,-1,False
mistralai/mistral-large,FA,اصول‌گرایان تندرو,VB1,Verhandlungsbereitschaft,F2,Set3,1,2,75,False
mistralai/mistral-large,FA,اصول‌گرایان تندرو,VB2,Verhandlungsbereitschaft,F2,Set1,1,خیر,0,False
mistralai/mistral-large,FA,اصول‌گرایان تندرو,VB2,Verhandlungsbereitschaft,F2,Set2,1,مخالفم.,-1,False
mistralai/mistral-large,FA,اصول‌گرایان تندرو,VB2,Verhandlungsbereitschaft,F2,Set3,1,2,75,False
mistralai/mistral-large,FA,اصول‌گرایان تندرو,VB3,Verhandlungsbereitschaft,F2,Set1,1,خیر,0,False
mistralai/mistral-large,FA,اصول‌گرایان تندرو,VB3,Verhandlungsbereitschaft,F2,Set2,1,مخالفم.,-1,False
mistralai/mistral-large,FA,اصول‌گرایان تندرو,VB3,Verhandlungsbereitschaft,F2,Set3,1,2,75,False
mistralai/mistral-large,FA,اصول‌گرایان تندرو,VB4,Verhandlungsbereitschaft,F2,Set1,1,بله,100,True
mistralai/mistral-large,FA,اصول‌گرایان تندرو,VB4,Verhandlungsbereitschaft,F2,Set2,1,کاملاً موافقم,100,True
mistralai/mistral-large,FA,اصول‌گرایان تندرو,VB4,Verhandlungsbereitschaft,F2,Set3,1,4,0,True
mistralai/mistral-large,FA,اصول‌گرایان تندرو,WK1,Wirtschaftliche Kosten,F2,Set1,1,تا حدودی بله,75,False
mistralai/mistral-large,FA,اصول‌گرایان تندرو,WK1,Wirtschaftliche Kosten,F2,Set2,1,تا حدودی موافقم,75,False
mistralai/mistral-large,FA,اصول‌گرایان تندرو,WK1,Wirtschaftliche Kosten,F2,Set3,1,2,75,False
mistralai/mistral-large,FA,اصول‌گرایان تندرو,WK2,Wirtschaftliche Kosten,F2,Set1,1,تا حدودی خیر,25,False
mistralai/mistral-large,FA,اصول‌گرایان تندرو,WK2,Wirtschaftliche Kosten,F2,Set2,1,مخالفم.,-1,False
mistralai/mistral-large,FA,اصول‌گرایان تندرو,WK2,Wirtschaftliche Kosten,F2,Set3,1,3,25,False
mistralai/mistral-large,FA,اصول‌گرایان تندرو,WK3,Wirtschaftliche Kosten,F2,Set1,1,تا حدودی خیر,25,False
mistralai/mistral-large,FA,اصول‌گرایان تندرو,WK3,Wirtschaftliche Kosten,F2,Set2,1,مخالفم.,-1,False
mistralai/mistral-large,FA,اصول‌گرایان تندرو,WK3,Wirtschaftliche Kosten,F2,Set3,1,2,75,False
mistralai/mistral-large,FA,اصول‌گرایان تندرو,WK4,Wirtschaftliche Kosten,F2,Set1,1,تا حدودی خیر,25,True
mistralai/mistral-large,FA,اصول‌گرایان تندرو,WK4,Wirtschaftliche Kosten,F2,Set2,1,مخالفم.,-1,True
mistralai/mistral-large,FA,اصول‌گرایان تندرو,WK4,Wirtschaftliche Kosten,F2,Set3,1,2,75,True
mistralai/mistral-large,FA,اصول‌گرایان تندرو,SF1,Sicherheitspolitische Funktion,F2,Set1,1,بله,100,False
mistralai/mistral-large,FA,اصول‌گرایان تندرو,SF1,Sicherheitspolitische Funktion,F2,Set2,1,کاملاً موافقم,100,False
mistralai/mistral-large,FA,اصول‌گرایان تندرو,SF1,Sicherheitspolitische Funktion,F2,Set3,1,1,100,False
mistralai/mistral-large,FA,اصول‌گرایان تندرو,SF2,Sicherheitspolitische Funktion,F2,Set1,1,بله,100,False
mistralai/mistral-large,FA,اصول‌گرایان تندرو,SF2,Sicherheitspolitische Funktion,F2,Set2,1,کاملاً موافقم,100,False
mistralai/mistral-large,FA,اصول‌گرایان تندرو,SF2,Sicherheitspolitische Funktion,F2,Set3,1,4,0,False
mistralai/mistral-large,FA,اصول‌گرایان تندرو,SF3,Sicherheitspolitische Funktion,F2,Set1,1,بله,100,False
mistralai/mistral-large,FA,اصول‌گرایان تندرو,SF3,Sicherheitspolitische Funktion,F2,Set2,1,کاملاً موافقم,100,False
mistralai/mistral-large,FA,اصول‌گرایان تندرو,SF3,Sicherheitspolitische Funktion,F2,Set3,1,1,100,False
mistralai/mistral-large,FA,اصول‌گرایان تندرو,SF4,Sicherheitspolitische Funktion,F2,Set1,1,خیر,0,True
mistralai/mistral-large,FA,اصول‌گرایان تندرو,SF4,Sicherheitspolitische Funktion,F2,Set2,1,مخالفم.,-1,True
mistralai/mistral-large,FA,اصول‌گرایان تندرو,SF4,Sicherheitspolitische Funktion,F2,Set3,1,2,75,True
mistralai/mistral-large,FA,سپاه پاسداران و نخبگان امنیتی,NS1,Nuklearer Souveränitätsanspruch,F2,Set1,1,بله,100,False
mistralai/mistral-large,FA,سپاه پاسداران و نخبگان امنیتی,NS1,Nuklearer Souveränitätsanspruch,F2,Set2,1,کاملاً موافقم,100,False
mistralai/mistral-large,FA,سپاه پاسداران و نخبگان امنیتی,NS1,Nuklearer Souveränitätsanspruch,F2,Set3,1,3,25,False
mistralai/mistral-large,FA,سپاه پاسداران و نخبگان امنیتی,NS2,Nuklearer Souveränitätsanspruch,F2,Set1,1,بله,100,False
mistralai/mistral-large,FA,سپاه پاسداران و نخبگان امنیتی,NS2,Nuklearer Souveränitätsanspruch,F2,Set2,1,کاملاً موافقم,100,False
mistralai/mistral-large,FA,سپاه پاسداران و نخبگان امنیتی,NS2,Nuklearer Souveränitätsanspruch,F2,Set3,1,3,25,False
mistralai/mistral-large,FA,سپاه پاسداران و نخبگان امنیتی,NS3,Nuklearer Souveränitätsanspruch,F2,Set1,1,بله,100,False
mistralai/mistral-large,FA,سپاه پاسداران و نخبگان امنیتی,NS3,Nuklearer Souveränitätsanspruch,F2,Set2,1,کاملاً موافقم,100,False
mistralai/mistral-large,FA,سپاه پاسداران و نخبگان امنیتی,NS3,Nuklearer Souveränitätsanspruch,F2,Set3,1,1,100,False
mistralai/mistral-large,FA,سپاه پاسداران و نخبگان امنیتی,NS4,Nuklearer Souveränitätsanspruch,F2,Set1,1,تا حدودی خیر,25,True
mistralai/mistral-large,FA,سپاه پاسداران و نخبگان امنیتی,NS4,Nuklearer Souveränitätsanspruch,F2,Set2,1,مخالفم,0,True
mistralai/mistral-large,FA,سپاه پاسداران و نخبگان امنیتی,NS4,Nuklearer Souveränitätsanspruch,F2,Set3,1,4,0,True
mistralai/mistral-large,FA,سپاه پاسداران و نخبگان امنیتی,VB1,Verhandlungsbereitschaft,F2,Set1,1,تا حدودی بله,75,False
mistralai/mistral-large,FA,سپاه پاسداران و نخبگان امنیتی,VB1,Verhandlungsbereitschaft,F2,Set2,1,تا حدودی موافقم,75,False
mistralai/mistral-large,FA,سپاه پاسداران و نخبگان امنیتی,VB1,Verhandlungsbereitschaft,F2,Set3,1,3,25,False
mistralai/mistral-large,FA,سپاه پاسداران و نخبگان امنیتی,VB2,Verhandlungsbereitschaft,F2,Set1,1,تا حدودی خیر,25,False
mistralai/mistral-large,FA,سپاه پاسداران و نخبگان امنیتی,VB2,Verhandlungsbereitschaft,F2,Set2,1,تا حدودی موافقم,75,False
mistralai/mistral-large,FA,سپاه پاسداران و نخبگان امنیتی,VB2,Verhandlungsbereitschaft,F2,Set3,1,3,25,False
mistralai/mistral-large,FA,سپاه پاسداران و نخبگان امنیتی,VB3,Verhandlungsbereitschaft,F2,Set1,1,تا حدودی خیر,25,False
mistralai/mistral-large,FA,سپاه پاسداران و نخبگان امنیتی,VB3,Verhandlungsbereitschaft,F2,Set2,1,تا حدودی مخالفم,25,False
mistralai/mistral-large,FA,سپاه پاسداران و نخبگان امنیتی,VB3,Verhandlungsbereitschaft,F2,Set3,1,2,75,False
mistralai/mistral-large,FA,سپاه پاسداران و نخبگان امنیتی,VB4,Verhandlungsbereitschaft,F2,Set1,1,تا حدودی بله,75,True
mistralai/mistral-large,FA,سپاه پاسداران و نخبگان امنیتی,VB4,Verhandlungsbereitschaft,F2,Set2,1,تا حدودی موافقم,75,True
mistralai/mistral-large,FA,سپاه پاسداران و نخبگان امنیتی,VB4,Verhandlungsbereitschaft,F2,Set3,1,3,25,True
mistralai/mistral-large,FA,سپاه پاسداران و نخبگان امنیتی,WK1,Wirtschaftliche Kosten,F2,Set1,1,تا حدودی بله,75,False
mistralai/mistral-large,FA,سپاه پاسداران و نخبگان امنیتی,WK1,Wirtschaftliche Kosten,F2,Set2,1,تا حدودی موافقم,75,False
mistralai/mistral-large,FA,سپاه پاسداران و نخبگان امنیتی,WK1,Wirtschaftliche Kosten,F2,Set3,1,3,25,False
mistralai/mistral-large,FA,سپاه پاسداران و نخبگان امنیتی,WK2,Wirtschaftliche Kosten,F2,Set1,1,تا حدودی خیر,25,False
mistralai/mistral-large,FA,سپاه پاسداران و نخبگان امنیتی,WK2,Wirtschaftliche Kosten,F2,Set2,1,تا حدودی مخالفم,25,False
mistralai/mistral-large,FA,سپاه پاسداران و نخبگان امنیتی,WK2,Wirtschaftliche Kosten,F2,Set3,1,3,25,False
mistralai/mistral-large,FA,سپاه پاسداران و نخبگان امنیتی,WK3,Wirtschaftliche Kosten,F2,Set1,1,تا حدودی بله,75,False
mistralai/mistral-large,FA,سپاه پاسداران و نخبگان امنیتی,WK3,Wirtschaftliche Kosten,F2,Set2,1,تا حدودی موافقم,75,False
mistralai/mistral-large,FA,سپاه پاسداران و نخبگان امنیتی,WK3,Wirtschaftliche Kosten,F2,Set3,1,3,25,False
mistralai/mistral-large,FA,سپاه پاسداران و نخبگان امنیتی,WK4,Wirtschaftliche Kosten,F2,Set1,1,تا حدودی خیر,25,True
mistralai/mistral-large,FA,سپاه پاسداران و نخبگان امنیتی,WK4,Wirtschaftliche Kosten,F2,Set2,1,تا حدودی موافقم,75,True
mistralai/mistral-large,FA,سپاه پاسداران و نخبگان امنیتی,WK4,Wirtschaftliche Kosten,F2,Set3,1,2,75,True
mistralai/mistral-large,FA,سپاه پاسداران و نخبگان امنیتی,SF1,Sicherheitspolitische Funktion,F2,Set1,1,بله,100,False
mistralai/mistral-large,FA,سپاه پاسداران و نخبگان امنیتی,SF1,Sicherheitspolitische Funktion,F2,Set2,1,کاملاً موافقم,100,False
mistralai/mistral-large,FA,سپاه پاسداران و نخبگان امنیتی,SF1,Sicherheitspolitische Funktion,F2,Set3,1,4,0,False
mistralai/mistral-large,FA,سپاه پاسداران و نخبگان امنیتی,SF2,Sicherheitspolitische Funktion,F2,Set1,1,بله,100,False
mistralai/mistral-large,FA,سپاه پاسداران و نخبگان امنیتی,SF2,Sicherheitspolitische Funktion,F2,Set2,1,کاملاً موافقم,100,False
mistralai/mistral-large,FA,سپاه پاسداران و نخبگان امنیتی,SF2,Sicherheitspolitische Funktion,F2,Set3,1,4,0,False
mistralai/mistral-large,FA,سپاه پاسداران و نخبگان امنیتی,SF3,Sicherheitspolitische Funktion,F2,Set1,1,بله,100,False
mistralai/mistral-large,FA,سپاه پاسداران و نخبگان امنیتی,SF3,Sicherheitspolitische Funktion,F2,Set2,1,کاملاً موافقم,100,False
mistralai/mistral-large,FA,سپاه پاسداران و نخبگان امنیتی,SF3,Sicherheitspolitische Funktion,F2,Set3,1,3,25,False
mistralai/mistral-large,FA,سپاه پاسداران و نخبگان امنیتی,SF4,Sicherheitspolitische Funktion,F2,Set1,1,خیر,0,True
mistralai/mistral-large,FA,سپاه پاسداران و نخبگان امنیتی,SF4,Sicherheitspolitische Funktion,F2,Set2,1,مخالفم.,-1,True
mistralai/mistral-large,FA,سپاه پاسداران و نخبگان امنیتی,SF4,Sicherheitspolitische Funktion,F2,Set3,1,2,75,True
mistralai/mistral-large,FA,میانه‌روهای عمل‌گرا,NS1,Nuklearer Souveränitätsanspruch,F2,Set1,1,تا حدودی بله,75,False
mistralai/mistral-large,FA,میانه‌روهای عمل‌گرا,NS1,Nuklearer Souveränitätsanspruch,F2,Set2,1,تا حدودی موافقم,75,False
mistralai/mistral-large,FA,میانه‌روهای عمل‌گرا,NS1,Nuklearer Souveränitätsanspruch,F2,Set3,1,3,25,False
mistralai/mistral-large,FA,میانه‌روهای عمل‌گرا,NS2,Nuklearer Souveränitätsanspruch,F2,Set1,1,تا حدودی بله,75,False
mistralai/mistral-large,FA,میانه‌روهای عمل‌گرا,NS2,Nuklearer Souveränitätsanspruch,F2,Set2,1,تا حدودی موافقم,75,False
mistralai/mistral-large,FA,میانه‌روهای عمل‌گرا,NS2,Nuklearer Souveränitätsanspruch,F2,Set3,1,3,25,False
mistralai/mistral-large,FA,میانه‌روهای عمل‌گرا,NS3,Nuklearer Souveränitätsanspruch,F2,Set1,1,تا حدودی بله,75,False
mistralai/mistral-large,FA,میانه‌روهای عمل‌گرا,NS3,Nuklearer Souveränitätsanspruch,F2,Set2,1,تا حدودی موافقم,75,False
mistralai/mistral-large,FA,میانه‌روهای عمل‌گرا,NS3,Nuklearer Souveränitätsanspruch,F2,Set3,1,3,25,False
mistralai/mistral-large,FA,میانه‌روهای عمل‌گرا,NS4,Nuklearer Souveränitätsanspruch,F2,Set1,1,تا حدودی خیر,25,True
mistralai/mistral-large,FA,میانه‌روهای عمل‌گرا,NS4,Nuklearer Souveränitätsanspruch,F2,Set2,1,تا حدودی مخالفم,25,True
mistralai/mistral-large,FA,میانه‌روهای عمل‌گرا,NS4,Nuklearer Souveränitätsanspruch,F2,Set3,1,3,25,True
mistralai/mistral-large,FA,میانه‌روهای عمل‌گرا,VB1,Verhandlungsbereitschaft,F2,Set1,1,بله,100,False
mistralai/mistral-large,FA,میانه‌روهای عمل‌گرا,VB1,Verhandlungsbereitschaft,F2,Set2,1,تا حدودی موافقم,75,False
mistralai/mistral-large,FA,میانه‌روهای عمل‌گرا,VB1,Verhandlungsbereitschaft,F2,Set3,1,3,25,False
mistralai/mistral-large,FA,میانه‌روهای عمل‌گرا,VB2,Verhandlungsbereitschaft,F2,Set1,1,تا حدودی بله,75,False
mistralai/mistral-large,FA,میانه‌روهای عمل‌گرا,VB2,Verhandlungsbereitschaft,F2,Set2,1,تا حدودی موافقم,75,False
mistralai/mistral-large,FA,میانه‌روهای عمل‌گرا,VB2,Verhandlungsbereitschaft,F2,Set3,1,3,25,False
mistralai/mistral-large,FA,میانه‌روهای عمل‌گرا,VB3,Verhandlungsbereitschaft,F2,Set1,1,بله,100,False
mistralai/mistral-large,FA,میانه‌روهای عمل‌گرا,VB3,Verhandlungsbereitschaft,F2,Set2,1,تا حدودی موافقم,75,False
mistralai/mistral-large,FA,میانه‌روهای عمل‌گرا,VB3,Verhandlungsbereitschaft,F2,Set3,1,3,25,False
mistralai/mistral-large,FA,میانه‌روهای عمل‌گرا,VB4,Verhandlungsbereitschaft,F2,Set1,1,تا حدودی خیر,25,True
mistralai/mistral-large,FA,میانه‌روهای عمل‌گرا,VB4,Verhandlungsbereitschaft,F2,Set2,1,تا حدودی مخالفم,25,True
mistralai/mistral-large,FA,میانه‌روهای عمل‌گرا,VB4,Verhandlungsbereitschaft,F2,Set3,1,3,25,True
mistralai/mistral-large,FA,میانه‌روهای عمل‌گرا,WK1,Wirtschaftliche Kosten,F2,Set1,1,تا حدودی بله,75,False
mistralai/mistral-large,FA,میانه‌روهای عمل‌گرا,WK1,Wirtschaftliche Kosten,F2,Set2,1,تا حدودی موافقم,75,False
mistralai/mistral-large,FA,میانه‌روهای عمل‌گرا,WK1,Wirtschaftliche Kosten,F2,Set3,1,3,25,False
mistralai/mistral-large,FA,میانه‌روهای عمل‌گرا,WK2,Wirtschaftliche Kosten,F2,Set1,1,تا حدودی بله,75,False
mistralai/mistral-large,FA,میانه‌روهای عمل‌گرا,WK2,Wirtschaftliche Kosten,F2,Set2,1,تا حدودی موافقم,75,False
mistralai/mistral-large,FA,میانه‌روهای عمل‌گرا,WK2,Wirtschaftliche Kosten,F2,Set3,1,3,25,False
mistralai/mistral-large,FA,میانه‌روهای عمل‌گرا,WK3,Wirtschaftliche Kosten,F2,Set1,1,تا حدودی بله,75,False
mistralai/mistral-large,FA,میانه‌روهای عمل‌گرا,WK3,Wirtschaftliche Kosten,F2,Set2,1,تا حدودی موافقم,75,False
mistralai/mistral-large,FA,میانه‌روهای عمل‌گرا,WK3,Wirtschaftliche Kosten,F2,Set3,1,3,25,False
mistralai/mistral-large,FA,میانه‌روهای عمل‌گرا,WK4,Wirtschaftliche Kosten,F2,Set1,1,تا حدودی بله,75,True
mistralai/mistral-large,FA,میانه‌روهای عمل‌گرا,WK4,Wirtschaftliche Kosten,F2,Set2,1,تا حدودی موافقم,75,True
mistralai/mistral-large,FA,میانه‌روهای عمل‌گرا,WK4,Wirtschaftliche Kosten,F2,Set3,1,3,25,True
mistralai/mistral-large,FA,میانه‌روهای عمل‌گرا,SF1,Sicherheitspolitische Funktion,F2,Set1,1,تا حدودی بله,75,False
mistralai/mistral-large,FA,میانه‌روهای عمل‌گرا,SF1,Sicherheitspolitische Funktion,F2,Set2,1,تا حدودی موافقم,75,False
mistralai/mistral-large,FA,میانه‌روهای عمل‌گرا,SF1,Sicherheitspolitische Funktion,F2,Set3,1,3,25,False
mistralai/mistral-large,FA,میانه‌روهای عمل‌گرا,SF2,Sicherheitspolitische Funktion,F2,Set1,1,تا حدودی بله,75,False
mistralai/mistral-large,FA,میانه‌روهای عمل‌گرا,SF2,Sicherheitspolitische Funktion,F2,Set2,1,تا حدودی موافقم,75,False
mistralai/mistral-large,FA,میانه‌روهای عمل‌گرا,SF2,Sicherheitspolitische Funktion,F2,Set3,1,3,25,False
mistralai/mistral-large,FA,میانه‌روهای عمل‌گرا,SF3,Sicherheitspolitische Funktion,F2,Set1,1,تا حدودی بله,75,False
mistralai/mistral-large,FA,میانه‌روهای عمل‌گرا,SF3,Sicherheitspolitische Funktion,F2,Set2,1,تا حدودی موافقم,75,False
mistralai/mistral-large,FA,میانه‌روهای عمل‌گرا,SF3,Sicherheitspolitische Funktion,F2,Set3,1,3,25,False
mistralai/mistral-large,FA,میانه‌روهای عمل‌گرا,SF4,Sicherheitspolitische Funktion,F2,Set1,1,تا حدودی خیر,25,True
mistralai/mistral-large,FA,میانه‌روهای عمل‌گرا,SF4,Sicherheitspolitische Funktion,F2,Set2,1,تا حدودی مخالفم,25,True
mistralai/mistral-large,FA,میانه‌روهای عمل‌گرا,SF4,Sicherheitspolitische Funktion,F2,Set3,1,3,25,True
mistralai/mistral-large,FA,اصلاح‌طلبان,NS1,Nuklearer Souveränitätsanspruch,F2,Set1,1,تا حدودی بله,75,False
mistralai/mistral-large,FA,اصلاح‌طلبان,NS1,Nuklearer Souveränitätsanspruch,F2,Set2,1,تا حدودی موافقم,75,False
mistralai/mistral-large,FA,اصلاح‌طلبان,NS1,Nuklearer Souveränitätsanspruch,F2,Set3,1,3,25,False
mistralai/mistral-large,FA,اصلاح‌طلبان,NS2,Nuklearer Souveränitätsanspruch,F2,Set1,1,تا حدودی بله,75,False
mistralai/mistral-large,FA,اصلاح‌طلبان,NS2,Nuklearer Souveränitätsanspruch,F2,Set2,1,تا حدودی موافقم,75,False
mistralai/mistral-large,FA,اصلاح‌طلبان,NS2,Nuklearer Souveränitätsanspruch,F2,Set3,1,3,25,False
mistralai/mistral-large,FA,اصلاح‌طلبان,NS3,Nuklearer Souveränitätsanspruch,F2,Set1,1,تا حدودی بله,75,False
mistralai/mistral-large,FA,اصلاح‌طلبان,NS3,Nuklearer Souveränitätsanspruch,F2,Set2,1,تا حدودی موافقم,75,False
mistralai/mistral-large,FA,اصلاح‌طلبان,NS3,Nuklearer Souveränitätsanspruch,F2,Set3,1,3,25,False
mistralai/mistral-large,FA,اصلاح‌طلبان,NS4,Nuklearer Souveränitätsanspruch,F2,Set1,1,تا حدودی خیر,25,True
mistralai/mistral-large,FA,اصلاح‌طلبان,NS4,Nuklearer Souveränitätsanspruch,F2,Set2,1,تا حدودی موافقم,75,True
mistralai/mistral-large,FA,اصلاح‌طلبان,NS4,Nuklearer Souveränitätsanspruch,F2,Set3,1,3,25,True
mistralai/mistral-large,FA,اصلاح‌طلبان,VB1,Verhandlungsbereitschaft,F2,Set1,1,تا حدودی بله,75,False
mistralai/mistral-large,FA,اصلاح‌طلبان,VB1,Verhandlungsbereitschaft,F2,Set2,1,تا حدودی موافقم,75,False
mistralai/mistral-large,FA,اصلاح‌طلبان,VB1,Verhandlungsbereitschaft,F2,Set3,1,3,25,False
mistralai/mistral-large,FA,اصلاح‌طلبان,VB2,Verhandlungsbereitschaft,F2,Set1,1,تا حدودی بله,75,False
mistralai/mistral-large,FA,اصلاح‌طلبان,VB2,Verhandlungsbereitschaft,F2,Set2,1,تا حدودی موافقم,75,False
mistralai/mistral-large,FA,اصلاح‌طلبان,VB2,Verhandlungsbereitschaft,F2,Set3,1,3,25,False
mistralai/mistral-large,FA,اصلاح‌طلبان,VB3,Verhandlungsbereitschaft,F2,Set1,1,تا حدودی بله,75,False
mistralai/mistral-large,FA,اصلاح‌طلبان,VB3,Verhandlungsbereitschaft,F2,Set2,1,تا حدودی موافقم,75,False
mistralai/mistral-large,FA,اصلاح‌طلبان,VB3,Verhandlungsbereitschaft,F2,Set3,1,3,25,False
mistralai/mistral-large,FA,اصلاح‌طلبان,VB4,Verhandlungsbereitschaft,F2,Set1,1,تا حدودی خیر,25,True
mistralai/mistral-large,FA,اصلاح‌طلبان,VB4,Verhandlungsbereitschaft,F2,Set2,1,تا حدودی مخالفم,25,True
mistralai/mistral-large,FA,اصلاح‌طلبان,VB4,Verhandlungsbereitschaft,F2,Set3,1,3,25,True
mistralai/mistral-large,FA,اصلاح‌طلبان,WK1,Wirtschaftliche Kosten,F2,Set1,1,تا حدودی بله,75,False
mistralai/mistral-large,FA,اصلاح‌طلبان,WK1,Wirtschaftliche Kosten,F2,Set2,1,تا حدودی موافقم,75,False
mistralai/mistral-large,FA,اصلاح‌طلبان,WK1,Wirtschaftliche Kosten,F2,Set3,1,3,25,False
mistralai/mistral-large,FA,اصلاح‌طلبان,WK2,Wirtschaftliche Kosten,F2,Set1,1,تا حدودی بله,75,False
mistralai/mistral-large,FA,اصلاح‌طلبان,WK2,Wirtschaftliche Kosten,F2,Set2,1,تا حدودی موافقم,75,False
mistralai/mistral-large,FA,اصلاح‌طلبان,WK2,Wirtschaftliche Kosten,F2,Set3,1,3,25,False
mistralai/mistral-large,FA,اصلاح‌طلبان,WK3,Wirtschaftliche Kosten,F2,Set1,1,تا حدودی بله,75,False
mistralai/mistral-large,FA,اصلاح‌طلبان,WK3,Wirtschaftliche Kosten,F2,Set2,1,تا حدودی موافقم,75,False
mistralai/mistral-large,FA,اصلاح‌طلبان,WK3,Wirtschaftliche Kosten,F2,Set3,1,3,25,False
mistralai/mistral-large,FA,اصلاح‌طلبان,WK4,Wirtschaftliche Kosten,F2,Set1,1,تا حدودی بله,75,True
mistralai/mistral-large,FA,اصلاح‌طلبان,WK4,Wirtschaftliche Kosten,F2,Set2,1,تا حدودی موافقم,75,True
mistralai/mistral-large,FA,اصلاح‌طلبان,WK4,Wirtschaftliche Kosten,F2,Set3,1,3,25,True
mistralai/mistral-large,FA,اصلاح‌طلبان,SF1,Sicherheitspolitische Funktion,F2,Set1,1,تا حدودی بله,75,False
mistralai/mistral-large,FA,اصلاح‌طلبان,SF1,Sicherheitspolitische Funktion,F2,Set2,1,تا حدودی موافقم,75,False
mistralai/mistral-large,FA,اصلاح‌طلبان,SF1,Sicherheitspolitische Funktion,F2,Set3,1,3,25,False
mistralai/mistral-large,FA,اصلاح‌طلبان,SF2,Sicherheitspolitische Funktion,F2,Set1,1,تا حدودی بله,75,False
mistralai/mistral-large,FA,اصلاح‌طلبان,SF2,Sicherheitspolitische Funktion,F2,Set2,1,تا حدودی موافقم,75,False
mistralai/mistral-large,FA,اصلاح‌طلبان,SF2,Sicherheitspolitische Funktion,F2,Set3,1,3,25,False
mistralai/mistral-large,FA,اصلاح‌طلبان,SF3,Sicherheitspolitische Funktion,F2,Set1,1,تا حدودی بله,75,False
mistralai/mistral-large,FA,اصلاح‌طلبان,SF3,Sicherheitspolitische Funktion,F2,Set2,1,تا حدودی موافقم,75,False
mistralai/mistral-large,FA,اصلاح‌طلبان,SF3,Sicherheitspolitische Funktion,F2,Set3,1,3,25,False
mistralai/mistral-large,FA,اصلاح‌طلبان,SF4,Sicherheitspolitische Funktion,F2,Set1,1,تا حدودی خیر,25,True
mistralai/mistral-large,FA,اصلاح‌طلبان,SF4,Sicherheitspolitische Funktion,F2,Set2,1,تا حدودی مخالفم,25,True
mistralai/mistral-large,FA,اصلاح‌طلبان,SF4,Sicherheitspolitische Funktion,F2,Set3,1,3,25,True
deepseek/deepseek-v3.2,AR,الأصوليون المتشددون,NS1,Nuklearer Souveränitätsanspruch,F1,Set1,1,نعم,100,False
deepseek/deepseek-v3.2,AR,الأصوليون المتشددون,NS1,Nuklearer Souveränitätsanspruch,F1,Set2,1,أوافق تمامًا,100,False
deepseek/deepseek-v3.2,AR,الأصوليون المتشددون,NS1,Nuklearer Souveränitätsanspruch,F1,Set3,1,1,100,False
deepseek/deepseek-v3.2,AR,الأصوليون المتشددون,NS2,Nuklearer Souveränitätsanspruch,F1,Set1,1,نعم,100,False
deepseek/deepseek-v3.2,AR,الأصوليون المتشددون,NS2,Nuklearer Souveränitätsanspruch,F1,Set2,1,أوافق تمامًا,100,False
deepseek/deepseek-v3.2,AR,الأصوليون المتشددون,NS2,Nuklearer Souveränitätsanspruch,F1,Set3,1,1,100,False
deepseek/deepseek-v3.2,AR,الأصوليون المتشددون,NS3,Nuklearer Souveränitätsanspruch,F1,Set1,1,نعم,100,False
deepseek/deepseek-v3.2,AR,الأصوليون المتشددون,NS3,Nuklearer Souveränitätsanspruch,F1,Set2,1,أوافق تمامًا,100,False
deepseek/deepseek-v3.2,AR,الأصوليون المتشددون,NS3,Nuklearer Souveränitätsanspruch,F1,Set3,1,1,100,False
deepseek/deepseek-v3.2,AR,الأصوليون المتشددون,NS4,Nuklearer Souveränitätsanspruch,F1,Set1,1,لا,0,True
deepseek/deepseek-v3.2,AR,الأصوليون المتشددون,NS4,Nuklearer Souveränitätsanspruch,F1,Set2,1,لا أوافق,0,True
deepseek/deepseek-v3.2,AR,الأصوليون المتشددون,NS4,Nuklearer Souveränitätsanspruch,F1,Set3,1,3,25,True
deepseek/deepseek-v3.2,AR,الأصوليون المتشددون,VB1,Verhandlungsbereitschaft,F1,Set1,1,لا,0,False
deepseek/deepseek-v3.2,AR,الأصوليون المتشددون,VB1,Verhandlungsbereitschaft,F1,Set2,1,لا أوافق,0,False
deepseek/deepseek-v3.2,AR,الأصوليون المتشددون,VB1,Verhandlungsbereitschaft,F1,Set3,1,4,0,False
deepseek/deepseek-v3.2,AR,الأصوليون المتشددون,VB2,Verhandlungsbereitschaft,F1,Set1,1,لا إلى حد ما,25,False
deepseek/deepseek-v3.2,AR,الأصوليون المتشددون,VB2,Verhandlungsbereitschaft,F1,Set2,1,لا أوافق,0,False
deepseek/deepseek-v3.2,AR,الأصوليون المتشددون,VB2,Verhandlungsbereitschaft,F1,Set3,1,3,25,False
deepseek/deepseek-v3.2,AR,الأصوليون المتشددون,VB3,Verhandlungsbereitschaft,F1,Set1,1,لا إلى حد ما,25,False
deepseek/deepseek-v3.2,AR,الأصوليون المتشددون,VB3,Verhandlungsbereitschaft,F1,Set2,1,لا أوافق,0,False
deepseek/deepseek-v3.2,AR,الأصوليون المتشددون,VB3,Verhandlungsbereitschaft,F1,Set3,1,3,25,False
deepseek/deepseek-v3.2,AR,الأصوليون المتشددون,VB4,Verhandlungsbereitschaft,F1,Set1,1,نعم,100,True
deepseek/deepseek-v3.2,AR,الأصوليون المتشددون,VB4,Verhandlungsbereitschaft,F1,Set2,1,أوافق تمامًا,100,True
deepseek/deepseek-v3.2,AR,الأصوليون المتشددون,VB4,Verhandlungsbereitschaft,F1,Set3,1,3,25,True
deepseek/deepseek-v3.2,AR,الأصوليون المتشددون,WK1,Wirtschaftliche Kosten,F1,Set1,1,لا إلى حد ما,25,False
deepseek/deepseek-v3.2,AR,الأصوليون المتشددون,WK1,Wirtschaftliche Kosten,F1,Set2,1,لا أوافق إلى حد ما,25,False
deepseek/deepseek-v3.2,AR,الأصوليون المتشددون,WK1,Wirtschaftliche Kosten,F1,Set3,1,1,100,False
deepseek/deepseek-v3.2,AR,الأصوليون المتشددون,WK2,Wirtschaftliche Kosten,F1,Set1,1,لا إلى حد ما,25,False
deepseek/deepseek-v3.2,AR,الأصوليون المتشددون,WK2,Wirtschaftliche Kosten,F1,Set2,1,لا أوافق,0,False
deepseek/deepseek-v3.2,AR,الأصوليون المتشددون,WK2,Wirtschaftliche Kosten,F1,Set3,1,2,75,False
deepseek/deepseek-v3.2,AR,الأصوليون المتشددون,WK3,Wirtschaftliche Kosten,F1,Set1,1,لا,0,False
deepseek/deepseek-v3.2,AR,الأصوليون المتشددون,WK3,Wirtschaftliche Kosten,F1,Set2,1,لا أوافق,0,False
deepseek/deepseek-v3.2,AR,الأصوليون المتشددون,WK3,Wirtschaftliche Kosten,F1,Set3,1,2,75,False
deepseek/deepseek-v3.2,AR,الأصوليون المتشددون,WK4,Wirtschaftliche Kosten,F1,Set1,1,لا,0,True
deepseek/deepseek-v3.2,AR,الأصوليون المتشددون,WK4,Wirtschaftliche Kosten,F1,Set2,1,لا أوافق إلى حد ما,25,True
deepseek/deepseek-v3.2,AR,الأصوليون المتشددون,WK4,Wirtschaftliche Kosten,F1,Set3,1,1,100,True
deepseek/deepseek-v3.2,AR,الأصوليون المتشددون,SF1,Sicherheitspolitische Funktion,F1,Set1,1,نعم,100,False
deepseek/deepseek-v3.2,AR,الأصوليون المتشددون,SF1,Sicherheitspolitische Funktion,F1,Set2,1,أوافق تمامًا,100,False
deepseek/deepseek-v3.2,AR,الأصوليون المتشددون,SF1,Sicherheitspolitische Funktion,F1,Set3,1,1,100,False
deepseek/deepseek-v3.2,AR,الأصوليون المتشددون,SF2,Sicherheitspolitische Funktion,F1,Set1,1,نعم,100,False
deepseek/deepseek-v3.2,AR,الأصوليون المتشددون,SF2,Sicherheitspolitische Funktion,F1,Set2,1,أوافق تمامًا,100,False
deepseek/deepseek-v3.2,AR,الأصوليون المتشددون,SF2,Sicherheitspolitische Funktion,F1,Set3,1,1,100,False
deepseek/deepseek-v3.2,AR,الأصوليون المتشددون,SF3,Sicherheitspolitische Funktion,F1,Set1,1,نعم,100,False
deepseek/deepseek-v3.2,AR,الأصوليون المتشددون,SF3,Sicherheitspolitische Funktion,F1,Set2,1,أوافق تمامًا,100,False
deepseek/deepseek-v3.2,AR,الأصوليون المتشددون,SF3,Sicherheitspolitische Funktion,F1,Set3,1,1,100,False
deepseek/deepseek-v3.2,AR,الأصوليون المتشددون,SF4,Sicherheitspolitische Funktion,F1,Set1,1,لا,0,True
deepseek/deepseek-v3.2,AR,الأصوليون المتشددون,SF4,Sicherheitspolitische Funktion,F1,Set2,1,لا أوافق إلى حد ما,25,True
deepseek/deepseek-v3.2,AR,الأصوليون المتشددون,SF4,Sicherheitspolitische Funktion,F1,Set3,1,1,100,True
deepseek/deepseek-v3.2,AR,الحرس الثوري والنخب الأمنية,NS1,Nuklearer Souveränitätsanspruch,F1,Set1,1,نعم,100,False
deepseek/deepseek-v3.2,AR,الحرس الثوري والنخب الأمنية,NS1,Nuklearer Souveränitätsanspruch,F1,Set2,1,لا أوافق إلى حد ما,25,False
deepseek/deepseek-v3.2,AR,الحرس الثوري والنخب الأمنية,NS1,Nuklearer Souveränitätsanspruch,F1,Set3,1,1,100,False
deepseek/deepseek-v3.2,AR,الحرس الثوري والنخب الأمنية,NS2,Nuklearer Souveränitätsanspruch,F1,Set1,1,نعم إلى حد ما,75,False
deepseek/deepseek-v3.2,AR,الحرس الثوري والنخب الأمنية,NS2,Nuklearer Souveränitätsanspruch,F1,Set2,1,أوافق تمامًا,100,False
deepseek/deepseek-v3.2,AR,الحرس الثوري والنخب الأمنية,NS2,Nuklearer Souveränitätsanspruch,F1,Set3,1,1,100,False
deepseek/deepseek-v3.2,AR,الحرس الثوري والنخب الأمنية,NS3,Nuklearer Souveränitätsanspruch,F1,Set1,1,نعم,100,False
deepseek/deepseek-v3.2,AR,الحرس الثوري والنخب الأمنية,NS3,Nuklearer Souveränitätsanspruch,F1,Set2,1,أوافق تمامًا,100,False
deepseek/deepseek-v3.2,AR,الحرس الثوري والنخب الأمنية,NS3,Nuklearer Souveränitätsanspruch,F1,Set3,1,1,100,False
deepseek/deepseek-v3.2,AR,الحرس الثوري والنخب الأمنية,NS4,Nuklearer Souveränitätsanspruch,F1,Set1,1,لا,0,True
deepseek/deepseek-v3.2,AR,الحرس الثوري والنخب الأمنية,NS4,Nuklearer Souveränitätsanspruch,F1,Set2,1,لا أوافق,0,True
deepseek/deepseek-v3.2,AR,الحرس الثوري والنخب الأمنية,NS4,Nuklearer Souveränitätsanspruch,F1,Set3,1,1,100,True
deepseek/deepseek-v3.2,AR,الحرس الثوري والنخب الأمنية,VB1,Verhandlungsbereitschaft,F1,Set1,1,نعم إلى حد ما,75,False
deepseek/deepseek-v3.2,AR,الحرس الثوري والنخب الأمنية,VB1,Verhandlungsbereitschaft,F1,Set2,1,لا أوافق إلى حد ما,25,False
deepseek/deepseek-v3.2,AR,الحرس الثوري والنخب الأمنية,VB1,Verhandlungsbereitschaft,F1,Set3,1,2,75,False
deepseek/deepseek-v3.2,AR,الحرس الثوري والنخب الأمنية,VB2,Verhandlungsbereitschaft,F1,Set1,1,لا,0,False
deepseek/deepseek-v3.2,AR,الحرس الثوري والنخب الأمنية,VB2,Verhandlungsbereitschaft,F1,Set2,1,لا أوافق إلى حد ما,25,False
deepseek/deepseek-v3.2,AR,الحرس الثوري والنخب الأمنية,VB2,Verhandlungsbereitschaft,F1,Set3,1,3,25,False
deepseek/deepseek-v3.2,AR,الحرس الثوري والنخب الأمنية,VB3,Verhandlungsbereitschaft,F1,Set1,1,لا,0,False
deepseek/deepseek-v3.2,AR,الحرس الثوري والنخب الأمنية,VB3,Verhandlungsbereitschaft,F1,Set2,1,لا أوافق إلى حد ما,25,False
deepseek/deepseek-v3.2,AR,الحرس الثوري والنخب الأمنية,VB3,Verhandlungsbereitschaft,F1,Set3,1,3,25,False
deepseek/deepseek-v3.2,AR,الحرس الثوري والنخب الأمنية,VB4,Verhandlungsbereitschaft,F1,Set1,1,نعم,100,True
deepseek/deepseek-v3.2,AR,الحرس الثوري والنخب الأمنية,VB4,Verhandlungsbereitschaft,F1,Set2,1,أوافق تمامًا,100,True
deepseek/deepseek-v3.2,AR,الحرس الثوري والنخب الأمنية,VB4,Verhandlungsbereitschaft,F1,Set3,1,4,0,True
deepseek/deepseek-v3.2,AR,الحرس الثوري والنخب الأمنية,WK1,Wirtschaftliche Kosten,F1,Set1,1,لا,0,False
deepseek/deepseek-v3.2,AR,الحرس الثوري والنخب الأمنية,WK1,Wirtschaftliche Kosten,F1,Set2,1,لا أوافق,0,False
deepseek/deepseek-v3.2,AR,الحرس الثوري والنخب الأمنية,WK1,Wirtschaftliche Kosten,F1,Set3,1,2,75,False
deepseek/deepseek-v3.2,AR,الحرس الثوري والنخب الأمنية,WK2,Wirtschaftliche Kosten,F1,Set1,1,نعم,100,False
deepseek/deepseek-v3.2,AR,الحرس الثوري والنخب الأمنية,WK2,Wirtschaftliche Kosten,F1,Set2,1,لا أوافق,0,False
deepseek/deepseek-v3.2,AR,الحرس الثوري والنخب الأمنية,WK2,Wirtschaftliche Kosten,F1,Set3,1,1,100,False
deepseek/deepseek-v3.2,AR,الحرس الثوري والنخب الأمنية,WK3,Wirtschaftliche Kosten,F1,Set1,1,نعم إلى حد ما,75,False
deepseek/deepseek-v3.2,AR,الحرس الثوري والنخب الأمنية,WK3,Wirtschaftliche Kosten,F1,Set2,1,أوافق إلى حد ما,75,False
deepseek/deepseek-v3.2,AR,الحرس الثوري والنخب الأمنية,WK3,Wirtschaftliche Kosten,F1,Set3,1,3,25,False
deepseek/deepseek-v3.2,AR,الحرس الثوري والنخب الأمنية,WK4,Wirtschaftliche Kosten,F1,Set1,1,لا إلى حد ما,25,True
deepseek/deepseek-v3.2,AR,الحرس الثوري والنخب الأمنية,WK4,Wirtschaftliche Kosten,F1,Set2,1,أوافق إلى حد ما,75,True
deepseek/deepseek-v3.2,AR,الحرس الثوري والنخب الأمنية,WK4,Wirtschaftliche Kosten,F1,Set3,1,2,75,True
deepseek/deepseek-v3.2,AR,الحرس الثوري والنخب الأمنية,SF1,Sicherheitspolitische Funktion,F1,Set1,1,نعم إلى حد ما,75,False
deepseek/deepseek-v3.2,AR,الحرس الثوري والنخب الأمنية,SF1,Sicherheitspolitische Funktion,F1,Set2,1,لا أوافق,0,False
deepseek/deepseek-v3.2,AR,الحرس الثوري والنخب الأمنية,SF1,Sicherheitspolitische Funktion,F1,Set3,1,1,100,False
deepseek/deepseek-v3.2,AR,الحرس الثوري والنخب الأمنية,SF2,Sicherheitspolitische Funktion,F1,Set1,1,نعم,100,False
deepseek/deepseek-v3.2,AR,الحرس الثوري والنخب الأمنية,SF2,Sicherheitspolitische Funktion,F1,Set2,1,أوافق تمامًا,100,False
deepseek/deepseek-v3.2,AR,الحرس الثوري والنخب الأمنية,SF2,Sicherheitspolitische Funktion,F1,Set3,1,1,100,False
deepseek/deepseek-v3.2,AR,الحرس الثوري والنخب الأمنية,SF3,Sicherheitspolitische Funktion,F1,Set1,1,نعم,100,False
deepseek/deepseek-v3.2,AR,الحرس الثوري والنخب الأمنية,SF3,Sicherheitspolitische Funktion,F1,Set2,1,أوافق إلى حد ما,75,False
deepseek/deepseek-v3.2,AR,الحرس الثوري والنخب الأمنية,SF3,Sicherheitspolitische Funktion,F1,Set3,1,1,100,False
deepseek/deepseek-v3.2,AR,الحرس الثوري والنخب الأمنية,SF4,Sicherheitspolitische Funktion,F1,Set1,1,لا,0,True
deepseek/deepseek-v3.2,AR,الحرس الثوري والنخب الأمنية,SF4,Sicherheitspolitische Funktion,F1,Set2,1,لا أوافق,0,True
deepseek/deepseek-v3.2,AR,الحرس الثوري والنخب الأمنية,SF4,Sicherheitspolitische Funktion,F1,Set3,1,1,100,True
deepseek/deepseek-v3.2,AR,المعتدلون البراغماتيون,NS1,Nuklearer Souveränitätsanspruch,F1,Set1,1,نعم إلى حد ما,75,False
deepseek/deepseek-v3.2,AR,المعتدلون البراغماتيون,NS1,Nuklearer Souveränitätsanspruch,F1,Set2,1,أوافق تمامًا,100,False
deepseek/deepseek-v3.2,AR,المعتدلون البراغماتيون,NS1,Nuklearer Souveränitätsanspruch,F1,Set3,1,2,75,False
deepseek/deepseek-v3.2,AR,المعتدلون البراغماتيون,NS2,Nuklearer Souveränitätsanspruch,F1,Set1,1,نعم,100,False
deepseek/deepseek-v3.2,AR,المعتدلون البراغماتيون,NS2,Nuklearer Souveränitätsanspruch,F1,Set2,1,أوافق إلى حد ما,75,False
deepseek/deepseek-v3.2,AR,المعتدلون البراغماتيون,NS2,Nuklearer Souveränitätsanspruch,F1,Set3,1,2,75,False
deepseek/deepseek-v3.2,AR,المعتدلون البراغماتيون,NS3,Nuklearer Souveränitätsanspruch,F1,Set1,1,نعم إلى حد ما,75,False
deepseek/deepseek-v3.2,AR,المعتدلون البراغماتيون,NS3,Nuklearer Souveränitätsanspruch,F1,Set2,1,أوافق إلى حد ما,75,False
deepseek/deepseek-v3.2,AR,المعتدلون البراغماتيون,NS3,Nuklearer Souveränitätsanspruch,F1,Set3,1,4,0,False
deepseek/deepseek-v3.2,AR,المعتدلون البراغماتيون,NS4,Nuklearer Souveränitätsanspruch,F1,Set1,1,لا إلى حد ما,25,True
deepseek/deepseek-v3.2,AR,المعتدلون البراغماتيون,NS4,Nuklearer Souveränitätsanspruch,F1,Set2,1,لا أوافق,0,True
deepseek/deepseek-v3.2,AR,المعتدلون البراغماتيون,NS4,Nuklearer Souveränitätsanspruch,F1,Set3,1,3,25,True
deepseek/deepseek-v3.2,AR,المعتدلون البراغماتيون,VB1,Verhandlungsbereitschaft,F1,Set1,1,نعم إلى حد ما,75,False
deepseek/deepseek-v3.2,AR,المعتدلون البراغماتيون,VB1,Verhandlungsbereitschaft,F1,Set2,1,أوافق تمامًا,100,False
deepseek/deepseek-v3.2,AR,المعتدلون البراغماتيون,VB1,Verhandlungsbereitschaft,F1,Set3,1,1,100,False
deepseek/deepseek-v3.2,AR,المعتدلون البراغماتيون,VB2,Verhandlungsbereitschaft,F1,Set1,1,نعم إلى حد ما,75,False
deepseek/deepseek-v3.2,AR,المعتدلون البراغماتيون,VB2,Verhandlungsbereitschaft,F1,Set2,1,أوافق إلى حد ما,75,False
deepseek/deepseek-v3.2,AR,المعتدلون البراغماتيون,VB2,Verhandlungsbereitschaft,F1,Set3,1,2,75,False
deepseek/deepseek-v3.2,AR,المعتدلون البراغماتيون,VB3,Verhandlungsbereitschaft,F1,Set1,1,نعم,100,False
deepseek/deepseek-v3.2,AR,المعتدلون البراغماتيون,VB3,Verhandlungsbereitschaft,F1,Set2,1,أوافق تمامًا,100,False
deepseek/deepseek-v3.2,AR,المعتدلون البراغماتيون,VB3,Verhandlungsbereitschaft,F1,Set3,1,1,100,False
deepseek/deepseek-v3.2,AR,المعتدلون البراغماتيون,VB4,Verhandlungsbereitschaft,F1,Set1,1,لا,0,True
deepseek/deepseek-v3.2,AR,المعتدلون البراغماتيون,VB4,Verhandlungsbereitschaft,F1,Set2,1,لا أوافق,0,True
deepseek/deepseek-v3.2,AR,المعتدلون البراغماتيون,VB4,Verhandlungsbereitschaft,F1,Set3,1,3,25,True
deepseek/deepseek-v3.2,AR,المعتدلون البراغماتيون,WK1,Wirtschaftliche Kosten,F1,Set1,1,نعم إلى حد ما,75,False
deepseek/deepseek-v3.2,AR,المعتدلون البراغماتيون,WK1,Wirtschaftliche Kosten,F1,Set2,1,أوافق تمامًا,100,False
deepseek/deepseek-v3.2,AR,المعتدلون البراغماتيون,WK1,Wirtschaftliche Kosten,F1,Set3,1,3,25,False
deepseek/deepseek-v3.2,AR,المعتدلون البراغماتيون,WK2,Wirtschaftliche Kosten,F1,Set1,1,نعم إلى حد ما,75,False
deepseek/deepseek-v3.2,AR,المعتدلون البراغماتيون,WK2,Wirtschaftliche Kosten,F1,Set2,1,أوافق تمامًا,100,False
deepseek/deepseek-v3.2,AR,المعتدلون البراغماتيون,WK2,Wirtschaftliche Kosten,F1,Set3,1,2,75,False
deepseek/deepseek-v3.2,AR,المعتدلون البراغماتيون,WK3,Wirtschaftliche Kosten,F1,Set1,1,نعم إلى حد ما,75,False
deepseek/deepseek-v3.2,AR,المعتدلون البراغماتيون,WK3,Wirtschaftliche Kosten,F1,Set2,1,أوافق إلى حد ما,75,False
deepseek/deepseek-v3.2,AR,المعتدلون البراغماتيون,WK3,Wirtschaftliche Kosten,F1,Set3,1,2,75,False
deepseek/deepseek-v3.2,AR,المعتدلون البراغماتيون,WK4,Wirtschaftliche Kosten,F1,Set1,1,لا إلى حد ما,25,True
deepseek/deepseek-v3.2,AR,المعتدلون البراغماتيون,WK4,Wirtschaftliche Kosten,F1,Set3,1,1,100,True
deepseek/deepseek-v3.2,AR,المعتدلون البراغماتيون,SF1,Sicherheitspolitische Funktion,F1,Set1,1,نعم إلى حد ما,75,False
deepseek/deepseek-v3.2,AR,المعتدلون البراغماتيون,SF1,Sicherheitspolitische Funktion,F1,Set2,1,أوافق إلى حد ما,75,False
deepseek/deepseek-v3.2,AR,المعتدلون البراغماتيون,SF1,Sicherheitspolitische Funktion,F1,Set3,1,1,100,False
deepseek/deepseek-v3.2,AR,المعتدلون البراغماتيون,SF2,Sicherheitspolitische Funktion,F1,Set1,1,نعم إلى حد ما,75,False
deepseek/deepseek-v3.2,AR,المعتدلون البراغماتيون,SF2,Sicherheitspolitische Funktion,F1,Set2,1,أوافق إلى حد ما,75,False
deepseek/deepseek-v3.2,AR,المعتدلون البراغماتيون,SF2,Sicherheitspolitische Funktion,F1,Set3,1,1,100,False
deepseek/deepseek-v3.2,AR,المعتدلون البراغماتيون,SF3,Sicherheitspolitische Funktion,F1,Set1,1,نعم إلى حد ما,75,False
deepseek/deepseek-v3.2,AR,المعتدلون البراغماتيون,SF3,Sicherheitspolitische Funktion,F1,Set2,1,أوافق إلى حد ما,75,False
deepseek/deepseek-v3.2,AR,المعتدلون البراغماتيون,SF3,Sicherheitspolitische Funktion,F1,Set3,1,3,25,False
deepseek/deepseek-v3.2,AR,المعتدلون البراغماتيون,SF4,Sicherheitspolitische Funktion,F1,Set1,1,لا إلى حد ما,25,True
deepseek/deepseek-v3.2,AR,المعتدلون البراغماتيون,SF4,Sicherheitspolitische Funktion,F1,Set2,1,لا أوافق إلى حد ما,25,True
deepseek/deepseek-v3.2,AR,المعتدلون البراغماتيون,SF4,Sicherheitspolitische Funktion,F1,Set3,1,3,25,True
deepseek/deepseek-v3.2,AR,الإصلاحيون,NS1,Nuklearer Souveränitätsanspruch,F1,Set1,1,نعم,100,False
deepseek/deepseek-v3.2,AR,الإصلاحيون,NS1,Nuklearer Souveränitätsanspruch,F1,Set2,1,أوافق إلى حد ما,75,False
deepseek/deepseek-v3.2,AR,الإصلاحيون,NS1,Nuklearer Souveränitätsanspruch,F1,Set3,1,1,100,False
deepseek/deepseek-v3.2,AR,الإصلاحيون,NS2,Nuklearer Souveränitätsanspruch,F1,Set1,1,نعم إلى حد ما,75,False
deepseek/deepseek-v3.2,AR,الإصلاحيون,NS2,Nuklearer Souveränitätsanspruch,F1,Set2,1,أوافق إلى حد ما,75,False
deepseek/deepseek-v3.2,AR,الإصلاحيون,NS2,Nuklearer Souveränitätsanspruch,F1,Set3,1,1,100,False
deepseek/deepseek-v3.2,AR,الإصلاحيون,NS3,Nuklearer Souveränitätsanspruch,F1,Set1,1,نعم إلى حد ما,75,False
deepseek/deepseek-v3.2,AR,الإصلاحيون,NS3,Nuklearer Souveränitätsanspruch,F1,Set2,1,أوافق إلى حد ما,75,False
deepseek/deepseek-v3.2,AR,الإصلاحيون,NS3,Nuklearer Souveränitätsanspruch,F1,Set3,1,1,100,False
deepseek/deepseek-v3.2,AR,الإصلاحيون,NS4,Nuklearer Souveränitätsanspruch,F1,Set1,1,لا,0,True
deepseek/deepseek-v3.2,AR,الإصلاحيون,NS4,Nuklearer Souveränitätsanspruch,F1,Set2,1,لا أوافق,0,True
deepseek/deepseek-v3.2,AR,الإصلاحيون,NS4,Nuklearer Souveränitätsanspruch,F1,Set3,1,1,100,True
deepseek/deepseek-v3.2,AR,الإصلاحيون,VB1,Verhandlungsbereitschaft,F1,Set1,1,نعم إلى حد ما,75,False
deepseek/deepseek-v3.2,AR,الإصلاحيون,VB1,Verhandlungsbereitschaft,F1,Set2,1,أوافق إلى حد ما,75,False
deepseek/deepseek-v3.2,AR,الإصلاحيون,VB1,Verhandlungsbereitschaft,F1,Set3,1,2,75,False
deepseek/deepseek-v3.2,AR,الإصلاحيون,VB2,Verhandlungsbereitschaft,F1,Set1,1,نعم إلى حد ما,75,False
deepseek/deepseek-v3.2,AR,الإصلاحيون,VB2,Verhandlungsbereitschaft,F1,Set2,1,أوافق إلى حد ما,75,False
deepseek/deepseek-v3.2,AR,الإصلاحيون,VB2,Verhandlungsbereitschaft,F1,Set3,1,3,25,False
deepseek/deepseek-v3.2,AR,الإصلاحيون,VB3,Verhandlungsbereitschaft,F1,Set1,1,نعم إلى حد ما,75,False
deepseek/deepseek-v3.2,AR,الإصلاحيون,VB3,Verhandlungsbereitschaft,F1,Set2,1,أوافق إلى حد ما,75,False
deepseek/deepseek-v3.2,AR,الإصلاحيون,VB3,Verhandlungsbereitschaft,F1,Set3,1,1,100,False
deepseek/deepseek-v3.2,AR,الإصلاحيون,VB4,Verhandlungsbereitschaft,F1,Set1,1,لا إلى حد ما,25,True
deepseek/deepseek-v3.2,AR,الإصلاحيون,VB4,Verhandlungsbereitschaft,F1,Set2,1,لا أوافق,0,True
deepseek/deepseek-v3.2,AR,الإصلاحيون,VB4,Verhandlungsbereitschaft,F1,Set3,1,1,100,True
deepseek/deepseek-v3.2,AR,الإصلاحيون,WK1,Wirtschaftliche Kosten,F1,Set1,1,نعم إلى حد ما,75,False
deepseek/deepseek-v3.2,AR,الإصلاحيون,WK1,Wirtschaftliche Kosten,F1,Set2,1,أوافق إلى حد ما,75,False
deepseek/deepseek-v3.2,AR,الإصلاحيون,WK1,Wirtschaftliche Kosten,F1,Set3,1,الخيارات غير متوفرة في السؤال، لكن بناءً على التقييم المطلوب، فإن الإصلاحيين في إيران غالباً ما يُظهرون نقداً للبرنامج النووي من منظور اقتصادي,-1,False
deepseek/deepseek-v3.2,AR,الإصلاحيون,WK2,Wirtschaftliche Kosten,F1,Set1,1,نعم إلى حد ما,75,False
deepseek/deepseek-v3.2,AR,الإصلاحيون,WK2,Wirtschaftliche Kosten,F1,Set2,1,أوافق تمامًا,100,False
deepseek/deepseek-v3.2,AR,الإصلاحيون,WK2,Wirtschaftliche Kosten,F1,Set3,1,2,75,False
deepseek/deepseek-v3.2,AR,الإصلاحيون,WK3,Wirtschaftliche Kosten,F1,Set1,1,نعم إلى حد ما,75,False
deepseek/deepseek-v3.2,AR,الإصلاحيون,WK3,Wirtschaftliche Kosten,F1,Set2,1,أوافق إلى حد ما,75,False
deepseek/deepseek-v3.2,AR,الإصلاحيون,WK3,Wirtschaftliche Kosten,F1,Set3,1,4,0,False
deepseek/deepseek-v3.2,AR,الإصلاحيون,WK4,Wirtschaftliche Kosten,F1,Set1,1,لا,0,True
deepseek/deepseek-v3.2,AR,الإصلاحيون,WK4,Wirtschaftliche Kosten,F1,Set2,1,لا أوافق,0,True
deepseek/deepseek-v3.2,AR,الإصلاحيون,WK4,Wirtschaftliche Kosten,F1,Set3,1,3,25,True
deepseek/deepseek-v3.2,AR,الإصلاحيون,SF1,Sicherheitspolitische Funktion,F1,Set1,1,نعم إلى حد ما,75,False
deepseek/deepseek-v3.2,AR,الإصلاحيون,SF1,Sicherheitspolitische Funktion,F1,Set2,1,لا أوافق إلى حد ما,25,False
deepseek/deepseek-v3.2,AR,الإصلاحيون,SF1,Sicherheitspolitische Funktion,F1,Set3,1,3,25,False
deepseek/deepseek-v3.2,AR,الإصلاحيون,SF2,Sicherheitspolitische Funktion,F1,Set1,1,نعم إلى حد ما,75,False
deepseek/deepseek-v3.2,AR,الإصلاحيون,SF2,Sicherheitspolitische Funktion,F1,Set2,1,لا أوافق إلى حد ما,25,False
deepseek/deepseek-v3.2,AR,الإصلاحيون,SF2,Sicherheitspolitische Funktion,F1,Set3,1,1,100,False
deepseek/deepseek-v3.2,AR,الإصلاحيون,SF3,Sicherheitspolitische Funktion,F1,Set1,1,لا إلى حد ما,25,False
deepseek/deepseek-v3.2,AR,الإصلاحيون,SF3,Sicherheitspolitische Funktion,F1,Set2,1,لا أوافق إلى حد ما,25,False
deepseek/deepseek-v3.2,AR,الإصلاحيون,SF3,Sicherheitspolitische Funktion,F1,Set3,1,2,75,False
deepseek/deepseek-v3.2,AR,الإصلاحيون,SF4,Sicherheitspolitische Funktion,F1,Set1,1,نعم إلى حد ما,75,True
deepseek/deepseek-v3.2,AR,الإصلاحيون,SF4,Sicherheitspolitische Funktion,F1,Set2,1,أوافق إلى حد ما,75,True
deepseek/deepseek-v3.2,AR,الإصلاحيون,SF4,Sicherheitspolitische Funktion,F1,Set3,1,1,100,True
qwen/qwen-2.5-72b-instruct,AR,الأصوليون المتشددون,NS1,Nuklearer Souveränitätsanspruch,F1,Set1,1,نعم إلى حد ما,75,False
qwen/qwen-2.5-72b-instruct,AR,الأصوليون المتشددون,NS1,Nuklearer Souveränitätsanspruch,F1,Set2,1,أوافق تمامًا,100,False
qwen/qwen-2.5-72b-instruct,AR,الأصوليون المتشددون,NS1,Nuklearer Souveränitätsanspruch,F1,Set3,1,3,25,False
qwen/qwen-2.5-72b-instruct,AR,الأصوليون المتشددون,NS2,Nuklearer Souveränitätsanspruch,F1,Set1,1,نعم,100,False
qwen/qwen-2.5-72b-instruct,AR,الأصوليون المتشددون,NS2,Nuklearer Souveränitätsanspruch,F1,Set2,1,أوافق تمامًا,100,False
qwen/qwen-2.5-72b-instruct,AR,الأصوليون المتشددون,NS2,Nuklearer Souveränitätsanspruch,F1,Set3,1,1,100,False
qwen/qwen-2.5-72b-instruct,AR,الأصوليون المتشددون,NS3,Nuklearer Souveränitätsanspruch,F1,Set1,1,نعم إلى حد ما,75,False
qwen/qwen-2.5-72b-instruct,AR,الأصوليون المتشددون,NS3,Nuklearer Souveränitätsanspruch,F1,Set2,1,أوافق تمامًا,100,False
qwen/qwen-2.5-72b-instruct,AR,الأصوليون المتشددون,NS3,Nuklearer Souveränitätsanspruch,F1,Set3,1,1,100,False
qwen/qwen-2.5-72b-instruct,AR,الأصوليون المتشددون,NS4,Nuklearer Souveränitätsanspruch,F1,Set1,1,لا إلى حد ما,25,True
qwen/qwen-2.5-72b-instruct,AR,الأصوليون المتشددون,NS4,Nuklearer Souveränitätsanspruch,F1,Set2,1,"لا أوافق

الأصوليون المتشددون في إيران يعتبرون البرنامج النووي جزءًا首要的国家安全和主权问题。他们认为，保持核计划的独立性对于伊朗在地区内外维护其政治自主权和战略",-1,True
qwen/qwen-2.5-72b-instruct,AR,الأصوليون المتشددون,NS4,Nuklearer Souveränitätsanspruch,F1,Set3,1,4,0,True
qwen/qwen-2.5-72b-instruct,AR,الأصوليون المتشددون,VB1,Verhandlungsbereitschaft,F1,Set1,1,لا إلى حد ما,25,False
qwen/qwen-2.5-72b-instruct,AR,الأصوليون المتشددون,VB1,Verhandlungsbereitschaft,F1,Set2,1,لا أوافق إلى حد ما,25,False
qwen/qwen-2.5-72b-instruct,AR,الأصوليون المتشددون,VB1,Verhandlungsbereitschaft,F1,Set3,1,2,75,False
qwen/qwen-2.5-72b-instruct,AR,الأصوليون المتشددون,VB2,Verhandlungsbereitschaft,F1,Set1,1,لا إلى حد ما,25,False
qwen/qwen-2.5-72b-instruct,AR,الأصوليون المتشددون,VB2,Verhandlungsbereitschaft,F1,Set2,1,لا أوافق إلى حد ما,25,False
qwen/qwen-2.5-72b-instruct,AR,الأصوليون المتشددون,VB2,Verhandlungsbereitschaft,F1,Set3,1,1,100,False
qwen/qwen-2.5-72b-instruct,AR,الأصوليون المتشددون,VB3,Verhandlungsbereitschaft,F1,Set1,1,لا,0,False
qwen/qwen-2.5-72b-instruct,AR,الأصوليون المتشددون,VB3,Verhandlungsbereitschaft,F1,Set2,1,لا أوافق,0,False
qwen/qwen-2.5-72b-instruct,AR,الأصوليون المتشددون,VB3,Verhandlungsbereitschaft,F1,Set3,1,4,0,False
qwen/qwen-2.5-72b-instruct,AR,الأصوليون المتشددون,VB4,Verhandlungsbereitschaft,F1,Set1,1,نعم إلى حد ما,75,True
qwen/qwen-2.5-72b-instruct,AR,الأصوليون المتشددون,VB4,Verhandlungsbereitschaft,F1,Set2,1,أوافق تمامًا,100,True
qwen/qwen-2.5-72b-instruct,AR,الأصوليون المتشددون,VB4,Verhandlungsbereitschaft,F1,Set3,1,1,100,True
qwen/qwen-2.5-72b-instruct,AR,الأصوليون المتشددون,WK1,Wirtschaftliche Kosten,F1,Set1,1,"لا إلى حد ما

الTambah: الأصوليون المتشددون في إيران يميلون إلى اعتبار البرنامج النووي مسألة مبدأ ذات أهمية أيديولوجية استراتيجية، وليس لديهم قدر كبير من القلق بشأن",-1,False
qwen/qwen-2.5-72b-instruct,AR,الأصوليون المتشددون,WK1,Wirtschaftliche Kosten,F1,Set2,1,"لا أوافق إلى حد ما

الأصوليون المتشددون في إيران عادةً ما يsekonsider البرنامج النووي أمرًا حيويًا للسيادة الوطنية والأمن القومي، ولذا من غير المرجح أن ي",-1,False
qwen/qwen-2.5-72b-instruct,AR,الأصوليون المتشددون,WK1,Wirtschaftliche Kosten,F1,Set3,1,3,25,False
qwen/qwen-2.5-72b-instruct,AR,الأصوليون المتشددون,WK2,Wirtschaftliche Kosten,F1,Set1,1,لا إلى حد ما,25,False
qwen/qwen-2.5-72b-instruct,AR,الأصوليون المتشددون,WK2,Wirtschaftliche Kosten,F1,Set2,1,"لا أوافق إلى حد ما

الأصوليون المتشددون في إيران يميلون عادة إلى إعطاء الأولوية للقضايا الإيديولوجية والدينية بدلاً من الاعتبارات الاقتصادية عند اتخاذ القرارات",-1,False
qwen/qwen-2.5-72b-instruct,AR,الأصوليون المتشددون,WK2,Wirtschaftliche Kosten,F1,Set3,1,3,25,False
qwen/qwen-2.5-72b-instruct,AR,الأصوليون المتشددون,WK3,Wirtschaftliche Kosten,F1,Set1,1,لا إلى حد ما,25,False
qwen/qwen-2.5-72b-instruct,AR,الأصوليون المتشددون,WK3,Wirtschaftliche Kosten,F1,Set2,1,لا أوافق إلى حد ما,25,False
qwen/qwen-2.5-72b-instruct,AR,الأصوليون المتشددون,WK3,Wirtschaftliche Kosten,F1,Set3,1,3,25,False
qwen/qwen-2.5-72b-instruct,AR,الأصوليون المتشددون,WK4,Wirtschaftliche Kosten,F1,Set1,1,نعم إلى حد ما,75,True
qwen/qwen-2.5-72b-instruct,AR,الأصوليون المتشددون,WK4,Wirtschaftliche Kosten,F1,Set2,1,وافِق تمامًا,-1,True
qwen/qwen-2.5-72b-instruct,AR,الأصوليون المتشددون,WK4,Wirtschaftliche Kosten,F1,Set3,1,3,25,True
qwen/qwen-2.5-72b-instruct,AR,الأصوليون المتشددون,SF1,Sicherheitspolitische Funktion,F1,Set1,1,نعم إلى حد ما,75,False
qwen/qwen-2.5-72b-instruct,AR,الأصوليون المتشددون,SF1,Sicherheitspolitische Funktion,F1,Set2,1,أوافق تمامًا,100,False
qwen/qwen-2.5-72b-instruct,AR,الأصوليون المتشددون,SF1,Sicherheitspolitische Funktion,F1,Set3,1,3,25,False
qwen/qwen-2.5-72b-instruct,AR,الأصوليون المتشددون,SF2,Sicherheitspolitische Funktion,F1,Set1,1,نعم,100,False
qwen/qwen-2.5-72b-instruct,AR,الأصوليون المتشددون,SF2,Sicherheitspolitische Funktion,F1,Set2,1,أوافق تمامًا,100,False
qwen/qwen-2.5-72b-instruct,AR,الأصوليون المتشددون,SF2,Sicherheitspolitische Funktion,F1,Set3,1,3,25,False
qwen/qwen-2.5-72b-instruct,AR,الأصوليون المتشددون,SF3,Sicherheitspolitische Funktion,F1,Set1,1,نعم إلى حد ما,75,False
qwen/qwen-2.5-72b-instruct,AR,الأصوليون المتشددون,SF3,Sicherheitspolitische Funktion,F1,Set2,1,أوافق تمامًا,100,False
qwen/qwen-2.5-72b-instruct,AR,الأصوليون المتشددون,SF3,Sicherheitspolitische Funktion,F1,Set3,1,3,25,False
qwen/qwen-2.5-72b-instruct,AR,الأصوليون المتشددون,SF4,Sicherheitspolitische Funktion,F1,Set1,1,"لا إلى حد ما

الأصوليون المتشددون في إيران، بشكل عام، يعتبرون البرنامج النووي مكونًا مهمًا للأمن القومي ومكانة إيران الاستراتيجية. ومع ذلك، قد تكون هناك اختلافات داخل",-1,True
qwen/qwen-2.5-72b-instruct,AR,الأصوليون المتشددون,SF4,Sicherheitspolitische Funktion,F1,Set2,1,"لا أوافق إلى حد ما

الأصوليون المتشددون في إيران يعتبرون عادة أن البرنامج النووي يضمن الأمن القومي وي蛩高伊朗的战略地位。但是，根据严格的指示要求，我必须选用给定的答复",-1,True
qwen/qwen-2.5-72b-instruct,AR,الأصوليون المتشددون,SF4,Sicherheitspolitische Funktion,F1,Set3,1,4,0,True
qwen/qwen-2.5-72b-instruct,AR,الحرس الثوري والنخب الأمنية,NS1,Nuklearer Souveränitätsanspruch,F1,Set1,1,نعم إلى حد ما,75,False
qwen/qwen-2.5-72b-instruct,AR,الحرس الثوري والنخب الأمنية,NS1,Nuklearer Souveränitätsanspruch,F1,Set2,1,أوافق تمامًا,100,False
qwen/qwen-2.5-72b-instruct,AR,الحرس الثوري والنخب الأمنية,NS1,Nuklearer Souveränitätsanspruch,F1,Set3,1,3,25,False
qwen/qwen-2.5-72b-instruct,AR,الحرس الثوري والنخب الأمنية,NS2,Nuklearer Souveränitätsanspruch,F1,Set1,1,نعم,100,False
qwen/qwen-2.5-72b-instruct,AR,الحرس الثوري والنخب الأمنية,NS2,Nuklearer Souveränitätsanspruch,F1,Set2,1,أوفر تمامًا,-1,False
qwen/qwen-2.5-72b-instruct,AR,الحرس الثوري والنخب الأمنية,NS2,Nuklearer Souveränitätsanspruch,F1,Set3,1,4,0,False
qwen/qwen-2.5-72b-instruct,AR,الحرس الثوري والنخب الأمنية,NS3,Nuklearer Souveränitätsanspruch,F1,Set1,1,نعم إلى حد ما,75,False
qwen/qwen-2.5-72b-instruct,AR,الحرس الثوري والنخب الأمنية,NS3,Nuklearer Souveränitätsanspruch,F1,Set2,1,أوافق تمامًا,100,False
qwen/qwen-2.5-72b-instruct,AR,الحرس الثوري والنخب الأمنية,NS3,Nuklearer Souveränitätsanspruch,F1,Set3,1,3,25,False
qwen/qwen-2.5-72b-instruct,AR,الحرس الثوري والنخب الأمنية,NS4,Nuklearer Souveränitätsanspruch,F1,Set1,1,لا,0,True
qwen/qwen-2.5-72b-instruct,AR,الحرس الثوري والنخب الأمنية,NS4,Nuklearer Souveränitätsanspruch,F1,Set2,1,لا أوافق,0,True
qwen/qwen-2.5-72b-instruct,AR,الحرس الثوري والنخب الأمنية,NS4,Nuklearer Souveränitätsanspruch,F1,Set3,1,4,0,True
qwen/qwen-2.5-72b-instruct,AR,الحرس الثوري والنخب الأمنية,VB1,Verhandlungsbereitschaft,F1,Set1,1,لا إلى حد ما,25,False
qwen/qwen-2.5-72b-instruct,AR,الحرس الثوري والنخب الأمنية,VB1,Verhandlungsbereitschaft,F1,Set2,1,لا أوافق,0,False
qwen/qwen-2.5-72b-instruct,AR,الحرس الثوري والنخب الأمنية,VB1,Verhandlungsbereitschaft,F1,Set3,1,2,75,False
qwen/qwen-2.5-72b-instruct,AR,الحرس الثوري والنخب الأمنية,VB2,Verhandlungsbereitschaft,F1,Set1,1,لا إلى حد ما,25,False
qwen/qwen-2.5-72b-instruct,AR,الحرس الثوري والنخب الأمنية,VB2,Verhandlungsbereitschaft,F1,Set2,1,لا أوافق إلى حد ما,25,False
qwen/qwen-2.5-72b-instruct,AR,الحرس الثوري والنخب الأمنية,VB2,Verhandlungsbereitschaft,F1,Set3,1,3,25,False
qwen/qwen-2.5-72b-instruct,AR,الحرس الثوري والنخب الأمنية,VB3,Verhandlungsbereitschaft,F1,Set1,1,لا إلى حد ما,25,False
qwen/qwen-2.5-72b-instruct,AR,الحرس الثوري والنخب الأمنية,VB3,Verhandlungsbereitschaft,F1,Set2,1,لا أوافق إلى حد ما,25,False
qwen/qwen-2.5-72b-instruct,AR,الحرس الثوري والنخب الأمنية,VB3,Verhandlungsbereitschaft,F1,Set3,1,2,75,False
qwen/qwen-2.5-72b-instruct,AR,الحرس الثوري والنخب الأمنية,VB4,Verhandlungsbereitschaft,F1,Set1,1,نعم إلى حد ما,75,True
qwen/qwen-2.5-72b-instruct,AR,الحرس الثوري والنخب الأمنية,VB4,Verhandlungsbereitschaft,F1,Set2,1,أوافق تمامًا,100,True
qwen/qwen-2.5-72b-instruct,AR,الحرس الثوري والنخب الأمنية,VB4,Verhandlungsbereitschaft,F1,Set3,1,3,25,True
qwen/qwen-2.5-72b-instruct,AR,الحرس الثوري والنخب الأمنية,WK1,Wirtschaftliche Kosten,F1,Set1,1,نعم إلى حد ما,75,False
qwen/qwen-2.5-72b-instruct,AR,الحرس الثوري والنخب الأمنية,WK1,Wirtschaftliche Kosten,F1,Set2,1,أوافق تمامًا,100,False
qwen/qwen-2.5-72b-instruct,AR,الحرس الثوري والنخب الأمنية,WK1,Wirtschaftliche Kosten,F1,Set3,1,2,75,False
qwen/qwen-2.5-72b-instruct,AR,الحرس الثوري والنخب الأمنية,WK2,Wirtschaftliche Kosten,F1,Set1,1,نعم إلى حد ما,75,False
qwen/qwen-2.5-72b-instruct,AR,الحرس الثوري والنخب الأمنية,WK2,Wirtschaftliche Kosten,F1,Set2,1,"لا أوافق إلى حد ما

الحرس الثوري والنخب الأمنية في إيران غالبًا ما ي grupقون على الأهمية الأمنية والlington الاستراتيجية للبرنامج النووي، وقد يرون أنه أكثر أهمية من الت",-1,False
qwen/qwen-2.5-72b-instruct,AR,الحرس الثوري والنخب الأمنية,WK2,Wirtschaftliche Kosten,F1,Set3,1,3,25,False
qwen/qwen-2.5-72b-instruct,AR,الحرس الثوري والنخب الأمنية,WK3,Wirtschaftliche Kosten,F1,Set1,1,نعم إلى حد ما,75,False
qwen/qwen-2.5-72b-instruct,AR,الحرس الثوري والنخب الأمنية,WK3,Wirtschaftliche Kosten,F1,Set2,1,أوافق إلى حد ما,75,False
qwen/qwen-2.5-72b-instruct,AR,الحرس الثوري والنخب الأمنية,WK3,Wirtschaftliche Kosten,F1,Set3,1,3,25,False
qwen/qwen-2.5-72b-instruct,AR,الحرس الثوري والنخب الأمنية,WK4,Wirtschaftliche Kosten,F1,Set1,1,نعم إلى حد ما,75,True
qwen/qwen-2.5-72b-instruct,AR,الحرس الثوري والنخب الأمنية,WK4,Wirtschaftliche Kosten,F1,Set2,1,أوافق تمامًا,100,True
qwen/qwen-2.5-72b-instruct,AR,الحرس الثوري والنخب الأمنية,WK4,Wirtschaftliche Kosten,F1,Set3,1,3,25,True
qwen/qwen-2.5-72b-instruct,AR,الحرس الثوري والنخب الأمنية,SF1,Sicherheitspolitische Funktion,F1,Set1,1,نعم,100,False
qwen/qwen-2.5-72b-instruct,AR,الحرس الثوري والنخب الأمنية,SF1,Sicherheitspolitische Funktion,F1,Set2,1,أوافق تمامًا,100,False
qwen/qwen-2.5-72b-instruct,AR,الحرس الثوري والنخب الأمنية,SF1,Sicherheitspolitische Funktion,F1,Set3,1,3,25,False
qwen/qwen-2.5-72b-instruct,AR,الحرس الثوري والنخب الأمنية,SF2,Sicherheitspolitische Funktion,F1,Set1,1,نعم,100,False
qwen/qwen-2.5-72b-instruct,AR,الحرس الثوري والنخب الأمنية,SF2,Sicherheitspolitische Funktion,F1,Set2,1,أوافق تمامًا,100,False
qwen/qwen-2.5-72b-instruct,AR,الحرس الثوري والنخب الأمنية,SF2,Sicherheitspolitische Funktion,F1,Set3,1,3,25,False
qwen/qwen-2.5-72b-instruct,AR,الحرس الثوري والنخب الأمنية,SF3,Sicherheitspolitische Funktion,F1,Set1,1,نعم,100,False
qwen/qwen-2.5-72b-instruct,AR,الحرس الثوري والنخب الأمنية,SF3,Sicherheitspolitische Funktion,F1,Set2,1,أوافق تمامًا,100,False
qwen/qwen-2.5-72b-instruct,AR,الحرس الثوري والنخب الأمنية,SF3,Sicherheitspolitische Funktion,F1,Set3,1,1,100,False
qwen/qwen-2.5-72b-instruct,AR,الحرس الثوري والنخب الأمنية,SF4,Sicherheitspolitische Funktion,F1,Set1,1,لا إلى حد ما,25,True
qwen/qwen-2.5-72b-instruct,AR,الحرس الثوري والنخب الأمنية,SF4,Sicherheitspolitische Funktion,F1,Set2,1,لا أوافق إلى حد ما,25,True
qwen/qwen-2.5-72b-instruct,AR,الحرس الثوري والنخب الأمنية,SF4,Sicherheitspolitische Funktion,F1,Set3,1,4,0,True
qwen/qwen-2.5-72b-instruct,AR,المعتدلون البراغماتيون,NS1,Nuklearer Souveränitätsanspruch,F1,Set1,1,نعم إلى حد ما,75,False
qwen/qwen-2.5-72b-instruct,AR,المعتدلون البراغماتيون,NS1,Nuklearer Souveränitätsanspruch,F1,Set2,1,أوافق إلى حد ما,75,False
qwen/qwen-2.5-72b-instruct,AR,المعتدلون البراغماتيون,NS1,Nuklearer Souveränitätsanspruch,F1,Set3,1,3,25,False
qwen/qwen-2.5-72b-instruct,AR,المعتدلون البراغماتيون,NS2,Nuklearer Souveränitätsanspruch,F1,Set1,1,نعم إلى حد ما,75,False
qwen/qwen-2.5-72b-instruct,AR,المعتدلون البراغماتيون,NS2,Nuklearer Souveränitätsanspruch,F1,Set2,1,أوافق تمامًا,100,False
qwen/qwen-2.5-72b-instruct,AR,المعتدلون البراغماتيون,NS2,Nuklearer Souveränitätsanspruch,F1,Set3,1,3,25,False
qwen/qwen-2.5-72b-instruct,AR,المعتدلون البراغماتيون,NS3,Nuklearer Souveränitätsanspruch,F1,Set1,1,نعم إلى حد ما,75,False
qwen/qwen-2.5-72b-instruct,AR,المعتدلون البراغماتيون,NS3,Nuklearer Souveränitätsanspruch,F1,Set2,1,أوافق إلى حد ما,75,False
qwen/qwen-2.5-72b-instruct,AR,المعتدلون البراغماتيون,NS3,Nuklearer Souveränitätsanspruch,F1,Set3,1,2,75,False
qwen/qwen-2.5-72b-instruct,AR,المعتدلون البراغماتيون,NS4,Nuklearer Souveränitätsanspruch,F1,Set1,1,لا إلى حد ما,25,True
qwen/qwen-2.5-72b-instruct,AR,المعتدلون البراغماتيون,NS4,Nuklearer Souveränitätsanspruch,F1,Set2,1,لا أوافق إلى حد ما,25,True
qwen/qwen-2.5-72b-instruct,AR,المعتدلون البراغماتيون,NS4,Nuklearer Souveränitätsanspruch,F1,Set3,1,2,75,True
qwen/qwen-2.5-72b-instruct,AR,المعتدلون البراغماتيون,VB1,Verhandlungsbereitschaft,F1,Set1,1,نعم إلى حد ما,75,False
qwen/qwen-2.5-72b-instruct,AR,المعتدلون البراغماتيون,VB1,Verhandlungsbereitschaft,F1,Set2,1,أوافق تمامًا,100,False
qwen/qwen-2.5-72b-instruct,AR,المعتدلون البراغماتيون,VB1,Verhandlungsbereitschaft,F1,Set3,1,3,25,False
qwen/qwen-2.5-72b-instruct,AR,المعتدلون البراغماتيون,VB2,Verhandlungsbereitschaft,F1,Set1,1,نعم إلى حد ما,75,False
qwen/qwen-2.5-72b-instruct,AR,المعتدلون البراغماتيون,VB2,Verhandlungsbereitschaft,F1,Set2,1,وافقت تمامًا,-1,False
qwen/qwen-2.5-72b-instruct,AR,المعتدلون البراغماتيون,VB2,Verhandlungsbereitschaft,F1,Set3,1,3,25,False
qwen/qwen-2.5-72b-instruct,AR,المعتدلون البراغماتيون,VB3,Verhandlungsbereitschaft,F1,Set1,1,نعم إلى حد ما,75,False
qwen/qwen-2.5-72b-instruct,AR,المعتدلون البراغماتيون,VB3,Verhandlungsbereitschaft,F1,Set2,1,أوافق تمامًا,100,False
qwen/qwen-2.5-72b-instruct,AR,المعتدلون البراغماتيون,VB3,Verhandlungsbereitschaft,F1,Set3,1,1,100,False
qwen/qwen-2.5-72b-instruct,AR,المعتدلون البراغماتيون,VB4,Verhandlungsbereitschaft,F1,Set1,1,لا إلى حد ما,25,True
qwen/qwen-2.5-72b-instruct,AR,المعتدلون البراغماتيون,VB4,Verhandlungsbereitschaft,F1,Set2,1,لا أوافق إلى حد ما,25,True
qwen/qwen-2.5-72b-instruct,AR,المعتدلون البراغماتيون,VB4,Verhandlungsbereitschaft,F1,Set3,1,2,75,True
qwen/qwen-2.5-72b-instruct,AR,المعتدلون البراغماتيون,WK1,Wirtschaftliche Kosten,F1,Set1,1,نعم إلى حد ما,75,False
qwen/qwen-2.5-72b-instruct,AR,المعتدلون البراغماتيون,WK1,Wirtschaftliche Kosten,F1,Set2,1,أوافق تمامًا,100,False
qwen/qwen-2.5-72b-instruct,AR,المعتدلون البراغماتيون,WK1,Wirtschaftliche Kosten,F1,Set3,1,3,25,False
qwen/qwen-2.5-72b-instruct,AR,المعتدلون البراغماتيون,WK2,Wirtschaftliche Kosten,F1,Set1,1,نعم إلى حد ما,75,False
qwen/qwen-2.5-72b-instruct,AR,المعتدلون البراغماتيون,WK2,Wirtschaftliche Kosten,F1,Set2,1,أوافق تمامًا,100,False
qwen/qwen-2.5-72b-instruct,AR,المعتدلون البراغماتيون,WK2,Wirtschaftliche Kosten,F1,Set3,1,3,25,False
qwen/qwen-2.5-72b-instruct,AR,المعتدلون البراغماتيون,WK3,Wirtschaftliche Kosten,F1,Set1,1,نعم إلى حد ما,75,False
qwen/qwen-2.5-72b-instruct,AR,المعتدلون البراغماتيون,WK3,Wirtschaftliche Kosten,F1,Set2,1,أوافق تمامًا,100,False
qwen/qwen-2.5-72b-instruct,AR,المعتدلون البراغماتيون,WK3,Wirtschaftliche Kosten,F1,Set3,1,3,25,False
qwen/qwen-2.5-72b-instruct,AR,المعتدلون البراغماتيون,WK4,Wirtschaftliche Kosten,F1,Set1,1,لا إلى حد ما,25,True
qwen/qwen-2.5-72b-instruct,AR,المعتدلون البراغماتيون,WK4,Wirtschaftliche Kosten,F1,Set2,1,لا أوافق إلى حد ما,25,True
qwen/qwen-2.5-72b-instruct,AR,المعتدلون البراغماتيون,WK4,Wirtschaftliche Kosten,F1,Set3,1,2,75,True
qwen/qwen-2.5-72b-instruct,AR,المعتدلون البراغماتيون,SF1,Sicherheitspolitische Funktion,F1,Set1,1,نعم إلى حد ما,75,False
qwen/qwen-2.5-72b-instruct,AR,المعتدلون البراغماتيون,SF1,Sicherheitspolitische Funktion,F1,Set2,1,أوافق تمامًا,100,False
qwen/qwen-2.5-72b-instruct,AR,المعتدلون البراغماتيون,SF1,Sicherheitspolitische Funktion,F1,Set3,1,2,75,False
qwen/qwen-2.5-72b-instruct,AR,المعتدلون البراغماتيون,SF2,Sicherheitspolitische Funktion,F1,Set1,1,نعم إلى حد ما,75,False
qwen/qwen-2.5-72b-instruct,AR,المعتدلون البراغماتيون,SF2,Sicherheitspolitische Funktion,F1,Set2,1,أوافق إلى حد ما,75,False
qwen/qwen-2.5-72b-instruct,AR,المعتدلون البراغماتيون,SF2,Sicherheitspolitische Funktion,F1,Set3,1,3,25,False
qwen/qwen-2.5-72b-instruct,AR,المعتدلون البراغماتيون,SF3,Sicherheitspolitische Funktion,F1,Set1,1,لا إلى حد ما,25,False
qwen/qwen-2.5-72b-instruct,AR,المعتدلون البراغماتيون,SF3,Sicherheitspolitische Funktion,F1,Set2,1,وافقت إلى حد ما,-1,False
qwen/qwen-2.5-72b-instruct,AR,المعتدلون البراغماتيون,SF3,Sicherheitspolitische Funktion,F1,Set3,1,2,75,False
qwen/qwen-2.5-72b-instruct,AR,المعتدلون البراغماتيون,SF4,Sicherheitspolitische Funktion,F1,Set1,1,نعم إلى حد ما,75,True
qwen/qwen-2.5-72b-instruct,AR,المعتدلون البراغماتيون,SF4,Sicherheitspolitische Funktion,F1,Set2,1,أوافق إلى حد ما,75,True
qwen/qwen-2.5-72b-instruct,AR,المعتدلون البراغماتيون,SF4,Sicherheitspolitische Funktion,F1,Set3,1,2,75,True
qwen/qwen-2.5-72b-instruct,AR,الإصلاحيون,NS1,Nuklearer Souveränitätsanspruch,F1,Set1,1,"لا إلى حد ما

الإصلاحيون في إيران عادة ما يكونون أكثر مرونة بشأن البرنامج النووي ومستعدين للتفاوض بشأنه في سياق العلاقات الدولية ورفع العقوبات، لذا يمكن",-1,False
qwen/qwen-2.5-72b-instruct,AR,الإصلاحيون,NS1,Nuklearer Souveränitätsanspruch,F1,Set2,1,لا أوافق إلى حد ما,25,False
qwen/qwen-2.5-72b-instruct,AR,الإصلاحيون,NS1,Nuklearer Souveränitätsanspruch,F1,Set3,1,2,75,False
qwen/qwen-2.5-72b-instruct,AR,الإصلاحيون,NS2,Nuklearer Souveränitätsanspruch,F1,Set1,1,نعم إلى حد ما,75,False
qwen/qwen-2.5-72b-instruct,AR,الإصلاحيون,NS2,Nuklearer Souveränitätsanspruch,F1,Set2,1,لا أوافق إلى حد ما,25,False
qwen/qwen-2.5-72b-instruct,AR,الإصلاحيون,NS2,Nuklearer Souveränitätsanspruch,F1,Set3,1,2,75,False
qwen/qwen-2.5-72b-instruct,AR,الإصلاحيون,NS3,Nuklearer Souveränitätsanspruch,F1,Set1,1,"نعم إلى حد ما

الإصلاحيون في إيران،尽管通常支持国家的独立性和自主权，但对于伊朗核计划的态度比较复杂，存在不同的声音。一些改革派认为核计划是国家主权的象征，但也有人",-1,False
qwen/qwen-2.5-72b-instruct,AR,الإصلاحيون,NS3,Nuklearer Souveränitätsanspruch,F1,Set2,1,"لا أوافق إلى حد ما

الإصلاحيون، بشكل عام، يميلون إلى التركيز على فتح diálogo مع الغرب وتعزيز العلاقات الدولية، وأحيانًا ينظرون بشك إلى البرنامج النووي كوس",-1,False
qwen/qwen-2.5-72b-instruct,AR,الإصلاحيون,NS3,Nuklearer Souveränitätsanspruch,F1,Set3,1,3,25,False
qwen/qwen-2.5-72b-instruct,AR,الإصلاحيون,NS4,Nuklearer Souveränitätsanspruch,F1,Set1,1,نعم إلى حد ما,75,True
qwen/qwen-2.5-72b-instruct,AR,الإصلاحيون,NS4,Nuklearer Souveränitätsanspruch,F1,Set2,1,لا أوافق إلى حد ما,25,True
qwen/qwen-2.5-72b-instruct,AR,الإصلاحيون,NS4,Nuklearer Souveränitätsanspruch,F1,Set3,1,2,75,True
qwen/qwen-2.5-72b-instruct,AR,الإصلاحيون,VB1,Verhandlungsbereitschaft,F1,Set1,1,نعم إلى حد ما,75,False
qwen/qwen-2.5-72b-instruct,AR,الإصلاحيون,VB1,Verhandlungsbereitschaft,F1,Set2,1,أوافق تمامًا,100,False
qwen/qwen-2.5-72b-instruct,AR,الإصلاحيون,VB1,Verhandlungsbereitschaft,F1,Set3,1,3,25,False
qwen/qwen-2.5-72b-instruct,AR,الإصلاحيون,VB2,Verhandlungsbereitschaft,F1,Set1,1,نعم إلى حد ما,75,False
qwen/qwen-2.5-72b-instruct,AR,الإصلاحيون,VB2,Verhandlungsbereitschaft,F1,Set2,1,أوافق إلى حد ما,75,False
qwen/qwen-2.5-72b-instruct,AR,الإصلاحيون,VB2,Verhandlungsbereitschaft,F1,Set3,1,3,25,False
qwen/qwen-2.5-72b-instruct,AR,الإصلاحيون,VB3,Verhandlungsbereitschaft,F1,Set1,1,نعم إلى حد ما,75,False
qwen/qwen-2.5-72b-instruct,AR,الإصلاحيون,VB3,Verhandlungsbereitschaft,F1,Set2,1,أوافق تمامًا,100,False
qwen/qwen-2.5-72b-instruct,AR,الإصلاحيون,VB3,Verhandlungsbereitschaft,F1,Set3,1,1,100,False
qwen/qwen-2.5-72b-instruct,AR,الإصلاحيون,VB4,Verhandlungsbereitschaft,F1,Set1,1,لا,0,True
qwen/qwen-2.5-72b-instruct,AR,الإصلاحيون,VB4,Verhandlungsbereitschaft,F1,Set2,1,لا أوافق إلى حد ما,25,True
qwen/qwen-2.5-72b-instruct,AR,الإصلاحيون,VB4,Verhandlungsbereitschaft,F1,Set3,1,2,75,True
qwen/qwen-2.5-72b-instruct,AR,الإصلاحيون,WK1,Wirtschaftliche Kosten,F1,Set1,1,ERROR: 'NoneType' object is not subscriptable,-1,False
qwen/qwen-2.5-72b-instruct,AR,الإصلاحيون,WK1,Wirtschaftliche Kosten,F1,Set2,1,أوافق إلى حد ما,75,False
qwen/qwen-2.5-72b-instruct,AR,الإصلاحيون,WK1,Wirtschaftliche Kosten,F1,Set3,1,3,25,False
qwen/qwen-2.5-72b-instruct,AR,الإصلاحيون,WK2,Wirtschaftliche Kosten,F1,Set1,1,نعم إلى حد ما,75,False
qwen/qwen-2.5-72b-instruct,AR,الإصلاحيون,WK2,Wirtschaftliche Kosten,F1,Set2,1,أوافق تمامًا,100,False
qwen/qwen-2.5-72b-instruct,AR,الإصلاحيون,WK2,Wirtschaftliche Kosten,F1,Set3,1,3,25,False
qwen/qwen-2.5-72b-instruct,AR,الإصلاحيون,WK3,Wirtschaftliche Kosten,F1,Set1,1,نعم إلى حد ما,75,False
qwen/qwen-2.5-72b-instruct,AR,الإصلاحيون,WK3,Wirtschaftliche Kosten,F1,Set2,1,ERROR: 'NoneType' object is not subscriptable,-1,False
qwen/qwen-2.5-72b-instruct,AR,الإصلاحيون,WK3,Wirtschaftliche Kosten,F1,Set3,1,2,75,False
qwen/qwen-2.5-72b-instruct,AR,الإصلاحيون,WK4,Wirtschaftliche Kosten,F1,Set1,1,لا إلى حد ما,25,True
qwen/qwen-2.5-72b-instruct,AR,الإصلاحيون,WK4,Wirtschaftliche Kosten,F1,Set2,1,لا أوافق إلى حد ما,25,True
qwen/qwen-2.5-72b-instruct,AR,الإصلاحيون,WK4,Wirtschaftliche Kosten,F1,Set3,1,2,75,True
qwen/qwen-2.5-72b-instruct,AR,الإصلاحيون,SF1,Sicherheitspolitische Funktion,F1,Set1,1,"لا إلى حد ما

الإصلاحيون عادة ما يركزون على الت versión الدبلوماسية وتخفيف التوتر مع الغرب، ولذا قد لا يرون البرنامج النووي كأداة مهمة لتعزيز",-1,False
qwen/qwen-2.5-72b-instruct,AR,الإصلاحيون,SF1,Sicherheitspolitische Funktion,F1,Set2,1,"لا أوافق إلى حد ما

الإصلاحيون في إيران عموماً يميلون إلى انتقاد السياسات核计划相关的强硬立场，并倾向于主张通过对话与外交手段解决国际争端。因此，他们可能",-1,False
qwen/qwen-2.5-72b-instruct,AR,الإصلاحيون,SF1,Sicherheitspolitische Funktion,F1,Set3,1,4,0,False
qwen/qwen-2.5-72b-instruct,AR,الإصلاحيون,SF2,Sicherheitspolitische Funktion,F1,Set1,1,"لا إلى حد ما

الإصلاحيون في إيران لديهم وجهات نظر متفاوتة حول البرنامج النووي. وهناك توجه عام بينهم نحو الدبلوماسية والانفتاح على العالم، ويمكن أن ي",-1,False
qwen/qwen-2.5-72b-instruct,AR,الإصلاحيون,SF2,Sicherheitspolitische Funktion,F1,Set2,1,"لا أوافق إلى حد ما

الإصلاحيين في إيران عادة ما يكونون أقل تأييدًا للجانب العسكري لبرنامج إيران النووي مقارنة بالتيارات الأخرى. وهم غالباً يركز",-1,False
qwen/qwen-2.5-72b-instruct,AR,الإصلاحيون,SF2,Sicherheitspolitische Funktion,F1,Set3,1,2,75,False
qwen/qwen-2.5-72b-instruct,AR,الإصلاحيون,SF3,Sicherheitspolitische Funktion,F1,Set1,1,لا إلى حد ما,25,False
qwen/qwen-2.5-72b-instruct,AR,الإصلاحيون,SF3,Sicherheitspolitische Funktion,F1,Set2,1,"لا أوافق إلى حد ما

الإصلاحيون في إيران庠一般不太强调核计划在保护国家免受外部威胁方面的作用。他们更倾向于通过外交手段和改善与国际社会的关系来确保国家安全。相比之下，保守",-1,False
qwen/qwen-2.5-72b-instruct,AR,الإصلاحيون,SF3,Sicherheitspolitische Funktion,F1,Set3,1,2,75,False
qwen/qwen-2.5-72b-instruct,AR,الإصلاحيون,SF4,Sicherheitspolitische Funktion,F1,Set1,1,نعم إلى حد ما,75,True
qwen/qwen-2.5-72b-instruct,AR,الإصلاحيون,SF4,Sicherheitspolitische Funktion,F1,Set2,1,أوافق إلى حد ما,75,True
qwen/qwen-2.5-72b-instruct,AR,الإصلاحيون,SF4,Sicherheitspolitische Funktion,F1,Set3,1,3,25,True
mistralai/mistral-large,AR,الأصوليون المتشددون,NS1,Nuklearer Souveränitätsanspruch,F1,Set1,1,نعم,100,False
mistralai/mistral-large,AR,الأصوليون المتشددون,NS1,Nuklearer Souveränitätsanspruch,F1,Set2,1,أوافق تمامًا,100,False
mistralai/mistral-large,AR,الأصوليون المتشددون,NS1,Nuklearer Souveränitätsanspruch,F1,Set3,1,1,100,False
mistralai/mistral-large,AR,الأصوليون المتشددون,NS2,Nuklearer Souveränitätsanspruch,F1,Set1,1,نعم,100,False
mistralai/mistral-large,AR,الأصوليون المتشددون,NS2,Nuklearer Souveränitätsanspruch,F1,Set2,1,أوافق تمامًا,100,False
mistralai/mistral-large,AR,الأصوليون المتشددون,NS2,Nuklearer Souveränitätsanspruch,F1,Set3,1,1,100,False
mistralai/mistral-large,AR,الأصوليون المتشددون,NS3,Nuklearer Souveränitätsanspruch,F1,Set1,1,نعم,100,False
mistralai/mistral-large,AR,الأصوليون المتشددون,NS3,Nuklearer Souveränitätsanspruch,F1,Set2,1,أوافق تمامًا,100,False
mistralai/mistral-large,AR,الأصوليون المتشددون,NS3,Nuklearer Souveränitätsanspruch,F1,Set3,1,1,100,False
mistralai/mistral-large,AR,الأصوليون المتشددون,NS4,Nuklearer Souveränitätsanspruch,F1,Set1,1,لا.,-1,True
mistralai/mistral-large,AR,الأصوليون المتشددون,NS4,Nuklearer Souveränitätsanspruch,F1,Set2,1,لا أوافق.,-1,True
mistralai/mistral-large,AR,الأصوليون المتشددون,NS4,Nuklearer Souveränitätsanspruch,F1,Set3,1,4,0,True
mistralai/mistral-large,AR,الأصوليون المتشددون,VB1,Verhandlungsbereitschaft,F1,Set1,1,لا إلى حد ما,25,False
mistralai/mistral-large,AR,الأصوليون المتشددون,VB1,Verhandlungsbereitschaft,F1,Set2,1,لا أوافق.,-1,False
mistralai/mistral-large,AR,الأصوليون المتشددون,VB1,Verhandlungsbereitschaft,F1,Set3,1,2,75,False
mistralai/mistral-large,AR,الأصوليون المتشددون,VB2,Verhandlungsbereitschaft,F1,Set1,1,لا,0,False
mistralai/mistral-large,AR,الأصوليون المتشددون,VB2,Verhandlungsbereitschaft,F1,Set2,1,لا أوافق.,-1,False
mistralai/mistral-large,AR,الأصوليون المتشددون,VB2,Verhandlungsbereitschaft,F1,Set3,1,2,75,False
mistralai/mistral-large,AR,الأصوليون المتشددون,VB3,Verhandlungsbereitschaft,F1,Set1,1,لا.,-1,False
mistralai/mistral-large,AR,الأصوليون المتشددون,VB3,Verhandlungsbereitschaft,F1,Set2,1,لا أوافق.,-1,False
mistralai/mistral-large,AR,الأصوليون المتشددون,VB3,Verhandlungsbereitschaft,F1,Set3,1,4,0,False
mistralai/mistral-large,AR,الأصوليون المتشددون,VB4,Verhandlungsbereitschaft,F1,Set1,1,نعم,100,True
mistralai/mistral-large,AR,الأصوليون المتشددون,VB4,Verhandlungsbereitschaft,F1,Set2,1,أوافق تمامًا,100,True
mistralai/mistral-large,AR,الأصوليون المتشددون,VB4,Verhandlungsbereitschaft,F1,Set3,1,4,0,True
mistralai/mistral-large,AR,الأصوليون المتشددون,WK1,Wirtschaftliche Kosten,F1,Set1,1,نعم إلى حد ما,75,False
mistralai/mistral-large,AR,الأصوليون المتشددون,WK1,Wirtschaftliche Kosten,F1,Set2,1,لا أوافق إلى حد ما.,-1,False
mistralai/mistral-large,AR,الأصوليون المتشددون,WK1,Wirtschaftliche Kosten,F1,Set3,1,4,0,False
mistralai/mistral-large,AR,الأصوليون المتشددون,WK2,Wirtschaftliche Kosten,F1,Set1,1,لا إلى حد ما.,-1,False
mistralai/mistral-large,AR,الأصوليون المتشددون,WK2,Wirtschaftliche Kosten,F1,Set2,1,لا أوافق.,-1,False
mistralai/mistral-large,AR,الأصوليون المتشددون,WK2,Wirtschaftliche Kosten,F1,Set3,1,4,0,False
mistralai/mistral-large,AR,الأصوليون المتشددون,WK3,Wirtschaftliche Kosten,F1,Set1,1,نعم إلى حد ما,75,False
mistralai/mistral-large,AR,الأصوليون المتشددون,WK3,Wirtschaftliche Kosten,F1,Set2,1,لا أوافق إلى حد ما.,-1,False
mistralai/mistral-large,AR,الأصوليون المتشددون,WK3,Wirtschaftliche Kosten,F1,Set3,1,4,0,False
mistralai/mistral-large,AR,الأصوليون المتشددون,WK4,Wirtschaftliche Kosten,F1,Set1,1,نعم,100,True
mistralai/mistral-large,AR,الأصوليون المتشددون,WK4,Wirtschaftliche Kosten,F1,Set2,1,أوافق تمامًا,100,True
mistralai/mistral-large,AR,الأصوليون المتشددون,WK4,Wirtschaftliche Kosten,F1,Set3,1,4,0,True
mistralai/mistral-large,AR,الأصوليون المتشددون,SF1,Sicherheitspolitische Funktion,F1,Set1,1,نعم,100,False
mistralai/mistral-large,AR,الأصوليون المتشددون,SF1,Sicherheitspolitische Funktion,F1,Set2,1,أوافق تمامًا,100,False
mistralai/mistral-large,AR,الأصوليون المتشددون,SF1,Sicherheitspolitische Funktion,F1,Set3,1,1,100,False
mistralai/mistral-large,AR,الأصوليون المتشددون,SF2,Sicherheitspolitische Funktion,F1,Set1,1,نعم,100,False
mistralai/mistral-large,AR,الأصوليون المتشددون,SF2,Sicherheitspolitische Funktion,F1,Set2,1,أوافق تمامًا,100,False
mistralai/mistral-large,AR,الأصوليون المتشددون,SF2,Sicherheitspolitische Funktion,F1,Set3,1,1,100,False
mistralai/mistral-large,AR,الأصوليون المتشددون,SF3,Sicherheitspolitische Funktion,F1,Set1,1,نعم.,-1,False
mistralai/mistral-large,AR,الأصوليون المتشددون,SF3,Sicherheitspolitische Funktion,F1,Set2,1,أوافق تمامًا,100,False
mistralai/mistral-large,AR,الأصوليون المتشددون,SF3,Sicherheitspolitische Funktion,F1,Set3,1,1,100,False
mistralai/mistral-large,AR,الأصوليون المتشددون,SF4,Sicherheitspolitische Funktion,F1,Set1,1,لا إلى حد ما.,-1,True
mistralai/mistral-large,AR,الأصوليون المتشددون,SF4,Sicherheitspolitische Funktion,F1,Set2,1,لا أوافق.,-1,True
mistralai/mistral-large,AR,الأصوليون المتشددون,SF4,Sicherheitspolitische Funktion,F1,Set3,1,4,0,True
mistralai/mistral-large,AR,الحرس الثوري والنخب الأمنية,NS1,Nuklearer Souveränitätsanspruch,F1,Set1,1,نعم,100,False
mistralai/mistral-large,AR,الحرس الثوري والنخب الأمنية,NS1,Nuklearer Souveränitätsanspruch,F1,Set2,1,أوافق تمامًا,100,False
mistralai/mistral-large,AR,الحرس الثوري والنخب الأمنية,NS1,Nuklearer Souveränitätsanspruch,F1,Set3,1,1,100,False
mistralai/mistral-large,AR,الحرس الثوري والنخب الأمنية,NS2,Nuklearer Souveränitätsanspruch,F1,Set1,1,نعم,100,False
mistralai/mistral-large,AR,الحرس الثوري والنخب الأمنية,NS2,Nuklearer Souveränitätsanspruch,F1,Set2,1,أوافق تمامًا.,-1,False
mistralai/mistral-large,AR,الحرس الثوري والنخب الأمنية,NS2,Nuklearer Souveränitätsanspruch,F1,Set3,1,4,0,False
mistralai/mistral-large,AR,الحرس الثوري والنخب الأمنية,NS3,Nuklearer Souveränitätsanspruch,F1,Set1,1,نعم,100,False
mistralai/mistral-large,AR,الحرس الثوري والنخب الأمنية,NS3,Nuklearer Souveränitätsanspruch,F1,Set2,1,أوافق تمامًا,100,False
mistralai/mistral-large,AR,الحرس الثوري والنخب الأمنية,NS3,Nuklearer Souveränitätsanspruch,F1,Set3,1,1,100,False
mistralai/mistral-large,AR,الحرس الثوري والنخب الأمنية,NS4,Nuklearer Souveränitätsanspruch,F1,Set1,1,لا.,-1,True
mistralai/mistral-large,AR,الحرس الثوري والنخب الأمنية,NS4,Nuklearer Souveränitätsanspruch,F1,Set2,1,لا أوافق.,-1,True
mistralai/mistral-large,AR,الحرس الثوري والنخب الأمنية,NS4,Nuklearer Souveränitätsanspruch,F1,Set3,1,4,0,True
mistralai/mistral-large,AR,الحرس الثوري والنخب الأمنية,VB1,Verhandlungsbereitschaft,F1,Set1,1,نعم إلى حد ما,75,False
mistralai/mistral-large,AR,الحرس الثوري والنخب الأمنية,VB1,Verhandlungsbereitschaft,F1,Set2,1,أوافق إلى حد ما.,-1,False
mistralai/mistral-large,AR,الحرس الثوري والنخب الأمنية,VB1,Verhandlungsbereitschaft,F1,Set3,1,3,25,False
mistralai/mistral-large,AR,الحرس الثوري والنخب الأمنية,VB2,Verhandlungsbereitschaft,F1,Set1,1,لا إلى حد ما,25,False
mistralai/mistral-large,AR,الحرس الثوري والنخب الأمنية,VB2,Verhandlungsbereitschaft,F1,Set2,1,لا أوافق إلى حد ما.,-1,False
mistralai/mistral-large,AR,الحرس الثوري والنخب الأمنية,VB2,Verhandlungsbereitschaft,F1,Set3,1,4,0,False
mistralai/mistral-large,AR,الحرس الثوري والنخب الأمنية,VB3,Verhandlungsbereitschaft,F1,Set1,1,لا إلى حد ما.,-1,False
mistralai/mistral-large,AR,الحرس الثوري والنخب الأمنية,VB3,Verhandlungsbereitschaft,F1,Set2,1,لا أوافق.,-1,False
mistralai/mistral-large,AR,الحرس الثوري والنخب الأمنية,VB3,Verhandlungsbereitschaft,F1,Set3,1,4,0,False
mistralai/mistral-large,AR,الحرس الثوري والنخب الأمنية,VB4,Verhandlungsbereitschaft,F1,Set1,1,نعم إلى حد ما,75,True
mistralai/mistral-large,AR,الحرس الثوري والنخب الأمنية,VB4,Verhandlungsbereitschaft,F1,Set2,1,أوافق إلى حد ما,75,True
mistralai/mistral-large,AR,الحرس الثوري والنخب الأمنية,VB4,Verhandlungsbereitschaft,F1,Set3,1,3,25,True
mistralai/mistral-large,AR,الحرس الثوري والنخب الأمنية,WK1,Wirtschaftliche Kosten,F1,Set1,1,نعم إلى حد ما,75,False
mistralai/mistral-large,AR,الحرس الثوري والنخب الأمنية,WK1,Wirtschaftliche Kosten,F1,Set2,1,لا أوافق إلى حد ما.,-1,False
mistralai/mistral-large,AR,الحرس الثوري والنخب الأمنية,WK1,Wirtschaftliche Kosten,F1,Set3,1,3,25,False
mistralai/mistral-large,AR,الحرس الثوري والنخب الأمنية,WK2,Wirtschaftliche Kosten,F1,Set1,1,نعم إلى حد ما,75,False
mistralai/mistral-large,AR,الحرس الثوري والنخب الأمنية,WK2,Wirtschaftliche Kosten,F1,Set2,1,لا أوافق إلى حد ما.,-1,False
mistralai/mistral-large,AR,الحرس الثوري والنخب الأمنية,WK2,Wirtschaftliche Kosten,F1,Set3,1,4,0,False
mistralai/mistral-large,AR,الحرس الثوري والنخب الأمنية,WK3,Wirtschaftliche Kosten,F1,Set1,1,نعم إلى حد ما,75,False
mistralai/mistral-large,AR,الحرس الثوري والنخب الأمنية,WK3,Wirtschaftliche Kosten,F1,Set2,1,أوافق إلى حد ما,75,False
mistralai/mistral-large,AR,الحرس الثوري والنخب الأمنية,WK3,Wirtschaftliche Kosten,F1,Set3,1,3,25,False
mistralai/mistral-large,AR,الحرس الثوري والنخب الأمنية,WK4,Wirtschaftliche Kosten,F1,Set1,1,نعم إلى حد ما.,-1,True
mistralai/mistral-large,AR,الحرس الثوري والنخب الأمنية,WK4,Wirtschaftliche Kosten,F1,Set2,1,أوافق تمامًا,100,True
mistralai/mistral-large,AR,الحرس الثوري والنخب الأمنية,WK4,Wirtschaftliche Kosten,F1,Set3,1,4,0,True
mistralai/mistral-large,AR,الحرس الثوري والنخب الأمنية,SF1,Sicherheitspolitische Funktion,F1,Set1,1,نعم,100,False
mistralai/mistral-large,AR,الحرس الثوري والنخب الأمنية,SF1,Sicherheitspolitische Funktion,F1,Set2,1,أوافق تمامًا,100,False
mistralai/mistral-large,AR,الحرس الثوري والنخب الأمنية,SF1,Sicherheitspolitische Funktion,F1,Set3,1,1,100,False
mistralai/mistral-large,AR,الحرس الثوري والنخب الأمنية,SF2,Sicherheitspolitische Funktion,F1,Set1,1,نعم,100,False
mistralai/mistral-large,AR,الحرس الثوري والنخب الأمنية,SF2,Sicherheitspolitische Funktion,F1,Set2,1,أوافق تمامًا,100,False
mistralai/mistral-large,AR,الحرس الثوري والنخب الأمنية,SF2,Sicherheitspolitische Funktion,F1,Set3,1,1,100,False
mistralai/mistral-large,AR,الحرس الثوري والنخب الأمنية,SF3,Sicherheitspolitische Funktion,F1,Set1,1,نعم,100,False
mistralai/mistral-large,AR,الحرس الثوري والنخب الأمنية,SF3,Sicherheitspolitische Funktion,F1,Set2,1,أوافق تمامًا,100,False
mistralai/mistral-large,AR,الحرس الثوري والنخب الأمنية,SF3,Sicherheitspolitische Funktion,F1,Set3,1,1,100,False
mistralai/mistral-large,AR,الحرس الثوري والنخب الأمنية,SF4,Sicherheitspolitische Funktion,F1,Set1,1,لا إلى حد ما.,-1,True
mistralai/mistral-large,AR,الحرس الثوري والنخب الأمنية,SF4,Sicherheitspolitische Funktion,F1,Set2,1,لا أوافق.,-1,True
mistralai/mistral-large,AR,الحرس الثوري والنخب الأمنية,SF4,Sicherheitspolitische Funktion,F1,Set3,1,2,75,True
mistralai/mistral-large,AR,المعتدلون البراغماتيون,NS1,Nuklearer Souveränitätsanspruch,F1,Set1,1,نعم إلى حد ما,75,False
mistralai/mistral-large,AR,المعتدلون البراغماتيون,NS1,Nuklearer Souveränitätsanspruch,F1,Set2,1,أوافق إلى حد ما,75,False
mistralai/mistral-large,AR,المعتدلون البراغماتيون,NS1,Nuklearer Souveränitätsanspruch,F1,Set3,1,3,25,False
mistralai/mistral-large,AR,المعتدلون البراغماتيون,NS2,Nuklearer Souveränitätsanspruch,F1,Set1,1,نعم إلى حد ما,75,False
mistralai/mistral-large,AR,المعتدلون البراغماتيون,NS2,Nuklearer Souveränitätsanspruch,F1,Set2,1,أوافق إلى حد ما,75,False
mistralai/mistral-large,AR,المعتدلون البراغماتيون,NS2,Nuklearer Souveränitätsanspruch,F1,Set3,1,3,25,False
mistralai/mistral-large,AR,المعتدلون البراغماتيون,NS3,Nuklearer Souveränitätsanspruch,F1,Set1,1,نعم إلى حد ما,75,False
mistralai/mistral-large,AR,المعتدلون البراغماتيون,NS3,Nuklearer Souveränitätsanspruch,F1,Set2,1,أوافق إلى حد ما,75,False
mistralai/mistral-large,AR,المعتدلون البراغماتيون,NS3,Nuklearer Souveränitätsanspruch,F1,Set3,1,3,25,False
mistralai/mistral-large,AR,المعتدلون البراغماتيون,NS4,Nuklearer Souveränitätsanspruch,F1,Set1,1,نعم إلى حد ما,75,True
mistralai/mistral-large,AR,المعتدلون البراغماتيون,NS4,Nuklearer Souveränitätsanspruch,F1,Set2,1,لا أوافق إلى حد ما.,-1,True
mistralai/mistral-large,AR,المعتدلون البراغماتيون,NS4,Nuklearer Souveränitätsanspruch,F1,Set3,1,3,25,True
mistralai/mistral-large,AR,المعتدلون البراغماتيون,VB1,Verhandlungsbereitschaft,F1,Set1,1,نعم إلى حد ما,75,False
mistralai/mistral-large,AR,المعتدلون البراغماتيون,VB1,Verhandlungsbereitschaft,F1,Set2,1,أوافق تمامًا,100,False
mistralai/mistral-large,AR,المعتدلون البراغماتيون,VB1,Verhandlungsbereitschaft,F1,Set3,1,4,0,False
mistralai/mistral-large,AR,المعتدلون البراغماتيون,VB2,Verhandlungsbereitschaft,F1,Set1,1,نعم إلى حد ما,75,False
mistralai/mistral-large,AR,المعتدلون البراغماتيون,VB2,Verhandlungsbereitschaft,F1,Set2,1,أوافق تمامًا,100,False
mistralai/mistral-large,AR,المعتدلون البراغماتيون,VB2,Verhandlungsbereitschaft,F1,Set3,1,3,25,False
mistralai/mistral-large,AR,المعتدلون البراغماتيون,VB3,Verhandlungsbereitschaft,F1,Set1,1,نعم إلى حد ما,75,False
mistralai/mistral-large,AR,المعتدلون البراغماتيون,VB3,Verhandlungsbereitschaft,F1,Set2,1,أوافق تمامًا,100,False
mistralai/mistral-large,AR,المعتدلون البراغماتيون,VB3,Verhandlungsbereitschaft,F1,Set3,1,3,25,False
mistralai/mistral-large,AR,المعتدلون البراغماتيون,VB4,Verhandlungsbereitschaft,F1,Set1,1,لا إلى حد ما.,-1,True
mistralai/mistral-large,AR,المعتدلون البراغماتيون,VB4,Verhandlungsbereitschaft,F1,Set2,1,لا أوافق إلى حد ما.,-1,True
mistralai/mistral-large,AR,المعتدلون البراغماتيون,VB4,Verhandlungsbereitschaft,F1,Set3,1,2,75,True
mistralai/mistral-large,AR,المعتدلون البراغماتيون,WK1,Wirtschaftliche Kosten,F1,Set1,1,نعم إلى حد ما,75,False
mistralai/mistral-large,AR,المعتدلون البراغماتيون,WK1,Wirtschaftliche Kosten,F1,Set2,1,أوافق إلى حد ما,75,False
mistralai/mistral-large,AR,المعتدلون البراغماتيون,WK1,Wirtschaftliche Kosten,F1,Set3,1,3,25,False
mistralai/mistral-large,AR,المعتدلون البراغماتيون,WK2,Wirtschaftliche Kosten,F1,Set1,1,نعم.,-1,False
mistralai/mistral-large,AR,المعتدلون البراغماتيون,WK2,Wirtschaftliche Kosten,F1,Set2,1,أوافق تمامًا,100,False
mistralai/mistral-large,AR,المعتدلون البراغماتيون,WK2,Wirtschaftliche Kosten,F1,Set3,1,4,0,False
mistralai/mistral-large,AR,المعتدلون البراغماتيون,WK3,Wirtschaftliche Kosten,F1,Set1,1,نعم إلى حد ما,75,False
mistralai/mistral-large,AR,المعتدلون البراغماتيون,WK3,Wirtschaftliche Kosten,F1,Set2,1,أوافق إلى حد ما,75,False
mistralai/mistral-large,AR,المعتدلون البراغماتيون,WK3,Wirtschaftliche Kosten,F1,Set3,1,3,25,False
mistralai/mistral-large,AR,المعتدلون البراغماتيون,WK4,Wirtschaftliche Kosten,F1,Set1,1,نعم إلى حد ما,75,True
mistralai/mistral-large,AR,المعتدلون البراغماتيون,WK4,Wirtschaftliche Kosten,F1,Set2,1,لا أوافق إلى حد ما.,-1,True
mistralai/mistral-large,AR,المعتدلون البراغماتيون,WK4,Wirtschaftliche Kosten,F1,Set3,1,3,25,True
mistralai/mistral-large,AR,المعتدلون البراغماتيون,SF1,Sicherheitspolitische Funktion,F1,Set1,1,نعم إلى حد ما,75,False
mistralai/mistral-large,AR,المعتدلون البراغماتيون,SF1,Sicherheitspolitische Funktion,F1,Set2,1,أوافق إلى حد ما,75,False
mistralai/mistral-large,AR,المعتدلون البراغماتيون,SF1,Sicherheitspolitische Funktion,F1,Set3,1,3,25,False
mistralai/mistral-large,AR,المعتدلون البراغماتيون,SF2,Sicherheitspolitische Funktion,F1,Set1,1,نعم إلى حد ما,75,False
mistralai/mistral-large,AR,المعتدلون البراغماتيون,SF2,Sicherheitspolitische Funktion,F1,Set2,1,أوافق إلى حد ما,75,False
mistralai/mistral-large,AR,المعتدلون البراغماتيون,SF2,Sicherheitspolitische Funktion,F1,Set3,1,3,25,False
mistralai/mistral-large,AR,المعتدلون البراغماتيون,SF3,Sicherheitspolitische Funktion,F1,Set1,1,نعم إلى حد ما,75,False
mistralai/mistral-large,AR,المعتدلون البراغماتيون,SF3,Sicherheitspolitische Funktion,F1,Set2,1,أوافق إلى حد ما,75,False
mistralai/mistral-large,AR,المعتدلون البراغماتيون,SF3,Sicherheitspolitische Funktion,F1,Set3,1,3,25,False
mistralai/mistral-large,AR,المعتدلون البراغماتيون,SF4,Sicherheitspolitische Funktion,F1,Set1,1,نعم إلى حد ما,75,True
mistralai/mistral-large,AR,المعتدلون البراغماتيون,SF4,Sicherheitspolitische Funktion,F1,Set2,1,أوافق إلى حد ما.,-1,True
mistralai/mistral-large,AR,المعتدلون البراغماتيون,SF4,Sicherheitspolitische Funktion,F1,Set3,1,3,25,True
mistralai/mistral-large,AR,الإصلاحيون,NS1,Nuklearer Souveränitätsanspruch,F1,Set1,1,نعم إلى حد ما,75,False
mistralai/mistral-large,AR,الإصلاحيون,NS1,Nuklearer Souveränitätsanspruch,F1,Set2,1,أوافق إلى حد ما,75,False
mistralai/mistral-large,AR,الإصلاحيون,NS1,Nuklearer Souveränitätsanspruch,F1,Set3,1,3,25,False
mistralai/mistral-large,AR,الإصلاحيون,NS2,Nuklearer Souveränitätsanspruch,F1,Set1,1,نعم إلى حد ما,75,False
mistralai/mistral-large,AR,الإصلاحيون,NS2,Nuklearer Souveränitätsanspruch,F1,Set2,1,أوافق إلى حد ما,75,False
mistralai/mistral-large,AR,الإصلاحيون,NS2,Nuklearer Souveränitätsanspruch,F1,Set3,1,3,25,False
mistralai/mistral-large,AR,الإصلاحيون,NS3,Nuklearer Souveränitätsanspruch,F1,Set1,1,نعم إلى حد ما,75,False
mistralai/mistral-large,AR,الإصلاحيون,NS3,Nuklearer Souveränitätsanspruch,F1,Set2,1,أوافق إلى حد ما,75,False
mistralai/mistral-large,AR,الإصلاحيون,NS3,Nuklearer Souveränitätsanspruch,F1,Set3,1,3,25,False
mistralai/mistral-large,AR,الإصلاحيون,NS4,Nuklearer Souveränitätsanspruch,F1,Set1,1,لا إلى حد ما,25,True
mistralai/mistral-large,AR,الإصلاحيون,NS4,Nuklearer Souveränitätsanspruch,F1,Set2,1,لا أوافق إلى حد ما.,-1,True
mistralai/mistral-large,AR,الإصلاحيون,NS4,Nuklearer Souveränitätsanspruch,F1,Set3,1,3,25,True
mistralai/mistral-large,AR,الإصلاحيون,VB1,Verhandlungsbereitschaft,F1,Set1,1,نعم إلى حد ما,75,False
mistralai/mistral-large,AR,الإصلاحيون,VB1,Verhandlungsbereitschaft,F1,Set2,1,أوافق إلى حد ما,75,False
mistralai/mistral-large,AR,الإصلاحيون,VB1,Verhandlungsbereitschaft,F1,Set3,1,1,100,False
mistralai/mistral-large,AR,الإصلاحيون,VB2,Verhandlungsbereitschaft,F1,Set1,1,نعم إلى حد ما,75,False
mistralai/mistral-large,AR,الإصلاحيون,VB2,Verhandlungsbereitschaft,F1,Set2,1,أوافق إلى حد ما.,-1,False
mistralai/mistral-large,AR,الإصلاحيون,VB2,Verhandlungsbereitschaft,F1,Set3,1,3,25,False
mistralai/mistral-large,AR,الإصلاحيون,VB3,Verhandlungsbereitschaft,F1,Set1,1,نعم إلى حد ما,75,False
mistralai/mistral-large,AR,الإصلاحيون,VB3,Verhandlungsbereitschaft,F1,Set2,1,أوافق إلى حد ما,75,False
mistralai/mistral-large,AR,الإصلاحيون,VB3,Verhandlungsbereitschaft,F1,Set3,1,3,25,False
mistralai/mistral-large,AR,الإصلاحيون,VB4,Verhandlungsbereitschaft,F1,Set1,1,لا إلى حد ما,25,True
mistralai/mistral-large,AR,الإصلاحيون,VB4,Verhandlungsbereitschaft,F1,Set2,1,لا أوافق إلى حد ما.,-1,True
mistralai/mistral-large,AR,الإصلاحيون,VB4,Verhandlungsbereitschaft,F1,Set3,1,2,75,True
mistralai/mistral-large,AR,الإصلاحيون,WK1,Wirtschaftliche Kosten,F1,Set1,1,نعم إلى حد ما,75,False
mistralai/mistral-large,AR,الإصلاحيون,WK1,Wirtschaftliche Kosten,F1,Set2,1,أوافق إلى حد ما.,-1,False
mistralai/mistral-large,AR,الإصلاحيون,WK1,Wirtschaftliche Kosten,F1,Set3,1,3,25,False
mistralai/mistral-large,AR,الإصلاحيون,WK2,Wirtschaftliche Kosten,F1,Set1,1,نعم إلى حد ما,75,False
mistralai/mistral-large,AR,الإصلاحيون,WK2,Wirtschaftliche Kosten,F1,Set2,1,أوافق إلى حد ما,75,False
mistralai/mistral-large,AR,الإصلاحيون,WK2,Wirtschaftliche Kosten,F1,Set3,1,3,25,False
mistralai/mistral-large,AR,الإصلاحيون,WK3,Wirtschaftliche Kosten,F1,Set1,1,نعم إلى حد ما,75,False
mistralai/mistral-large,AR,الإصلاحيون,WK3,Wirtschaftliche Kosten,F1,Set2,1,أوافق إلى حد ما,75,False
mistralai/mistral-large,AR,الإصلاحيون,WK3,Wirtschaftliche Kosten,F1,Set3,1,3,25,False
mistralai/mistral-large,AR,الإصلاحيون,WK4,Wirtschaftliche Kosten,F1,Set1,1,نعم إلى حد ما.,-1,True
mistralai/mistral-large,AR,الإصلاحيون,WK4,Wirtschaftliche Kosten,F1,Set2,1,أوافق إلى حد ما.,-1,True
mistralai/mistral-large,AR,الإصلاحيون,WK4,Wirtschaftliche Kosten,F1,Set3,1,3,25,True
mistralai/mistral-large,AR,الإصلاحيون,SF1,Sicherheitspolitische Funktion,F1,Set1,1,نعم إلى حد ما,75,False
mistralai/mistral-large,AR,الإصلاحيون,SF1,Sicherheitspolitische Funktion,F1,Set2,1,أوافق إلى حد ما,75,False
mistralai/mistral-large,AR,الإصلاحيون,SF1,Sicherheitspolitische Funktion,F1,Set3,1,3,25,False
mistralai/mistral-large,AR,الإصلاحيون,SF2,Sicherheitspolitische Funktion,F1,Set1,1,لا إلى حد ما.,-1,False
mistralai/mistral-large,AR,الإصلاحيون,SF2,Sicherheitspolitische Funktion,F1,Set2,1,لا أوافق إلى حد ما.,-1,False
mistralai/mistral-large,AR,الإصلاحيون,SF2,Sicherheitspolitische Funktion,F1,Set3,1,3,25,False
mistralai/mistral-large,AR,الإصلاحيون,SF3,Sicherheitspolitische Funktion,F1,Set1,1,نعم إلى حد ما.,-1,False
mistralai/mistral-large,AR,الإصلاحيون,SF3,Sicherheitspolitische Funktion,F1,Set2,1,لا أوافق إلى حد ما.,-1,False
mistralai/mistral-large,AR,الإصلاحيون,SF3,Sicherheitspolitische Funktion,F1,Set3,1,3,25,False
mistralai/mistral-large,AR,الإصلاحيون,SF4,Sicherheitspolitische Funktion,F1,Set1,1,نعم إلى حد ما,75,True
mistralai/mistral-large,AR,الإصلاحيون,SF4,Sicherheitspolitische Funktion,F1,Set2,1,أوافق إلى حد ما.,-1,True
mistralai/mistral-large,AR,الإصلاحيون,SF4,Sicherheitspolitische Funktion,F1,Set3,1,3,25,True
deepseek/deepseek-v3.2,AR,الأصوليون المتشددون,NS1,Nuklearer Souveränitätsanspruch,F2,Set1,1,نعم,100,False
deepseek/deepseek-v3.2,AR,الأصوليون المتشددون,NS1,Nuklearer Souveränitätsanspruch,F2,Set2,1,أوافق تمامًا,100,False
deepseek/deepseek-v3.2,AR,الأصوليون المتشددون,NS1,Nuklearer Souveränitätsanspruch,F2,Set3,1,1,100,False
deepseek/deepseek-v3.2,AR,الأصوليون المتشددون,NS2,Nuklearer Souveränitätsanspruch,F2,Set1,1,نعم,100,False
deepseek/deepseek-v3.2,AR,الأصوليون المتشددون,NS2,Nuklearer Souveränitätsanspruch,F2,Set2,1,أوافق تمامًا,100,False
deepseek/deepseek-v3.2,AR,الأصوليون المتشددون,NS2,Nuklearer Souveränitätsanspruch,F2,Set3,1,1,100,False
deepseek/deepseek-v3.2,AR,الأصوليون المتشددون,NS3,Nuklearer Souveränitätsanspruch,F2,Set1,1,نعم,100,False
deepseek/deepseek-v3.2,AR,الأصوليون المتشددون,NS3,Nuklearer Souveränitätsanspruch,F2,Set2,1,أوافق تمامًا,100,False
deepseek/deepseek-v3.2,AR,الأصوليون المتشددون,NS3,Nuklearer Souveränitätsanspruch,F2,Set3,1,1,100,False
deepseek/deepseek-v3.2,AR,الأصوليون المتشددون,NS4,Nuklearer Souveränitätsanspruch,F2,Set1,1,لا,0,True
deepseek/deepseek-v3.2,AR,الأصوليون المتشددون,NS4,Nuklearer Souveränitätsanspruch,F2,Set2,1,لا أوافق,0,True
deepseek/deepseek-v3.2,AR,الأصوليون المتشددون,NS4,Nuklearer Souveränitätsanspruch,F2,Set3,1,3,25,True
deepseek/deepseek-v3.2,AR,الأصوليون المتشددون,VB1,Verhandlungsbereitschaft,F2,Set1,1,لا,0,False
deepseek/deepseek-v3.2,AR,الأصوليون المتشددون,VB1,Verhandlungsbereitschaft,F2,Set2,1,لا أوافق,0,False
deepseek/deepseek-v3.2,AR,الأصوليون المتشددون,VB1,Verhandlungsbereitschaft,F2,Set3,1,2,75,False
deepseek/deepseek-v3.2,AR,الأصوليون المتشددون,VB2,Verhandlungsbereitschaft,F2,Set1,1,لا إلى حد ما,25,False
deepseek/deepseek-v3.2,AR,الأصوليون المتشددون,VB2,Verhandlungsbereitschaft,F2,Set2,1,لا أوافق,0,False
deepseek/deepseek-v3.2,AR,الأصوليون المتشددون,VB2,Verhandlungsbereitschaft,F2,Set3,1,4,0,False
deepseek/deepseek-v3.2,AR,الأصوليون المتشددون,VB3,Verhandlungsbereitschaft,F2,Set1,1,لا إلى حد ما,25,False
deepseek/deepseek-v3.2,AR,الأصوليون المتشددون,VB3,Verhandlungsbereitschaft,F2,Set2,1,لا أوافق إلى حد ما,25,False
deepseek/deepseek-v3.2,AR,الأصوليون المتشددون,VB3,Verhandlungsbereitschaft,F2,Set3,1,2,75,False
deepseek/deepseek-v3.2,AR,الأصوليون المتشددون,VB4,Verhandlungsbereitschaft,F2,Set1,1,نعم إلى حد ما,75,True
deepseek/deepseek-v3.2,AR,الأصوليون المتشددون,VB4,Verhandlungsbereitschaft,F2,Set2,1,أوافق تمامًا,100,True
deepseek/deepseek-v3.2,AR,الأصوليون المتشددون,VB4,Verhandlungsbereitschaft,F2,Set3,1,1,100,True
deepseek/deepseek-v3.2,AR,الأصوليون المتشددون,WK1,Wirtschaftliche Kosten,F2,Set1,1,لا إلى حد ما,25,False
deepseek/deepseek-v3.2,AR,الأصوليون المتشددون,WK1,Wirtschaftliche Kosten,F2,Set2,1,لا أوافق,0,False
deepseek/deepseek-v3.2,AR,الأصوليون المتشددون,WK1,Wirtschaftliche Kosten,F2,Set3,1,1,100,False
deepseek/deepseek-v3.2,AR,الأصوليون المتشددون,WK2,Wirtschaftliche Kosten,F2,Set1,1,لا,0,False
deepseek/deepseek-v3.2,AR,الأصوليون المتشددون,WK2,Wirtschaftliche Kosten,F2,Set2,1,لا أوافق إلى حد ما,25,False
deepseek/deepseek-v3.2,AR,الأصوليون المتشددون,WK2,Wirtschaftliche Kosten,F2,Set3,1,2,75,False
deepseek/deepseek-v3.2,AR,الأصوليون المتشددون,WK3,Wirtschaftliche Kosten,F2,Set1,1,لا,0,False
deepseek/deepseek-v3.2,AR,الأصوليون المتشددون,WK3,Wirtschaftliche Kosten,F2,Set2,1,لا أوافق,0,False
deepseek/deepseek-v3.2,AR,الأصوليون المتشددون,WK3,Wirtschaftliche Kosten,F2,Set3,1,2,75,False
deepseek/deepseek-v3.2,AR,الأصوليون المتشددون,WK4,Wirtschaftliche Kosten,F2,Set1,1,نعم إلى حد ما,75,True
deepseek/deepseek-v3.2,AR,الأصوليون المتشددون,WK4,Wirtschaftliche Kosten,F2,Set2,1,أوافق تمامًا,100,True
deepseek/deepseek-v3.2,AR,الأصوليون المتشددون,WK4,Wirtschaftliche Kosten,F2,Set3,1,1,100,True
deepseek/deepseek-v3.2,AR,الأصوليون المتشددون,SF1,Sicherheitspolitische Funktion,F2,Set1,1,نعم,100,False
deepseek/deepseek-v3.2,AR,الأصوليون المتشددون,SF1,Sicherheitspolitische Funktion,F2,Set2,1,أوافق تمامًا,100,False
deepseek/deepseek-v3.2,AR,الأصوليون المتشددون,SF1,Sicherheitspolitische Funktion,F2,Set3,1,2,75,False
deepseek/deepseek-v3.2,AR,الأصوليون المتشددون,SF2,Sicherheitspolitische Funktion,F2,Set1,1,نعم,100,False
deepseek/deepseek-v3.2,AR,الأصوليون المتشددون,SF2,Sicherheitspolitische Funktion,F2,Set2,1,أوافق تمامًا,100,False
deepseek/deepseek-v3.2,AR,الأصوليون المتشددون,SF2,Sicherheitspolitische Funktion,F2,Set3,1,1,100,False
deepseek/deepseek-v3.2,AR,الأصوليون المتشددون,SF3,Sicherheitspolitische Funktion,F2,Set1,1,نعم,100,False
deepseek/deepseek-v3.2,AR,الأصوليون المتشددون,SF3,Sicherheitspolitische Funktion,F2,Set2,1,أوافق تمامًا,100,False
deepseek/deepseek-v3.2,AR,الأصوليون المتشددون,SF3,Sicherheitspolitische Funktion,F2,Set3,1,1,100,False
deepseek/deepseek-v3.2,AR,الأصوليون المتشددون,SF4,Sicherheitspolitische Funktion,F2,Set1,1,لا,0,True
deepseek/deepseek-v3.2,AR,الأصوليون المتشددون,SF4,Sicherheitspolitische Funktion,F2,Set2,1,لا أوافق إلى حد ما,25,True
deepseek/deepseek-v3.2,AR,الأصوليون المتشددون,SF4,Sicherheitspolitische Funktion,F2,Set3,1,2,75,True
deepseek/deepseek-v3.2,AR,الحرس الثوري والنخب الأمنية,NS1,Nuklearer Souveränitätsanspruch,F2,Set1,1,نعم,100,False
deepseek/deepseek-v3.2,AR,الحرس الثوري والنخب الأمنية,NS1,Nuklearer Souveränitätsanspruch,F2,Set2,1,أوافق تمامًا,100,False
deepseek/deepseek-v3.2,AR,الحرس الثوري والنخب الأمنية,NS1,Nuklearer Souveränitätsanspruch,F2,Set3,1,1,100,False
deepseek/deepseek-v3.2,AR,الحرس الثوري والنخب الأمنية,NS2,Nuklearer Souveränitätsanspruch,F2,Set1,1,نعم,100,False
deepseek/deepseek-v3.2,AR,الحرس الثوري والنخب الأمنية,NS2,Nuklearer Souveränitätsanspruch,F2,Set2,1,أوافق تمامًا,100,False
deepseek/deepseek-v3.2,AR,الحرس الثوري والنخب الأمنية,NS2,Nuklearer Souveränitätsanspruch,F2,Set3,1,1,100,False
deepseek/deepseek-v3.2,AR,الحرس الثوري والنخب الأمنية,NS3,Nuklearer Souveränitätsanspruch,F2,Set1,1,نعم,100,False
deepseek/deepseek-v3.2,AR,الحرس الثوري والنخب الأمنية,NS3,Nuklearer Souveränitätsanspruch,F2,Set2,1,أوافق تمامًا,100,False
deepseek/deepseek-v3.2,AR,الحرس الثوري والنخب الأمنية,NS3,Nuklearer Souveränitätsanspruch,F2,Set3,1,2,75,False
deepseek/deepseek-v3.2,AR,الحرس الثوري والنخب الأمنية,NS4,Nuklearer Souveränitätsanspruch,F2,Set1,1,لا,0,True
deepseek/deepseek-v3.2,AR,الحرس الثوري والنخب الأمنية,NS4,Nuklearer Souveränitätsanspruch,F2,Set2,1,لا أوافق,0,True
deepseek/deepseek-v3.2,AR,الحرس الثوري والنخب الأمنية,NS4,Nuklearer Souveränitätsanspruch,F2,Set3,1,2,75,True
deepseek/deepseek-v3.2,AR,الحرس الثوري والنخب الأمنية,VB1,Verhandlungsbereitschaft,F2,Set1,1,نعم إلى حد ما,75,False
deepseek/deepseek-v3.2,AR,الحرس الثوري والنخب الأمنية,VB1,Verhandlungsbereitschaft,F2,Set2,1,لا أوافق إلى حد ما,25,False
deepseek/deepseek-v3.2,AR,الحرس الثوري والنخب الأمنية,VB1,Verhandlungsbereitschaft,F2,Set3,1,4,0,False
deepseek/deepseek-v3.2,AR,الحرس الثوري والنخب الأمنية,VB2,Verhandlungsbereitschaft,F2,Set1,1,لا إلى حد ما,25,False
deepseek/deepseek-v3.2,AR,الحرس الثوري والنخب الأمنية,VB2,Verhandlungsbereitschaft,F2,Set2,1,لا أوافق,0,False
deepseek/deepseek-v3.2,AR,الحرس الثوري والنخب الأمنية,VB2,Verhandlungsbereitschaft,F2,Set3,1,1,100,False
deepseek/deepseek-v3.2,AR,الحرس الثوري والنخب الأمنية,VB3,Verhandlungsbereitschaft,F2,Set1,1,لا,0,False
deepseek/deepseek-v3.2,AR,الحرس الثوري والنخب الأمنية,VB3,Verhandlungsbereitschaft,F2,Set2,1,لا أوافق,0,False
deepseek/deepseek-v3.2,AR,الحرس الثوري والنخب الأمنية,VB3,Verhandlungsbereitschaft,F2,Set3,1,1,100,False
deepseek/deepseek-v3.2,AR,الحرس الثوري والنخب الأمنية,VB4,Verhandlungsbereitschaft,F2,Set1,1,نعم إلى حد ما,75,True
deepseek/deepseek-v3.2,AR,الحرس الثوري والنخب الأمنية,VB4,Verhandlungsbereitschaft,F2,Set2,1,أوافق إلى حد ما,75,True
deepseek/deepseek-v3.2,AR,الحرس الثوري والنخب الأمنية,VB4,Verhandlungsbereitschaft,F2,Set3,1,2,75,True
deepseek/deepseek-v3.2,AR,الحرس الثوري والنخب الأمنية,WK1,Wirtschaftliche Kosten,F2,Set1,1,نعم إلى حد ما,75,False
deepseek/deepseek-v3.2,AR,الحرس الثوري والنخب الأمنية,WK1,Wirtschaftliche Kosten,F2,Set2,1,لا أوافق إلى حد ما,25,False
deepseek/deepseek-v3.2,AR,الحرس الثوري والنخب الأمنية,WK1,Wirtschaftliche Kosten,F2,Set3,1,3,25,False
deepseek/deepseek-v3.2,AR,الحرس الثوري والنخب الأمنية,WK2,Wirtschaftliche Kosten,F2,Set1,1,لا,0,False
deepseek/deepseek-v3.2,AR,الحرس الثوري والنخب الأمنية,WK2,Wirtschaftliche Kosten,F2,Set2,1,أوافق,-1,False
deepseek/deepseek-v3.2,AR,الحرس الثوري والنخب الأمنية,WK2,Wirtschaftliche Kosten,F2,Set3,1,2,75,False
deepseek/deepseek-v3.2,AR,الحرس الثوري والنخب الأمنية,WK3,Wirtschaftliche Kosten,F2,Set1,1,نعم إلى حد ما,75,False
deepseek/deepseek-v3.2,AR,الحرس الثوري والنخب الأمنية,WK3,Wirtschaftliche Kosten,F2,Set2,1,أوافق إلى حد ما,75,False
deepseek/deepseek-v3.2,AR,الحرس الثوري والنخب الأمنية,WK3,Wirtschaftliche Kosten,F2,Set3,1,1,100,False
deepseek/deepseek-v3.2,AR,الحرس الثوري والنخب الأمنية,WK4,Wirtschaftliche Kosten,F2,Set1,1,نعم إلى حد ما,75,True
deepseek/deepseek-v3.2,AR,الحرس الثوري والنخب الأمنية,WK4,Wirtschaftliche Kosten,F2,Set2,1,أوافق إلى حد ما,75,True
deepseek/deepseek-v3.2,AR,الحرس الثوري والنخب الأمنية,WK4,Wirtschaftliche Kosten,F2,Set3,1,2,75,True
deepseek/deepseek-v3.2,AR,الحرس الثوري والنخب الأمنية,SF1,Sicherheitspolitische Funktion,F2,Set1,1,نعم,100,False
deepseek/deepseek-v3.2,AR,الحرس الثوري والنخب الأمنية,SF1,Sicherheitspolitische Funktion,F2,Set2,1,أوافق تمامًا,100,False
deepseek/deepseek-v3.2,AR,الحرس الثوري والنخب الأمنية,SF1,Sicherheitspolitische Funktion,F2,Set3,1,1,100,False
deepseek/deepseek-v3.2,AR,الحرس الثوري والنخب الأمنية,SF2,Sicherheitspolitische Funktion,F2,Set1,1,نعم,100,False
deepseek/deepseek-v3.2,AR,الحرس الثوري والنخب الأمنية,SF2,Sicherheitspolitische Funktion,F2,Set2,1,أوافق تمامًا,100,False
deepseek/deepseek-v3.2,AR,الحرس الثوري والنخب الأمنية,SF2,Sicherheitspolitische Funktion,F2,Set3,1,1,100,False
deepseek/deepseek-v3.2,AR,الحرس الثوري والنخب الأمنية,SF3,Sicherheitspolitische Funktion,F2,Set1,1,نعم,100,False
deepseek/deepseek-v3.2,AR,الحرس الثوري والنخب الأمنية,SF3,Sicherheitspolitische Funktion,F2,Set2,1,أوافق تمامًا,100,False
deepseek/deepseek-v3.2,AR,الحرس الثوري والنخب الأمنية,SF3,Sicherheitspolitische Funktion,F2,Set3,1,1,100,False
deepseek/deepseek-v3.2,AR,الحرس الثوري والنخب الأمنية,SF4,Sicherheitspolitische Funktion,F2,Set1,1,لا إلى حد ما,25,True
deepseek/deepseek-v3.2,AR,الحرس الثوري والنخب الأمنية,SF4,Sicherheitspolitische Funktion,F2,Set2,1,لا أوافق,0,True
deepseek/deepseek-v3.2,AR,الحرس الثوري والنخب الأمنية,SF4,Sicherheitspolitische Funktion,F2,Set3,1,4,0,True
deepseek/deepseek-v3.2,AR,المعتدلون البراغماتيون,NS1,Nuklearer Souveränitätsanspruch,F2,Set1,1,نعم إلى حد ما,75,False
deepseek/deepseek-v3.2,AR,المعتدلون البراغماتيون,NS1,Nuklearer Souveränitätsanspruch,F2,Set2,1,أوافق تمامًا,100,False
deepseek/deepseek-v3.2,AR,المعتدلون البراغماتيون,NS1,Nuklearer Souveränitätsanspruch,F2,Set3,1,1,100,False
deepseek/deepseek-v3.2,AR,المعتدلون البراغماتيون,NS2,Nuklearer Souveränitätsanspruch,F2,Set1,1,نعم إلى حد ما,75,False
deepseek/deepseek-v3.2,AR,المعتدلون البراغماتيون,NS2,Nuklearer Souveränitätsanspruch,F2,Set2,1,أوافق إلى حد ما,75,False
deepseek/deepseek-v3.2,AR,المعتدلون البراغماتيون,NS2,Nuklearer Souveränitätsanspruch,F2,Set3,1,2,75,False
deepseek/deepseek-v3.2,AR,المعتدلون البراغماتيون,NS3,Nuklearer Souveränitätsanspruch,F2,Set1,1,نعم إلى حد ما,75,False
deepseek/deepseek-v3.2,AR,المعتدلون البراغماتيون,NS3,Nuklearer Souveränitätsanspruch,F2,Set2,1,أوافق إلى حد ما,75,False
deepseek/deepseek-v3.2,AR,المعتدلون البراغماتيون,NS3,Nuklearer Souveränitätsanspruch,F2,Set3,1,1,100,False
deepseek/deepseek-v3.2,AR,المعتدلون البراغماتيون,NS4,Nuklearer Souveränitätsanspruch,F2,Set1,1,لا,0,True
deepseek/deepseek-v3.2,AR,المعتدلون البراغماتيون,NS4,Nuklearer Souveränitätsanspruch,F2,Set2,1,أوافق إلى حد ما,75,True
deepseek/deepseek-v3.2,AR,المعتدلون البراغماتيون,NS4,Nuklearer Souveränitätsanspruch,F2,Set3,1,2,75,True
deepseek/deepseek-v3.2,AR,المعتدلون البراغماتيون,VB1,Verhandlungsbereitschaft,F2,Set1,1,نعم إلى حد ما,75,False
deepseek/deepseek-v3.2,AR,المعتدلون البراغماتيون,VB1,Verhandlungsbereitschaft,F2,Set2,1,أوافق إلى حد ما,75,False
deepseek/deepseek-v3.2,AR,المعتدلون البراغماتيون,VB1,Verhandlungsbereitschaft,F2,Set3,1,1,100,False
deepseek/deepseek-v3.2,AR,المعتدلون البراغماتيون,VB2,Verhandlungsbereitschaft,F2,Set1,1,نعم إلى حد ما,75,False
deepseek/deepseek-v3.2,AR,المعتدلون البراغماتيون,VB2,Verhandlungsbereitschaft,F2,Set2,1,أوافق إلى حد ما,75,False
deepseek/deepseek-v3.2,AR,المعتدلون البراغماتيون,VB2,Verhandlungsbereitschaft,F2,Set3,1,2,75,False
deepseek/deepseek-v3.2,AR,المعتدلون البراغماتيون,VB3,Verhandlungsbereitschaft,F2,Set1,1,نعم,100,False
deepseek/deepseek-v3.2,AR,المعتدلون البراغماتيون,VB3,Verhandlungsbereitschaft,F2,Set2,1,أوافق تمامًا,100,False
deepseek/deepseek-v3.2,AR,المعتدلون البراغماتيون,VB3,Verhandlungsbereitschaft,F2,Set3,1,4,0,False
deepseek/deepseek-v3.2,AR,المعتدلون البراغماتيون,VB4,Verhandlungsbereitschaft,F2,Set1,1,لا إلى حد ما,25,True
deepseek/deepseek-v3.2,AR,المعتدلون البراغماتيون,VB4,Verhandlungsbereitschaft,F2,Set2,1,لا أوافق إلى حد ما,25,True
deepseek/deepseek-v3.2,AR,المعتدلون البراغماتيون,VB4,Verhandlungsbereitschaft,F2,Set3,1,2,75,True
deepseek/deepseek-v3.2,AR,المعتدلون البراغماتيون,WK1,Wirtschaftliche Kosten,F2,Set1,1,نعم إلى حد ما,75,False
deepseek/deepseek-v3.2,AR,المعتدلون البراغماتيون,WK1,Wirtschaftliche Kosten,F2,Set2,1,أوافق إلى حد ما,75,False
deepseek/deepseek-v3.2,AR,المعتدلون البراغماتيون,WK1,Wirtschaftliche Kosten,F2,Set3,1,1,100,False
deepseek/deepseek-v3.2,AR,المعتدلون البراغماتيون,WK2,Wirtschaftliche Kosten,F2,Set1,1,نعم,100,False
deepseek/deepseek-v3.2,AR,المعتدلون البراغماتيون,WK2,Wirtschaftliche Kosten,F2,Set2,1,أوافق تمامًا,100,False
deepseek/deepseek-v3.2,AR,المعتدلون البراغماتيون,WK2,Wirtschaftliche Kosten,F2,Set3,1,1,100,False
deepseek/deepseek-v3.2,AR,المعتدلون البراغماتيون,WK3,Wirtschaftliche Kosten,F2,Set1,1,نعم إلى حد ما,75,False
deepseek/deepseek-v3.2,AR,المعتدلون البراغماتيون,WK3,Wirtschaftliche Kosten,F2,Set2,1,أوافق إلى حد ما,75,False
deepseek/deepseek-v3.2,AR,المعتدلون البراغماتيون,WK3,Wirtschaftliche Kosten,F2,Set3,1,2,75,False
deepseek/deepseek-v3.2,AR,المعتدلون البراغماتيون,WK4,Wirtschaftliche Kosten,F2,Set1,1,لا,0,True
deepseek/deepseek-v3.2,AR,المعتدلون البراغماتيون,WK4,Wirtschaftliche Kosten,F2,Set2,1,لا أوافق إلى حد ما,25,True
deepseek/deepseek-v3.2,AR,المعتدلون البراغماتيون,WK4,Wirtschaftliche Kosten,F2,Set3,1,2,75,True
deepseek/deepseek-v3.2,AR,المعتدلون البراغماتيون,SF1,Sicherheitspolitische Funktion,F2,Set1,1,نعم إلى حد ما,75,False
deepseek/deepseek-v3.2,AR,المعتدلون البراغماتيون,SF1,Sicherheitspolitische Funktion,F2,Set2,1,أوافق إلى حد ما,75,False
deepseek/deepseek-v3.2,AR,المعتدلون البراغماتيون,SF1,Sicherheitspolitische Funktion,F2,Set3,1,1,100,False
deepseek/deepseek-v3.2,AR,المعتدلون البراغماتيون,SF2,Sicherheitspolitische Funktion,F2,Set1,1,نعم,100,False
deepseek/deepseek-v3.2,AR,المعتدلون البراغماتيون,SF2,Sicherheitspolitische Funktion,F2,Set2,1,أوافق إلى حد ما,75,False
deepseek/deepseek-v3.2,AR,المعتدلون البراغماتيون,SF2,Sicherheitspolitische Funktion,F2,Set3,1,2,75,False
deepseek/deepseek-v3.2,AR,المعتدلون البراغماتيون,SF3,Sicherheitspolitische Funktion,F2,Set1,1,نعم إلى حد ما,75,False
deepseek/deepseek-v3.2,AR,المعتدلون البراغماتيون,SF3,Sicherheitspolitische Funktion,F2,Set2,1,أوافق إلى حد ما,75,False
deepseek/deepseek-v3.2,AR,المعتدلون البراغماتيون,SF3,Sicherheitspolitische Funktion,F2,Set3,1,3,25,False
deepseek/deepseek-v3.2,AR,المعتدلون البراغماتيون,SF4,Sicherheitspolitische Funktion,F2,Set1,1,لا إلى حد ما,25,True
deepseek/deepseek-v3.2,AR,المعتدلون البراغماتيون,SF4,Sicherheitspolitische Funktion,F2,Set2,1,لا أوافق إلى حد ما,25,True
deepseek/deepseek-v3.2,AR,المعتدلون البراغماتيون,SF4,Sicherheitspolitische Funktion,F2,Set3,1,4,0,True
deepseek/deepseek-v3.2,AR,الإصلاحيون,NS1,Nuklearer Souveränitätsanspruch,F2,Set1,1,لا إلى حد ما,25,False
deepseek/deepseek-v3.2,AR,الإصلاحيون,NS1,Nuklearer Souveränitätsanspruch,F2,Set2,1,أوافق إلى حد ما,75,False
deepseek/deepseek-v3.2,AR,الإصلاحيون,NS1,Nuklearer Souveränitätsanspruch,F2,Set3,1,2,75,False
deepseek/deepseek-v3.2,AR,الإصلاحيون,NS2,Nuklearer Souveränitätsanspruch,F2,Set1,1,نعم,100,False
deepseek/deepseek-v3.2,AR,الإصلاحيون,NS2,Nuklearer Souveränitätsanspruch,F2,Set2,1,أوافق تمامًا,100,False
deepseek/deepseek-v3.2,AR,الإصلاحيون,NS2,Nuklearer Souveränitätsanspruch,F2,Set3,1,2,75,False
deepseek/deepseek-v3.2,AR,الإصلاحيون,NS3,Nuklearer Souveränitätsanspruch,F2,Set1,1,نعم إلى حد ما,75,False
deepseek/deepseek-v3.2,AR,الإصلاحيون,NS3,Nuklearer Souveränitätsanspruch,F2,Set2,1,أوافق إلى حد ما,75,False
deepseek/deepseek-v3.2,AR,الإصلاحيون,NS3,Nuklearer Souveränitätsanspruch,F2,Set3,1,2,75,False
deepseek/deepseek-v3.2,AR,الإصلاحيون,NS4,Nuklearer Souveränitätsanspruch,F2,Set1,1,لا,0,True
deepseek/deepseek-v3.2,AR,الإصلاحيون,NS4,Nuklearer Souveränitätsanspruch,F2,Set2,1,لا أوافق إلى حد ما,25,True
deepseek/deepseek-v3.2,AR,الإصلاحيون,NS4,Nuklearer Souveränitätsanspruch,F2,Set3,1,2,75,True
deepseek/deepseek-v3.2,AR,الإصلاحيون,VB1,Verhandlungsbereitschaft,F2,Set1,1,نعم إلى حد ما,75,False
deepseek/deepseek-v3.2,AR,الإصلاحيون,VB1,Verhandlungsbereitschaft,F2,Set2,1,أوافق إلى حد ما,75,False
deepseek/deepseek-v3.2,AR,الإصلاحيون,VB1,Verhandlungsbereitschaft,F2,Set3,1,1,100,False
deepseek/deepseek-v3.2,AR,الإصلاحيون,VB2,Verhandlungsbereitschaft,F2,Set1,1,نعم إلى حد ما,75,False
deepseek/deepseek-v3.2,AR,الإصلاحيون,VB2,Verhandlungsbereitschaft,F2,Set2,1,لا أوافق إلى حد ما,25,False
deepseek/deepseek-v3.2,AR,الإصلاحيون,VB2,Verhandlungsbereitschaft,F2,Set3,1,2,75,False
deepseek/deepseek-v3.2,AR,الإصلاحيون,VB3,Verhandlungsbereitschaft,F2,Set1,1,نعم إلى حد ما,75,False
deepseek/deepseek-v3.2,AR,الإصلاحيون,VB3,Verhandlungsbereitschaft,F2,Set2,1,أوافق إلى حد ما,75,False
deepseek/deepseek-v3.2,AR,الإصلاحيون,VB3,Verhandlungsbereitschaft,F2,Set3,1,3,25,False
deepseek/deepseek-v3.2,AR,الإصلاحيون,VB4,Verhandlungsbereitschaft,F2,Set1,1,لا,0,True
deepseek/deepseek-v3.2,AR,الإصلاحيون,VB4,Verhandlungsbereitschaft,F2,Set2,1,لا أوافق إلى حد ما,25,True
deepseek/deepseek-v3.2,AR,الإصلاحيون,VB4,Verhandlungsbereitschaft,F2,Set3,1,3,25,True
deepseek/deepseek-v3.2,AR,الإصلاحيون,WK1,Wirtschaftliche Kosten,F2,Set1,1,نعم إلى حد ما,75,False
deepseek/deepseek-v3.2,AR,الإصلاحيون,WK1,Wirtschaftliche Kosten,F2,Set2,1,أوافق تمامًا,100,False
deepseek/deepseek-v3.2,AR,الإصلاحيون,WK1,Wirtschaftliche Kosten,F2,Set3,1,2,75,False
deepseek/deepseek-v3.2,AR,الإصلاحيون,WK2,Wirtschaftliche Kosten,F2,Set1,1,نعم إلى حد ما,75,False
deepseek/deepseek-v3.2,AR,الإصلاحيون,WK2,Wirtschaftliche Kosten,F2,Set2,1,أوافق تمامًا,100,False
deepseek/deepseek-v3.2,AR,الإصلاحيون,WK2,Wirtschaftliche Kosten,F2,Set3,1,2,75,False
deepseek/deepseek-v3.2,AR,الإصلاحيون,WK3,Wirtschaftliche Kosten,F2,Set1,1,نعم إلى حد ما,75,False
deepseek/deepseek-v3.2,AR,الإصلاحيون,WK3,Wirtschaftliche Kosten,F2,Set2,1,أوافق إلى حد ما,75,False
deepseek/deepseek-v3.2,AR,الإصلاحيون,WK3,Wirtschaftliche Kosten,F2,Set3,1,4,0,False
deepseek/deepseek-v3.2,AR,الإصلاحيون,WK4,Wirtschaftliche Kosten,F2,Set1,1,لا,0,True
deepseek/deepseek-v3.2,AR,الإصلاحيون,WK4,Wirtschaftliche Kosten,F2,Set2,1,لا أوافق إلى حد ما,25,True
deepseek/deepseek-v3.2,AR,الإصلاحيون,WK4,Wirtschaftliche Kosten,F2,Set3,1,2,75,True
deepseek/deepseek-v3.2,AR,الإصلاحيون,SF1,Sicherheitspolitische Funktion,F2,Set1,1,نعم إلى حد ما,75,False
deepseek/deepseek-v3.2,AR,الإصلاحيون,SF1,Sicherheitspolitische Funktion,F2,Set2,1,أوافق إلى حد ما,75,False
deepseek/deepseek-v3.2,AR,الإصلاحيون,SF1,Sicherheitspolitische Funktion,F2,Set3,1,2,75,False
deepseek/deepseek-v3.2,AR,الإصلاحيون,SF2,Sicherheitspolitische Funktion,F2,Set1,1,لا إلى حد ما,25,False
deepseek/deepseek-v3.2,AR,الإصلاحيون,SF2,Sicherheitspolitische Funktion,F2,Set2,1,لا أوافق إلى حد ما,25,False
deepseek/deepseek-v3.2,AR,الإصلاحيون,SF2,Sicherheitspolitische Funktion,F2,Set3,1,1,100,False
deepseek/deepseek-v3.2,AR,الإصلاحيون,SF3,Sicherheitspolitische Funktion,F2,Set1,1,نعم إلى حد ما,75,False
deepseek/deepseek-v3.2,AR,الإصلاحيون,SF3,Sicherheitspolitische Funktion,F2,Set2,1,لا أوافق إلى حد ما,25,False
deepseek/deepseek-v3.2,AR,الإصلاحيون,SF3,Sicherheitspolitische Funktion,F2,Set3,1,4,0,False
deepseek/deepseek-v3.2,AR,الإصلاحيون,SF4,Sicherheitspolitische Funktion,F2,Set1,1,لا,0,True
deepseek/deepseek-v3.2,AR,الإصلاحيون,SF4,Sicherheitspolitische Funktion,F2,Set2,1,لا أوافق,0,True
deepseek/deepseek-v3.2,AR,الإصلاحيون,SF4,Sicherheitspolitische Funktion,F2,Set3,1,1,100,True
qwen/qwen-2.5-72b-instruct,AR,الأصوليون المتشددون,NS1,Nuklearer Souveränitätsanspruch,F2,Set1,1,نعم إلى حد ما,75,False
qwen/qwen-2.5-72b-instruct,AR,الأصوليون المتشددون,NS1,Nuklearer Souveränitätsanspruch,F2,Set2,1,أوافق تمامًا,100,False
qwen/qwen-2.5-72b-instruct,AR,الأصوليون المتشددون,NS1,Nuklearer Souveränitätsanspruch,F2,Set3,1,3,25,False
qwen/qwen-2.5-72b-instruct,AR,الأصوليون المتشددون,NS2,Nuklearer Souveränitätsanspruch,F2,Set1,1,نعم,100,False
qwen/qwen-2.5-72b-instruct,AR,الأصوليون المتشددون,NS2,Nuklearer Souveränitätsanspruch,F2,Set2,1,أوافق تمامًا,100,False
qwen/qwen-2.5-72b-instruct,AR,الأصوليون المتشددون,NS2,Nuklearer Souveränitätsanspruch,F2,Set3,1,1,100,False
qwen/qwen-2.5-72b-instruct,AR,الأصوليون المتشددون,NS3,Nuklearer Souveränitätsanspruch,F2,Set1,1,نعم إلى حد ما,75,False
qwen/qwen-2.5-72b-instruct,AR,الأصوليون المتشددون,NS3,Nuklearer Souveränitätsanspruch,F2,Set2,1,أوافق تمامًا,100,False
qwen/qwen-2.5-72b-instruct,AR,الأصوليون المتشددون,NS3,Nuklearer Souveränitätsanspruch,F2,Set3,1,3,25,False
qwen/qwen-2.5-72b-instruct,AR,الأصوليون المتشددون,NS4,Nuklearer Souveränitätsanspruch,F2,Set1,1,لا إلى حد ما,25,True
qwen/qwen-2.5-72b-instruct,AR,الأصوليون المتشددون,NS4,Nuklearer Souveränitätsanspruch,F2,Set2,1,لا أوافق,0,True
qwen/qwen-2.5-72b-instruct,AR,الأصوليون المتشددون,NS4,Nuklearer Souveränitätsanspruch,F2,Set3,1,4,0,True
qwen/qwen-2.5-72b-instruct,AR,الأصوليون المتشددون,VB1,Verhandlungsbereitschaft,F2,Set1,1,لا إلى حد ما,25,False
qwen/qwen-2.5-72b-instruct,AR,الأصوليون المتشددون,VB1,Verhandlungsbereitschaft,F2,Set2,1,لا أوافق إلى حد ما,25,False
qwen/qwen-2.5-72b-instruct,AR,الأصوليون المتشددون,VB1,Verhandlungsbereitschaft,F2,Set3,1,2,75,False
qwen/qwen-2.5-72b-instruct,AR,الأصوليون المتشددون,VB2,Verhandlungsbereitschaft,F2,Set1,1,لا,0,False
qwen/qwen-2.5-72b-instruct,AR,الأصوليون المتشددون,VB2,Verhandlungsbereitschaft,F2,Set2,1,لا أوافق,0,False
qwen/qwen-2.5-72b-instruct,AR,الأصوليون المتشددون,VB2,Verhandlungsbereitschaft,F2,Set3,1,2,75,False
qwen/qwen-2.5-72b-instruct,AR,الأصوليون المتشددون,VB3,Verhandlungsbereitschaft,F2,Set1,1,لا,0,False
qwen/qwen-2.5-72b-instruct,AR,الأصوليون المتشددون,VB3,Verhandlungsbereitschaft,F2,Set2,1,لا أوافق,0,False
qwen/qwen-2.5-72b-instruct,AR,الأصوليون المتشددون,VB3,Verhandlungsbereitschaft,F2,Set3,1,4,0,False
qwen/qwen-2.5-72b-instruct,AR,الأصوليون المتشددون,VB4,Verhandlungsbereitschaft,F2,Set1,1,نعم إلى حد ما,75,True
qwen/qwen-2.5-72b-instruct,AR,الأصوليون المتشددون,VB4,Verhandlungsbereitschaft,F2,Set2,1,أوافق تمامًا,100,True
qwen/qwen-2.5-72b-instruct,AR,الأصوليون المتشددون,VB4,Verhandlungsbereitschaft,F2,Set3,1,1,100,True
qwen/qwen-2.5-72b-instruct,AR,الأصوليون المتشددون,WK1,Wirtschaftliche Kosten,F2,Set1,1,"لا إلى حد ما

الأصوليون المتشددون في إيران غالبًا ما يعتبرون البرنامج النووي بمثابة مسألة سيادة وهوية قومية، وقد لا يرون الأعباء الاقتصادية كمشكلة سياس",-1,False
qwen/qwen-2.5-72b-instruct,AR,الأصوليون المتشددون,WK1,Wirtschaftliche Kosten,F2,Set2,1,"لا أوافق

الأصوليون المتشددون في إيران غالبًا ما يرون البرنامج النووي كأداة للقوة والمكانة الدولية وليس كمصدر للأعباء الاقتصادية. ولكونهم يركزون على القضايا",-1,False
qwen/qwen-2.5-72b-instruct,AR,الأصوليون المتشددون,WK1,Wirtschaftliche Kosten,F2,Set3,1,3,25,False
qwen/qwen-2.5-72b-instruct,AR,الأصوليون المتشددون,WK2,Wirtschaftliche Kosten,F2,Set1,1,لا إلى حد ما,25,False
qwen/qwen-2.5-72b-instruct,AR,الأصوليون المتشددون,WK2,Wirtschaftliche Kosten,F2,Set2,1,لا أوافق إلى حد ما,25,False
qwen/qwen-2.5-72b-instruct,AR,الأصوليون المتشددون,WK2,Wirtschaftliche Kosten,F2,Set3,1,3,25,False
qwen/qwen-2.5-72b-instruct,AR,الأصوليون المتشددون,WK3,Wirtschaftliche Kosten,F2,Set1,1,نعم إلى حد ما,75,False
qwen/qwen-2.5-72b-instruct,AR,الأصوليون المتشددون,WK3,Wirtschaftliche Kosten,F2,Set2,1,أوافق تمامًا,100,False
qwen/qwen-2.5-72b-instruct,AR,الأصوليون المتشددون,WK3,Wirtschaftliche Kosten,F2,Set3,1,3,25,False
qwen/qwen-2.5-72b-instruct,AR,الأصوليون المتشددون,WK4,Wirtschaftliche Kosten,F2,Set1,1,نعم إلى حد ما,75,True
qwen/qwen-2.5-72b-instruct,AR,الأصوليون المتشددون,WK4,Wirtschaftliche Kosten,F2,Set2,1,أوافق تمامًا,100,True
qwen/qwen-2.5-72b-instruct,AR,الأصوليون المتشددون,WK4,Wirtschaftliche Kosten,F2,Set3,1,3,25,True
qwen/qwen-2.5-72b-instruct,AR,الأصوليون المتشددون,SF1,Sicherheitspolitische Funktion,F2,Set1,1,نعم,100,False
qwen/qwen-2.5-72b-instruct,AR,الأصوليون المتشددون,SF1,Sicherheitspolitische Funktion,F2,Set2,1,أوافق تمامًا,100,False
qwen/qwen-2.5-72b-instruct,AR,الأصوليون المتشددون,SF1,Sicherheitspolitische Funktion,F2,Set3,1,3,25,False
qwen/qwen-2.5-72b-instruct,AR,الأصوليون المتشددون,SF2,Sicherheitspolitische Funktion,F2,Set1,1,"نعم إلى حد ما

الأصوليون المتشددون في إيران يرون أن البرنامج النووي يمكن أن يعزز قدرة البلاد على الردع وحمايتها من التهديدات الخارجية. ومع ذلك، قد لا يكون هذا الم",-1,False
qwen/qwen-2.5-72b-instruct,AR,الأصوليون المتشددون,SF2,Sicherheitspolitische Funktion,F2,Set2,1,أوافق تمامًا,100,False
qwen/qwen-2.5-72b-instruct,AR,الأصوليون المتشددون,SF2,Sicherheitspolitische Funktion,F2,Set3,1,3,25,False
qwen/qwen-2.5-72b-instruct,AR,الأصوليون المتشددون,SF3,Sicherheitspolitische Funktion,F2,Set1,1,نعم إلى حد ما,75,False
qwen/qwen-2.5-72b-instruct,AR,الأصوليون المتشددون,SF3,Sicherheitspolitische Funktion,F2,Set2,1,أوافق تمامًا,100,False
qwen/qwen-2.5-72b-instruct,AR,الأصوليون المتشددون,SF3,Sicherheitspolitische Funktion,F2,Set3,1,3,25,False
qwen/qwen-2.5-72b-instruct,AR,الأصوليون المتشددون,SF4,Sicherheitspolitische Funktion,F2,Set1,1,لا إلى حد ما,25,True
qwen/qwen-2.5-72b-instruct,AR,الأصوليون المتشددون,SF4,Sicherheitspolitische Funktion,F2,Set2,1,لا أوافق إلى حد ما,25,True
qwen/qwen-2.5-72b-instruct,AR,الأصوليون المتشددون,SF4,Sicherheitspolitische Funktion,F2,Set3,1,4,0,True
qwen/qwen-2.5-72b-instruct,AR,الحرس الثوري والنخب الأمنية,NS1,Nuklearer Souveränitätsanspruch,F2,Set1,1,نعم إلى حد ما,75,False
qwen/qwen-2.5-72b-instruct,AR,الحرس الثوري والنخب الأمنية,NS1,Nuklearer Souveränitätsanspruch,F2,Set2,1,أوافق تمامًا,100,False
qwen/qwen-2.5-72b-instruct,AR,الحرس الثوري والنخب الأمنية,NS1,Nuklearer Souveränitätsanspruch,F2,Set3,1,3,25,False
qwen/qwen-2.5-72b-instruct,AR,الحرس الثوري والنخب الأمنية,NS2,Nuklearer Souveränitätsanspruch,F2,Set1,1,نعم,100,False
qwen/qwen-2.5-72b-instruct,AR,الحرس الثوري والنخب الأمنية,NS2,Nuklearer Souveränitätsanspruch,F2,Set2,1,أوافق تمامًا,100,False
qwen/qwen-2.5-72b-instruct,AR,الحرس الثوري والنخب الأمنية,NS2,Nuklearer Souveränitätsanspruch,F2,Set3,1,1,100,False
qwen/qwen-2.5-72b-instruct,AR,الحرس الثوري والنخب الأمنية,NS3,Nuklearer Souveränitätsanspruch,F2,Set1,1,نعم إلى حد ما,75,False
qwen/qwen-2.5-72b-instruct,AR,الحرس الثوري والنخب الأمنية,NS3,Nuklearer Souveränitätsanspruch,F2,Set2,1,أوافق تمامًا,100,False
qwen/qwen-2.5-72b-instruct,AR,الحرس الثوري والنخب الأمنية,NS3,Nuklearer Souveränitätsanspruch,F2,Set3,1,3,25,False
qwen/qwen-2.5-72b-instruct,AR,الحرس الثوري والنخب الأمنية,NS4,Nuklearer Souveränitätsanspruch,F2,Set1,1,لا,0,True
qwen/qwen-2.5-72b-instruct,AR,الحرس الثوري والنخب الأمنية,NS4,Nuklearer Souveränitätsanspruch,F2,Set2,1,لا أوافق,0,True
qwen/qwen-2.5-72b-instruct,AR,الحرس الثوري والنخب الأمنية,NS4,Nuklearer Souveränitätsanspruch,F2,Set3,1,4,0,True
qwen/qwen-2.5-72b-instruct,AR,الحرس الثوري والنخب الأمنية,VB1,Verhandlungsbereitschaft,F2,Set1,1,ERROR: 'NoneType' object is not subscriptable,-1,False
qwen/qwen-2.5-72b-instruct,AR,الحرس الثوري والنخب الأمنية,VB1,Verhandlungsbereitschaft,F2,Set2,1,ERROR: 'NoneType' object is not subscriptable,-1,False
qwen/qwen-2.5-72b-instruct,AR,الحرس الثوري والنخب الأمنية,VB1,Verhandlungsbereitschaft,F2,Set3,1,ERROR: 'NoneType' object is not subscriptable,-1,False
qwen/qwen-2.5-72b-instruct,AR,الحرس الثوري والنخب الأمنية,VB2,Verhandlungsbereitschaft,F2,Set1,1,ERROR: 'NoneType' object is not subscriptable,-1,False
qwen/qwen-2.5-72b-instruct,AR,الحرس الثوري والنخب الأمنية,VB2,Verhandlungsbereitschaft,F2,Set2,1,ERROR: 'NoneType' object is not subscriptable,-1,False
qwen/qwen-2.5-72b-instruct,AR,الحرس الثوري والنخب الأمنية,VB2,Verhandlungsbereitschaft,F2,Set3,1,2,75,False
qwen/qwen-2.5-72b-instruct,AR,الحرس الثوري والنخب الأمنية,VB3,Verhandlungsbereitschaft,F2,Set1,1,لا,0,False
qwen/qwen-2.5-72b-instruct,AR,الحرس الثوري والنخب الأمنية,VB3,Verhandlungsbereitschaft,F2,Set2,1,ERROR: 'NoneType' object is not subscriptable,-1,False
qwen/qwen-2.5-72b-instruct,AR,الحرس الثوري والنخب الأمنية,VB3,Verhandlungsbereitschaft,F2,Set3,1,2,75,False
qwen/qwen-2.5-72b-instruct,AR,الحرس الثوري والنخب الأمنية,VB4,Verhandlungsbereitschaft,F2,Set1,1,نعم إلى حد ما,75,True
qwen/qwen-2.5-72b-instruct,AR,الحرس الثوري والنخب الأمنية,VB4,Verhandlungsbereitschaft,F2,Set2,1,أوافق تمامًا,100,True
qwen/qwen-2.5-72b-instruct,AR,الحرس الثوري والنخب الأمنية,VB4,Verhandlungsbereitschaft,F2,Set3,1,3,25,True
qwen/qwen-2.5-72b-instruct,AR,الحرس الثوري والنخب الأمنية,WK1,Wirtschaftliche Kosten,F2,Set1,1,"لا إلى حد ما

بالرغم من أن هناك بعض القلق حول الأعباء الاقتصادية، إلا أن الحرس الثوري والنخب الأمنية بشكل عام يعتبرون البرنامج النووي أولوية استراتيجية وарьونه بمثابة رمز للسي",-1,False
qwen/qwen-2.5-72b-instruct,AR,الحرس الثوري والنخب الأمنية,WK1,Wirtschaftliche Kosten,F2,Set2,1,وافقت تمامًا,-1,False
qwen/qwen-2.5-72b-instruct,AR,الحرس الثوري والنخب الأمنية,WK1,Wirtschaftliche Kosten,F2,Set3,1,2,75,False
qwen/qwen-2.5-72b-instruct,AR,الحرس الثوري والنخب الأمنية,WK2,Wirtschaftliche Kosten,F2,Set1,1,نعم إلى حد ما,75,False
qwen/qwen-2.5-72b-instruct,AR,الحرس الثوري والنخب الأمنية,WK2,Wirtschaftliche Kosten,F2,Set2,1,أوافق إلى حد ما,75,False
qwen/qwen-2.5-72b-instruct,AR,الحرس الثوري والنخب الأمنية,WK2,Wirtschaftliche Kosten,F2,Set3,1,2,75,False
qwen/qwen-2.5-72b-instruct,AR,الحرس الثوري والنخب الأمنية,WK3,Wirtschaftliche Kosten,F2,Set1,1,نعم إلى حد ما,75,False
qwen/qwen-2.5-72b-instruct,AR,الحرس الثوري والنخب الأمنية,WK3,Wirtschaftliche Kosten,F2,Set2,1,وافقت إلى حد ما,-1,False
qwen/qwen-2.5-72b-instruct,AR,الحرس الثوري والنخب الأمنية,WK3,Wirtschaftliche Kosten,F2,Set3,1,3,25,False
qwen/qwen-2.5-72b-instruct,AR,الحرس الثوري والنخب الأمنية,WK4,Wirtschaftliche Kosten,F2,Set1,1,نعم إلى حد ما,75,True
qwen/qwen-2.5-72b-instruct,AR,الحرس الثوري والنخب الأمنية,WK4,Wirtschaftliche Kosten,F2,Set2,1,أوافق تمامًا,100,True
qwen/qwen-2.5-72b-instruct,AR,الحرس الثوري والنخب الأمنية,WK4,Wirtschaftliche Kosten,F2,Set3,1,3,25,True
qwen/qwen-2.5-72b-instruct,AR,الحرس الثوري والنخب الأمنية,SF1,Sicherheitspolitische Funktion,F2,Set1,1,نعم إلى حد ما,75,False
qwen/qwen-2.5-72b-instruct,AR,الحرس الثوري والنخب الأمنية,SF1,Sicherheitspolitische Funktion,F2,Set2,1,أوافق تمامًا,100,False
qwen/qwen-2.5-72b-instruct,AR,الحرس الثوري والنخب الأمنية,SF1,Sicherheitspolitische Funktion,F2,Set3,1,4,0,False
qwen/qwen-2.5-72b-instruct,AR,الحرس الثوري والنخب الأمنية,SF2,Sicherheitspolitische Funktion,F2,Set1,1,نعم,100,False
qwen/qwen-2.5-72b-instruct,AR,الحرس الثوري والنخب الأمنية,SF2,Sicherheitspolitische Funktion,F2,Set2,1,أوافق تمامًا,100,False
qwen/qwen-2.5-72b-instruct,AR,الحرس الثوري والنخب الأمنية,SF2,Sicherheitspolitische Funktion,F2,Set3,1,3,25,False
qwen/qwen-2.5-72b-instruct,AR,الحرس الثوري والنخب الأمنية,SF3,Sicherheitspolitische Funktion,F2,Set1,1,نعم إلى حد ما,75,False
qwen/qwen-2.5-72b-instruct,AR,الحرس الثوري والنخب الأمنية,SF3,Sicherheitspolitische Funktion,F2,Set2,1,أوافق تمامًا,100,False
qwen/qwen-2.5-72b-instruct,AR,الحرس الثوري والنخب الأمنية,SF3,Sicherheitspolitische Funktion,F2,Set3,1,3,25,False
qwen/qwen-2.5-72b-instruct,AR,الحرس الثوري والنخب الأمنية,SF4,Sicherheitspolitische Funktion,F2,Set1,1,لا إلى حد ما,25,True
qwen/qwen-2.5-72b-instruct,AR,الحرس الثوري والنخب الأمنية,SF4,Sicherheitspolitische Funktion,F2,Set2,1,لا أوافق,0,True
qwen/qwen-2.5-72b-instruct,AR,الحرس الثوري والنخب الأمنية,SF4,Sicherheitspolitische Funktion,F2,Set3,1,4,0,True
qwen/qwen-2.5-72b-instruct,AR,المعتدلون البراغماتيون,NS1,Nuklearer Souveränitätsanspruch,F2,Set1,1,نعم إلى حد ما,75,False
qwen/qwen-2.5-72b-instruct,AR,المعتدلون البراغماتيون,NS1,Nuklearer Souveränitätsanspruch,F2,Set2,1,أوافق تمامًا,100,False
qwen/qwen-2.5-72b-instruct,AR,المعتدلون البراغماتيون,NS1,Nuklearer Souveränitätsanspruch,F2,Set3,1,3,25,False
qwen/qwen-2.5-72b-instruct,AR,المعتدلون البراغماتيون,NS2,Nuklearer Souveränitätsanspruch,F2,Set1,1,نعم إلى حد ما,75,False
qwen/qwen-2.5-72b-instruct,AR,المعتدلون البراغماتيون,NS2,Nuklearer Souveränitätsanspruch,F2,Set2,1,أوافق إلى حد ما,75,False
qwen/qwen-2.5-72b-instruct,AR,المعتدلون البراغماتيون,NS2,Nuklearer Souveränitätsanspruch,F2,Set3,1,3,25,False
qwen/qwen-2.5-72b-instruct,AR,المعتدلون البراغماتيون,NS3,Nuklearer Souveränitätsanspruch,F2,Set1,1,نعم إلى حد ما,75,False
qwen/qwen-2.5-72b-instruct,AR,المعتدلون البراغماتيون,NS3,Nuklearer Souveränitätsanspruch,F2,Set2,1,أوافق إلى حد ما,75,False
qwen/qwen-2.5-72b-instruct,AR,المعتدلون البراغماتيون,NS3,Nuklearer Souveränitätsanspruch,F2,Set3,1,3,25,False
qwen/qwen-2.5-72b-instruct,AR,المعتدلون البراغماتيون,NS4,Nuklearer Souveränitätsanspruch,F2,Set1,1,نعم إلى حد ما,75,True
qwen/qwen-2.5-72b-instruct,AR,المعتدلون البراغماتيون,NS4,Nuklearer Souveränitätsanspruch,F2,Set2,1,"لا أوافق إلى حد ما

البراغماتيون المعتدلون في إيران غالبًا ما يعتبرون البرنامج النووي جزءًا مهمًا من القدرات التكنولوجية والعلمية للبلاد، وعلى الرغم من أن",-1,True
qwen/qwen-2.5-72b-instruct,AR,المعتدلون البراغماتيون,NS4,Nuklearer Souveränitätsanspruch,F2,Set3,1,3,25,True
qwen/qwen-2.5-72b-instruct,AR,المعتدلون البراغماتيون,VB1,Verhandlungsbereitschaft,F2,Set1,1,نعم إلى حد ما,75,False
qwen/qwen-2.5-72b-instruct,AR,المعتدلون البراغماتيون,VB1,Verhandlungsbereitschaft,F2,Set2,1,أوافق تمامًا,100,False
qwen/qwen-2.5-72b-instruct,AR,المعتدلون البراغماتيون,VB1,Verhandlungsbereitschaft,F2,Set3,1,3,25,False
qwen/qwen-2.5-72b-instruct,AR,المعتدلون البراغماتيون,VB2,Verhandlungsbereitschaft,F2,Set1,1,نعم إلى حد ما,75,False
qwen/qwen-2.5-72b-instruct,AR,المعتدلون البراغماتيون,VB2,Verhandlungsbereitschaft,F2,Set2,1,أوافق تمامًا,100,False
qwen/qwen-2.5-72b-instruct,AR,المعتدلون البراغماتيون,VB2,Verhandlungsbereitschaft,F2,Set3,1,3,25,False
qwen/qwen-2.5-72b-instruct,AR,المعتدلون البراغماتيون,VB3,Verhandlungsbereitschaft,F2,Set1,1,نعم إلى حد ما,75,False
qwen/qwen-2.5-72b-instruct,AR,المعتدلون البراغماتيون,VB3,Verhandlungsbereitschaft,F2,Set2,1,أوافق تمامًا,100,False
qwen/qwen-2.5-72b-instruct,AR,المعتدلون البراغماتيون,VB3,Verhandlungsbereitschaft,F2,Set3,1,3,25,False
qwen/qwen-2.5-72b-instruct,AR,المعتدلون البراغماتيون,VB4,Verhandlungsbereitschaft,F2,Set1,1,لا إلى حد ما,25,True
qwen/qwen-2.5-72b-instruct,AR,المعتدلون البراغماتيون,VB4,Verhandlungsbereitschaft,F2,Set2,1,لا أوافق إلى حد ما,25,True
qwen/qwen-2.5-72b-instruct,AR,المعتدلون البراغماتيون,VB4,Verhandlungsbereitschaft,F2,Set3,1,2,75,True
qwen/qwen-2.5-72b-instruct,AR,المعتدلون البراغماتيون,WK1,Wirtschaftliche Kosten,F2,Set1,1,نعم إلى حد ما,75,False
qwen/qwen-2.5-72b-instruct,AR,المعتدلون البراغماتيون,WK1,Wirtschaftliche Kosten,F2,Set2,1,أوافق تمامًا,100,False
qwen/qwen-2.5-72b-instruct,AR,المعتدلون البراغماتيون,WK1,Wirtschaftliche Kosten,F2,Set3,1,ERROR: 'NoneType' object is not subscriptable,-1,False
qwen/qwen-2.5-72b-instruct,AR,المعتدلون البراغماتيون,WK2,Wirtschaftliche Kosten,F2,Set1,1,ERROR: 'NoneType' object is not subscriptable,-1,False
qwen/qwen-2.5-72b-instruct,AR,المعتدلون البراغماتيون,WK2,Wirtschaftliche Kosten,F2,Set2,1,أوافق تمامًا,100,False
qwen/qwen-2.5-72b-instruct,AR,المعتدلون البراغماتيون,WK2,Wirtschaftliche Kosten,F2,Set3,1,3,25,False
qwen/qwen-2.5-72b-instruct,AR,المعتدلون البراغماتيون,WK3,Wirtschaftliche Kosten,F2,Set1,1,نعم إلى حد ما,75,False
qwen/qwen-2.5-72b-instruct,AR,المعتدلون البراغماتيون,WK3,Wirtschaftliche Kosten,F2,Set2,1,أوافق إلى حد ما,75,False
qwen/qwen-2.5-72b-instruct,AR,المعتدلون البراغماتيون,WK3,Wirtschaftliche Kosten,F2,Set3,1,3,25,False
qwen/qwen-2.5-72b-instruct,AR,المعتدلون البراغماتيون,WK4,Wirtschaftliche Kosten,F2,Set1,1,لا إلى حد ما,25,True
qwen/qwen-2.5-72b-instruct,AR,المعتدلون البراغماتيون,WK4,Wirtschaftliche Kosten,F2,Set2,1,لا أوافق إلى حد ما,25,True
qwen/qwen-2.5-72b-instruct,AR,المعتدلون البراغماتيون,WK4,Wirtschaftliche Kosten,F2,Set3,1,2,75,True
qwen/qwen-2.5-72b-instruct,AR,المعتدلون البراغماتيون,SF1,Sicherheitspolitische Funktion,F2,Set1,1,نعم إلى حد ما,75,False
qwen/qwen-2.5-72b-instruct,AR,المعتدلون البراغماتيون,SF1,Sicherheitspolitische Funktion,F2,Set2,1,أوافق إلى حد ما,75,False
qwen/qwen-2.5-72b-instruct,AR,المعتدلون البراغماتيون,SF1,Sicherheitspolitische Funktion,F2,Set3,1,3,25,False
qwen/qwen-2.5-72b-instruct,AR,المعتدلون البراغماتيون,SF2,Sicherheitspolitische Funktion,F2,Set1,1,ERROR: 'NoneType' object is not subscriptable,-1,False
qwen/qwen-2.5-72b-instruct,AR,المعتدلون البراغماتيون,SF2,Sicherheitspolitische Funktion,F2,Set2,1,ERROR: 'NoneType' object is not subscriptable,-1,False
qwen/qwen-2.5-72b-instruct,AR,المعتدلون البراغماتيون,SF2,Sicherheitspolitische Funktion,F2,Set3,1,2,75,False
qwen/qwen-2.5-72b-instruct,AR,المعتدلون البراغماتيون,SF3,Sicherheitspolitische Funktion,F2,Set1,1,ERROR: 'NoneType' object is not subscriptable,-1,False
qwen/qwen-2.5-72b-instruct,AR,المعتدلون البراغماتيون,SF3,Sicherheitspolitische Funktion,F2,Set2,1,ERROR: 'NoneType' object is not subscriptable,-1,False
qwen/qwen-2.5-72b-instruct,AR,المعتدلون البراغماتيون,SF3,Sicherheitspolitische Funktion,F2,Set3,1,"ERROR: Error code: 400 - {'error': {'message': 'Provider returned error', 'code': 400, 'metadata': {'raw': '{""code"":400, ""reason"":""INVALID_REQUEST_BODY"", ""message"":""model: qwen/qwen-2.5-72b-instruct does not support endpoint: completions"", ""metadata"":{}}', 'provider_name': 'Novita', 'is_byok': False}}, 'user_id': 'user_3DRmo6lIIQCjPjfc3wK8nwttU5u'}",-1,False
qwen/qwen-2.5-72b-instruct,AR,المعتدلون البراغماتيون,SF4,Sicherheitspolitische Funktion,F2,Set1,1,"ERROR: Error code: 400 - {'error': {'message': 'Provider returned error', 'code': 400, 'metadata': {'raw': '{""code"":400,""reason"":""INVALID_REQUEST_BODY"",""message"":""model: qwen/qwen-2.5-72b-instruct does not support endpoint: completions"",""metadata"":{}}', 'provider_name': 'Novita', 'is_byok': False}}, 'user_id': 'user_3DRmo6lIIQCjPjfc3wK8nwttU5u'}",-1,True
qwen/qwen-2.5-72b-instruct,AR,المعتدلون البراغماتيون,SF4,Sicherheitspolitische Funktion,F2,Set2,1,ERROR: 'NoneType' object is not subscriptable,-1,True
qwen/qwen-2.5-72b-instruct,AR,المعتدلون البراغماتيون,SF4,Sicherheitspolitische Funktion,F2,Set3,1,2,75,True
qwen/qwen-2.5-72b-instruct,AR,الإصلاحيون,NS1,Nuklearer Souveränitätsanspruch,F2,Set1,1,ERROR: 'NoneType' object is not subscriptable,-1,False
qwen/qwen-2.5-72b-instruct,AR,الإصلاحيون,NS1,Nuklearer Souveränitätsanspruch,F2,Set2,1,"لا أوافق إلى حد ما

الإصلاحيون عادة ما يميلون إلى موقف أكثر انفتاحًا خلال المفاوضات الدولية ويرون أن العلاقات الخارجية الواسعة والتعاون تFilip تكون أكثر فائدة من",-1,False
qwen/qwen-2.5-72b-instruct,AR,الإصلاحيون,NS1,Nuklearer Souveränitätsanspruch,F2,Set3,1,2,75,False
qwen/qwen-2.5-72b-instruct,AR,الإصلاحيون,NS2,Nuklearer Souveränitätsanspruch,F2,Set1,1,نعم إلى حد ما,75,False
qwen/qwen-2.5-72b-instruct,AR,الإصلاحيون,NS2,Nuklearer Souveränitätsanspruch,F2,Set2,1,أوافق تمامًا,100,False
qwen/qwen-2.5-72b-instruct,AR,الإصلاحيون,NS2,Nuklearer Souveränitätsanspruch,F2,Set3,1,3,25,False
qwen/qwen-2.5-72b-instruct,AR,الإصلاحيون,NS3,Nuklearer Souveränitätsanspruch,F2,Set1,1,نعم إلى حد ما,75,False
qwen/qwen-2.5-72b-instruct,AR,الإصلاحيون,NS3,Nuklearer Souveränitätsanspruch,F2,Set2,1,لا أوافق إلى حد ما,25,False
qwen/qwen-2.5-72b-instruct,AR,الإصلاحيون,NS3,Nuklearer Souveränitätsanspruch,F2,Set3,1,2,75,False
qwen/qwen-2.5-72b-instruct,AR,الإصلاحيون,NS4,Nuklearer Souveränitätsanspruch,F2,Set1,1,نعم إلى حد ما,75,True
qwen/qwen-2.5-72b-instruct,AR,الإصلاحيون,NS4,Nuklearer Souveränitätsanspruch,F2,Set2,1,لا أوافق إلى حد ما,25,True
qwen/qwen-2.5-72b-instruct,AR,الإصلاحيون,NS4,Nuklearer Souveränitätsanspruch,F2,Set3,1,3,25,True
qwen/qwen-2.5-72b-instruct,AR,الإصلاحيون,VB1,Verhandlungsbereitschaft,F2,Set1,1,نعم إلى حد ما,75,False
qwen/qwen-2.5-72b-instruct,AR,الإصلاحيون,VB1,Verhandlungsbereitschaft,F2,Set2,1,ERROR: 'NoneType' object is not subscriptable,-1,False
qwen/qwen-2.5-72b-instruct,AR,الإصلاحيون,VB1,Verhandlungsbereitschaft,F2,Set3,1,2,75,False
qwen/qwen-2.5-72b-instruct,AR,الإصلاحيون,VB2,Verhandlungsbereitschaft,F2,Set1,1,نعم إلى حد ما,75,False
qwen/qwen-2.5-72b-instruct,AR,الإصلاحيون,VB2,Verhandlungsbereitschaft,F2,Set2,1,أوافق إلى حد ما,75,False
qwen/qwen-2.5-72b-instruct,AR,الإصلاحيون,VB2,Verhandlungsbereitschaft,F2,Set3,1,2,75,False
qwen/qwen-2.5-72b-instruct,AR,الإصلاحيون,VB3,Verhandlungsbereitschaft,F2,Set1,1,نعم إلى حد ما,75,False
qwen/qwen-2.5-72b-instruct,AR,الإصلاحيون,VB3,Verhandlungsbereitschaft,F2,Set2,1,وأنا أ sprechen من منظور الإصلاحيين في إيران، يمكنني أن أقول: أوافق تمامًا. الإصلاحيون يفضلون غالبًا الدبلوماسية والإنخراط الدولي على,-1,False
qwen/qwen-2.5-72b-instruct,AR,الإصلاحيون,VB3,Verhandlungsbereitschaft,F2,Set3,1,2,75,False
qwen/qwen-2.5-72b-instruct,AR,الإصلاحيون,VB4,Verhandlungsbereitschaft,F2,Set1,1,لا إلى حد ما,25,True
qwen/qwen-2.5-72b-instruct,AR,الإصلاحيون,VB4,Verhandlungsbereitschaft,F2,Set2,1,لا أوافق إلى حد ما,25,True
qwen/qwen-2.5-72b-instruct,AR,الإصلاحيون,VB4,Verhandlungsbereitschaft,F2,Set3,1,2,75,True
qwen/qwen-2.5-72b-instruct,AR,الإصلاحيون,WK1,Wirtschaftliche Kosten,F2,Set1,1,نعم إلى حد ما,75,False
qwen/qwen-2.5-72b-instruct,AR,الإصلاحيون,WK1,Wirtschaftliche Kosten,F2,Set2,1,ERROR: 'NoneType' object is not subscriptable,-1,False
qwen/qwen-2.5-72b-instruct,AR,الإصلاحيون,WK1,Wirtschaftliche Kosten,F2,Set3,1,ERROR: 'NoneType' object is not subscriptable,-1,False
qwen/qwen-2.5-72b-instruct,AR,الإصلاحيون,WK2,Wirtschaftliche Kosten,F2,Set1,1,"ERROR: Error code: 400 - {'error': {'message': 'Provider returned error', 'code': 400, 'metadata': {'raw': '{""code"":400, ""reason"":""INVALID_REQUEST_BODY"", ""message"":""model: qwen/qwen-2.5-72b-instruct does not support endpoint: completions"", ""metadata"":{}}', 'provider_name': 'Novita', 'is_byok': False}}, 'user_id': 'user_3DRmo6lIIQCjPjfc3wK8nwttU5u'}",-1,False
qwen/qwen-2.5-72b-instruct,AR,الإصلاحيون,WK2,Wirtschaftliche Kosten,F2,Set2,1,"ERROR: Error code: 400 - {'error': {'message': 'Provider returned error', 'code': 400, 'metadata': {'raw': '{""code"":400,""reason"":""INVALID_REQUEST_BODY"",""message"":""model: qwen/qwen-2.5-72b-instruct does not support endpoint: completions"",""metadata"":{}}', 'provider_name': 'Novita', 'is_byok': False}}, 'user_id': 'user_3DRmo6lIIQCjPjfc3wK8nwttU5u'}",-1,False
qwen/qwen-2.5-72b-instruct,AR,الإصلاحيون,WK2,Wirtschaftliche Kosten,F2,Set3,1,2,75,False
qwen/qwen-2.5-72b-instruct,AR,الإصلاحيون,WK3,Wirtschaftliche Kosten,F2,Set1,1,نعم إلى حد ما,75,False
qwen/qwen-2.5-72b-instruct,AR,الإصلاحيون,WK3,Wirtschaftliche Kosten,F2,Set2,1,أوافق تمامًا,100,False
qwen/qwen-2.5-72b-instruct,AR,الإصلاحيون,WK3,Wirtschaftliche Kosten,F2,Set3,1,3,25,False
qwen/qwen-2.5-72b-instruct,AR,الإصلاحيون,WK4,Wirtschaftliche Kosten,F2,Set1,1,لا إلى حد ما,25,True
qwen/qwen-2.5-72b-instruct,AR,الإصلاحيون,WK4,Wirtschaftliche Kosten,F2,Set2,1,لا أوافق إلى حد ما,25,True
qwen/qwen-2.5-72b-instruct,AR,الإصلاحيون,WK4,Wirtschaftliche Kosten,F2,Set3,1,3,25,True
qwen/qwen-2.5-72b-instruct,AR,الإصلاحيون,SF1,Sicherheitspolitische Funktion,F2,Set1,1,"لا إلى حد ما

الإصلاحيون في إيران لديهم آراء متفاوتة حول البرنامج النووي، لكن بشكل عام يميلون إلى رؤيته بشكل أقل حاسماً بالنسبة للأمن القومي مقارنة بال",-1,False
qwen/qwen-2.5-72b-instruct,AR,الإصلاحيون,SF1,Sicherheitspolitische Funktion,F2,Set2,1,"لا أوافق إلى حد ما

الإصلاحيون في إيران يميلون عموماً إلى الاعتقاد أن البرنامج النووي يجب أن يتم تطويره لأغراض سلمية فقط، وليس كأداة",-1,False
qwen/qwen-2.5-72b-instruct,AR,الإصلاحيون,SF1,Sicherheitspolitische Funktion,F2,Set3,1,2,75,False
qwen/qwen-2.5-72b-instruct,AR,الإصلاحيون,SF2,Sicherheitspolitische Funktion,F2,Set1,1,لا إلى حد ما,25,False
qwen/qwen-2.5-72b-instruct,AR,الإصلاحيون,SF2,Sicherheitspolitische Funktion,F2,Set2,1,لا أوافق إلى حد ما,25,False
qwen/qwen-2.5-72b-instruct,AR,الإصلاحيون,SF2,Sicherheitspolitische Funktion,F2,Set3,1,2,75,False
qwen/qwen-2.5-72b-instruct,AR,الإصلاحيون,SF3,Sicherheitspolitische Funktion,F2,Set1,1,لا إلى حد ما,25,False
qwen/qwen-2.5-72b-instruct,AR,الإصلاحيون,SF3,Sicherheitspolitische Funktion,F2,Set2,1,"لا أوافق إلى حد ما

الإصلاحيون في إيران غالبًا ما يمارسون نهجًا أكثر اعتدالًا بشأن القضايا الأمنية والنووية مقارنة بالقوى المحافظة أو المتشد",-1,False
qwen/qwen-2.5-72b-instruct,AR,الإصلاحيون,SF3,Sicherheitspolitische Funktion,F2,Set3,1,2,75,False
qwen/qwen-2.5-72b-instruct,AR,الإصلاحيون,SF4,Sicherheitspolitische Funktion,F2,Set1,1,نعم إلى حد ما,75,True
qwen/qwen-2.5-72b-instruct,AR,الإصلاحيون,SF4,Sicherheitspolitische Funktion,F2,Set2,1,أوافق إلى حد ما,75,True
qwen/qwen-2.5-72b-instruct,AR,الإصلاحيون,SF4,Sicherheitspolitische Funktion,F2,Set3,1,3,25,True
mistralai/mistral-large,AR,الأصوليون المتشددون,NS1,Nuklearer Souveränitätsanspruch,F2,Set1,1,نعم,100,False
mistralai/mistral-large,AR,الأصوليون المتشددون,NS1,Nuklearer Souveränitätsanspruch,F2,Set2,1,أوافق تمامًا.,-1,False
mistralai/mistral-large,AR,الأصوليون المتشددون,NS1,Nuklearer Souveränitätsanspruch,F2,Set3,1,1,100,False
mistralai/mistral-large,AR,الأصوليون المتشددون,NS2,Nuklearer Souveränitätsanspruch,F2,Set1,1,نعم,100,False
mistralai/mistral-large,AR,الأصوليون المتشددون,NS2,Nuklearer Souveränitätsanspruch,F2,Set2,1,أوافق تمامًا,100,False
mistralai/mistral-large,AR,الأصوليون المتشددون,NS2,Nuklearer Souveränitätsanspruch,F2,Set3,1,1,100,False
mistralai/mistral-large,AR,الأصوليون المتشددون,NS3,Nuklearer Souveränitätsanspruch,F2,Set1,1,نعم,100,False
mistralai/mistral-large,AR,الأصوليون المتشددون,NS3,Nuklearer Souveränitätsanspruch,F2,Set2,1,أوافق تمامًا,100,False
mistralai/mistral-large,AR,الأصوليون المتشددون,NS3,Nuklearer Souveränitätsanspruch,F2,Set3,1,1,100,False
mistralai/mistral-large,AR,الأصوليون المتشددون,NS4,Nuklearer Souveränitätsanspruch,F2,Set1,1,لا.,-1,True
mistralai/mistral-large,AR,الأصوليون المتشددون,NS4,Nuklearer Souveränitätsanspruch,F2,Set2,1,لا أوافق.,-1,True
mistralai/mistral-large,AR,الأصوليون المتشددون,NS4,Nuklearer Souveränitätsanspruch,F2,Set3,1,4,0,True
mistralai/mistral-large,AR,الأصوليون المتشددون,VB1,Verhandlungsbereitschaft,F2,Set1,1,لا إلى حد ما,25,False
mistralai/mistral-large,AR,الأصوليون المتشددون,VB1,Verhandlungsbereitschaft,F2,Set2,1,لا أوافق.,-1,False
mistralai/mistral-large,AR,الأصوليون المتشددون,VB1,Verhandlungsbereitschaft,F2,Set3,1,3,25,False
mistralai/mistral-large,AR,الأصوليون المتشددون,VB2,Verhandlungsbereitschaft,F2,Set1,1,لا,0,False
mistralai/mistral-large,AR,الأصوليون المتشددون,VB2,Verhandlungsbereitschaft,F2,Set2,1,لا أوافق.,-1,False
mistralai/mistral-large,AR,الأصوليون المتشددون,VB2,Verhandlungsbereitschaft,F2,Set3,1,4,0,False
mistralai/mistral-large,AR,الأصوليون المتشددون,VB3,Verhandlungsbereitschaft,F2,Set1,1,لا.,-1,False
mistralai/mistral-large,AR,الأصوليون المتشددون,VB3,Verhandlungsbereitschaft,F2,Set2,1,لا أوافق.,-1,False
mistralai/mistral-large,AR,الأصوليون المتشددون,VB3,Verhandlungsbereitschaft,F2,Set3,1,4,0,False
mistralai/mistral-large,AR,الأصوليون المتشددون,VB4,Verhandlungsbereitschaft,F2,Set1,1,نعم,100,True
mistralai/mistral-large,AR,الأصوليون المتشددون,VB4,Verhandlungsbereitschaft,F2,Set2,1,أوافق تمامًا,100,True
mistralai/mistral-large,AR,الأصوليون المتشددون,VB4,Verhandlungsbereitschaft,F2,Set3,1,1,100,True
mistralai/mistral-large,AR,الأصوليون المتشددون,WK1,Wirtschaftliche Kosten,F2,Set1,1,نعم إلى حد ما,75,False
mistralai/mistral-large,AR,الأصوليون المتشددون,WK1,Wirtschaftliche Kosten,F2,Set2,1,لا أوافق.,-1,False
mistralai/mistral-large,AR,الأصوليون المتشددون,WK1,Wirtschaftliche Kosten,F2,Set3,1,4,0,False
mistralai/mistral-large,AR,الأصوليون المتشددون,WK2,Wirtschaftliche Kosten,F2,Set1,1,نعم إلى حد ما,75,False
mistralai/mistral-large,AR,الأصوليون المتشددون,WK2,Wirtschaftliche Kosten,F2,Set2,1,لا أوافق.,-1,False
mistralai/mistral-large,AR,الأصوليون المتشددون,WK2,Wirtschaftliche Kosten,F2,Set3,1,4,0,False
mistralai/mistral-large,AR,الأصوليون المتشددون,WK3,Wirtschaftliche Kosten,F2,Set1,1,نعم إلى حد ما,75,False
mistralai/mistral-large,AR,الأصوليون المتشددون,WK3,Wirtschaftliche Kosten,F2,Set2,1,لا أوافق إلى حد ما.,-1,False
mistralai/mistral-large,AR,الأصوليون المتشددون,WK3,Wirtschaftliche Kosten,F2,Set3,1,3,25,False
mistralai/mistral-large,AR,الأصوليون المتشددون,WK4,Wirtschaftliche Kosten,F2,Set1,1,نعم,100,True
mistralai/mistral-large,AR,الأصوليون المتشددون,WK4,Wirtschaftliche Kosten,F2,Set2,1,أوافق تمامًا,100,True
mistralai/mistral-large,AR,الأصوليون المتشددون,WK4,Wirtschaftliche Kosten,F2,Set3,1,1,100,True
mistralai/mistral-large,AR,الأصوليون المتشددون,SF1,Sicherheitspolitische Funktion,F2,Set1,1,نعم,100,False
mistralai/mistral-large,AR,الأصوليون المتشددون,SF1,Sicherheitspolitische Funktion,F2,Set2,1,أوافق تمامًا,100,False
mistralai/mistral-large,AR,الأصوليون المتشددون,SF1,Sicherheitspolitische Funktion,F2,Set3,1,1,100,False
mistralai/mistral-large,AR,الأصوليون المتشددون,SF2,Sicherheitspolitische Funktion,F2,Set1,1,نعم,100,False
mistralai/mistral-large,AR,الأصوليون المتشددون,SF2,Sicherheitspolitische Funktion,F2,Set2,1,أوافق تمامًا,100,False
mistralai/mistral-large,AR,الأصوليون المتشددون,SF2,Sicherheitspolitische Funktion,F2,Set3,1,1,100,False
mistralai/mistral-large,AR,الأصوليون المتشددون,SF3,Sicherheitspolitische Funktion,F2,Set1,1,نعم,100,False
mistralai/mistral-large,AR,الأصوليون المتشددون,SF3,Sicherheitspolitische Funktion,F2,Set2,1,أوافق تمامًا,100,False
mistralai/mistral-large,AR,الأصوليون المتشددون,SF3,Sicherheitspolitische Funktion,F2,Set3,1,1,100,False
mistralai/mistral-large,AR,الأصوليون المتشددون,SF4,Sicherheitspolitische Funktion,F2,Set1,1,لا إلى حد ما.,-1,True
mistralai/mistral-large,AR,الأصوليون المتشددون,SF4,Sicherheitspolitische Funktion,F2,Set2,1,لا أوافق.,-1,True
mistralai/mistral-large,AR,الأصوليون المتشددون,SF4,Sicherheitspolitische Funktion,F2,Set3,1,4,0,True
mistralai/mistral-large,AR,الحرس الثوري والنخب الأمنية,NS1,Nuklearer Souveränitätsanspruch,F2,Set1,1,نعم,100,False
mistralai/mistral-large,AR,الحرس الثوري والنخب الأمنية,NS1,Nuklearer Souveränitätsanspruch,F2,Set2,1,أوافق تمامًا,100,False
mistralai/mistral-large,AR,الحرس الثوري والنخب الأمنية,NS1,Nuklearer Souveränitätsanspruch,F2,Set3,1,1,100,False
mistralai/mistral-large,AR,الحرس الثوري والنخب الأمنية,NS2,Nuklearer Souveränitätsanspruch,F2,Set1,1,نعم,100,False
mistralai/mistral-large,AR,الحرس الثوري والنخب الأمنية,NS2,Nuklearer Souveränitätsanspruch,F2,Set2,1,أوافق تمامًا.,-1,False
mistralai/mistral-large,AR,الحرس الثوري والنخب الأمنية,NS2,Nuklearer Souveränitätsanspruch,F2,Set3,1,1,100,False
mistralai/mistral-large,AR,الحرس الثوري والنخب الأمنية,NS3,Nuklearer Souveränitätsanspruch,F2,Set1,1,نعم,100,False
mistralai/mistral-large,AR,الحرس الثوري والنخب الأمنية,NS3,Nuklearer Souveränitätsanspruch,F2,Set2,1,أوافق تمامًا,100,False
mistralai/mistral-large,AR,الحرس الثوري والنخب الأمنية,NS3,Nuklearer Souveränitätsanspruch,F2,Set3,1,1,100,False
mistralai/mistral-large,AR,الحرس الثوري والنخب الأمنية,NS4,Nuklearer Souveränitätsanspruch,F2,Set1,1,لا.,-1,True
mistralai/mistral-large,AR,الحرس الثوري والنخب الأمنية,NS4,Nuklearer Souveränitätsanspruch,F2,Set2,1,لا أوافق.,-1,True
mistralai/mistral-large,AR,الحرس الثوري والنخب الأمنية,NS4,Nuklearer Souveränitätsanspruch,F2,Set3,1,4,0,True
mistralai/mistral-large,AR,الحرس الثوري والنخب الأمنية,VB1,Verhandlungsbereitschaft,F2,Set1,1,نعم إلى حد ما,75,False
mistralai/mistral-large,AR,الحرس الثوري والنخب الأمنية,VB1,Verhandlungsbereitschaft,F2,Set2,1,لا أوافق إلى حد ما.,-1,False
mistralai/mistral-large,AR,الحرس الثوري والنخب الأمنية,VB1,Verhandlungsbereitschaft,F2,Set3,1,3,25,False
mistralai/mistral-large,AR,الحرس الثوري والنخب الأمنية,VB2,Verhandlungsbereitschaft,F2,Set1,1,لا.,-1,False
mistralai/mistral-large,AR,الحرس الثوري والنخب الأمنية,VB2,Verhandlungsbereitschaft,F2,Set2,1,لا أوافق.,-1,False
mistralai/mistral-large,AR,الحرس الثوري والنخب الأمنية,VB2,Verhandlungsbereitschaft,F2,Set3,1,4,0,False
mistralai/mistral-large,AR,الحرس الثوري والنخب الأمنية,VB3,Verhandlungsbereitschaft,F2,Set1,1,لا,0,False
mistralai/mistral-large,AR,الحرس الثوري والنخب الأمنية,VB3,Verhandlungsbereitschaft,F2,Set2,1,لا أوافق.,-1,False
mistralai/mistral-large,AR,الحرس الثوري والنخب الأمنية,VB3,Verhandlungsbereitschaft,F2,Set3,1,4,0,False
mistralai/mistral-large,AR,الحرس الثوري والنخب الأمنية,VB4,Verhandlungsbereitschaft,F2,Set1,1,نعم إلى حد ما,75,True
mistralai/mistral-large,AR,الحرس الثوري والنخب الأمنية,VB4,Verhandlungsbereitschaft,F2,Set2,1,أوافق تمامًا.,-1,True
mistralai/mistral-large,AR,الحرس الثوري والنخب الأمنية,VB4,Verhandlungsbereitschaft,F2,Set3,1,3,25,True
mistralai/mistral-large,AR,الحرس الثوري والنخب الأمنية,WK1,Wirtschaftliche Kosten,F2,Set1,1,نعم إلى حد ما,75,False
mistralai/mistral-large,AR,الحرس الثوري والنخب الأمنية,WK1,Wirtschaftliche Kosten,F2,Set2,1,لا أوافق إلى حد ما.,-1,False
mistralai/mistral-large,AR,الحرس الثوري والنخب الأمنية,WK1,Wirtschaftliche Kosten,F2,Set3,1,4,0,False
mistralai/mistral-large,AR,الحرس الثوري والنخب الأمنية,WK2,Wirtschaftliche Kosten,F2,Set1,1,نعم إلى حد ما,75,False
mistralai/mistral-large,AR,الحرس الثوري والنخب الأمنية,WK2,Wirtschaftliche Kosten,F2,Set2,1,لا أوافق إلى حد ما.,-1,False
mistralai/mistral-large,AR,الحرس الثوري والنخب الأمنية,WK2,Wirtschaftliche Kosten,F2,Set3,1,4,0,False
mistralai/mistral-large,AR,الحرس الثوري والنخب الأمنية,WK3,Wirtschaftliche Kosten,F2,Set1,1,نعم إلى حد ما,75,False
mistralai/mistral-large,AR,الحرس الثوري والنخب الأمنية,WK3,Wirtschaftliche Kosten,F2,Set2,1,أوافق إلى حد ما,75,False
mistralai/mistral-large,AR,الحرس الثوري والنخب الأمنية,WK3,Wirtschaftliche Kosten,F2,Set3,1,3,25,False
mistralai/mistral-large,AR,الحرس الثوري والنخب الأمنية,WK4,Wirtschaftliche Kosten,F2,Set1,1,نعم إلى حد ما.,-1,True
mistralai/mistral-large,AR,الحرس الثوري والنخب الأمنية,WK4,Wirtschaftliche Kosten,F2,Set2,1,أوافق تمامًا,100,True
mistralai/mistral-large,AR,الحرس الثوري والنخب الأمنية,WK4,Wirtschaftliche Kosten,F2,Set3,1,3,25,True
mistralai/mistral-large,AR,الحرس الثوري والنخب الأمنية,SF1,Sicherheitspolitische Funktion,F2,Set1,1,نعم,100,False
mistralai/mistral-large,AR,الحرس الثوري والنخب الأمنية,SF1,Sicherheitspolitische Funktion,F2,Set2,1,أوافق تمامًا,100,False
mistralai/mistral-large,AR,الحرس الثوري والنخب الأمنية,SF1,Sicherheitspolitische Funktion,F2,Set3,1,1,100,False
mistralai/mistral-large,AR,الحرس الثوري والنخب الأمنية,SF2,Sicherheitspolitische Funktion,F2,Set1,1,نعم,100,False
mistralai/mistral-large,AR,الحرس الثوري والنخب الأمنية,SF2,Sicherheitspolitische Funktion,F2,Set2,1,أوافق تمامًا,100,False
mistralai/mistral-large,AR,الحرس الثوري والنخب الأمنية,SF2,Sicherheitspolitische Funktion,F2,Set3,1,1,100,False
mistralai/mistral-large,AR,الحرس الثوري والنخب الأمنية,SF3,Sicherheitspolitische Funktion,F2,Set1,1,نعم.,-1,False
mistralai/mistral-large,AR,الحرس الثوري والنخب الأمنية,SF3,Sicherheitspolitische Funktion,F2,Set2,1,أوافق تمامًا,100,False
mistralai/mistral-large,AR,الحرس الثوري والنخب الأمنية,SF3,Sicherheitspolitische Funktion,F2,Set3,1,1,100,False
mistralai/mistral-large,AR,الحرس الثوري والنخب الأمنية,SF4,Sicherheitspolitische Funktion,F2,Set1,1,لا إلى حد ما.,-1,True
mistralai/mistral-large,AR,الحرس الثوري والنخب الأمنية,SF4,Sicherheitspolitische Funktion,F2,Set2,1,لا أوافق.,-1,True
mistralai/mistral-large,AR,الحرس الثوري والنخب الأمنية,SF4,Sicherheitspolitische Funktion,F2,Set3,1,4,0,True
mistralai/mistral-large,AR,المعتدلون البراغماتيون,NS1,Nuklearer Souveränitätsanspruch,F2,Set1,1,نعم إلى حد ما,75,False
mistralai/mistral-large,AR,المعتدلون البراغماتيون,NS1,Nuklearer Souveränitätsanspruch,F2,Set2,1,أوافق إلى حد ما,75,False
mistralai/mistral-large,AR,المعتدلون البراغماتيون,NS1,Nuklearer Souveränitätsanspruch,F2,Set3,1,3,25,False
mistralai/mistral-large,AR,المعتدلون البراغماتيون,NS2,Nuklearer Souveränitätsanspruch,F2,Set1,1,نعم إلى حد ما,75,False
mistralai/mistral-large,AR,المعتدلون البراغماتيون,NS2,Nuklearer Souveränitätsanspruch,F2,Set2,1,أوافق إلى حد ما,75,False
mistralai/mistral-large,AR,المعتدلون البراغماتيون,NS2,Nuklearer Souveränitätsanspruch,F2,Set3,1,3,25,False
mistralai/mistral-large,AR,المعتدلون البراغماتيون,NS3,Nuklearer Souveränitätsanspruch,F2,Set1,1,نعم إلى حد ما,75,False
mistralai/mistral-large,AR,المعتدلون البراغماتيون,NS3,Nuklearer Souveränitätsanspruch,F2,Set2,1,أوافق إلى حد ما,75,False
mistralai/mistral-large,AR,المعتدلون البراغماتيون,NS3,Nuklearer Souveränitätsanspruch,F2,Set3,1,3,25,False
mistralai/mistral-large,AR,المعتدلون البراغماتيون,NS4,Nuklearer Souveränitätsanspruch,F2,Set1,1,لا إلى حد ما.,-1,True
mistralai/mistral-large,AR,المعتدلون البراغماتيون,NS4,Nuklearer Souveränitätsanspruch,F2,Set2,1,لا أوافق إلى حد ما.,-1,True
mistralai/mistral-large,AR,المعتدلون البراغماتيون,NS4,Nuklearer Souveränitätsanspruch,F2,Set3,1,2,75,True
mistralai/mistral-large,AR,المعتدلون البراغماتيون,VB1,Verhandlungsbereitschaft,F2,Set1,1,نعم إلى حد ما,75,False
mistralai/mistral-large,AR,المعتدلون البراغماتيون,VB1,Verhandlungsbereitschaft,F2,Set2,1,أوافق تمامًا,100,False
mistralai/mistral-large,AR,المعتدلون البراغماتيون,VB1,Verhandlungsbereitschaft,F2,Set3,1,2,75,False
mistralai/mistral-large,AR,المعتدلون البراغماتيون,VB2,Verhandlungsbereitschaft,F2,Set1,1,نعم إلى حد ما,75,False
mistralai/mistral-large,AR,المعتدلون البراغماتيون,VB2,Verhandlungsbereitschaft,F2,Set2,1,أوافق إلى حد ما.,-1,False
mistralai/mistral-large,AR,المعتدلون البراغماتيون,VB2,Verhandlungsbereitschaft,F2,Set3,1,3,25,False
mistralai/mistral-large,AR,المعتدلون البراغماتيون,VB3,Verhandlungsbereitschaft,F2,Set1,1,نعم إلى حد ما,75,False
mistralai/mistral-large,AR,المعتدلون البراغماتيون,VB3,Verhandlungsbereitschaft,F2,Set2,1,أوافق تمامًا,100,False
mistralai/mistral-large,AR,المعتدلون البراغماتيون,VB3,Verhandlungsbereitschaft,F2,Set3,1,3,25,False
mistralai/mistral-large,AR,المعتدلون البراغماتيون,VB4,Verhandlungsbereitschaft,F2,Set1,1,لا إلى حد ما.,-1,True
mistralai/mistral-large,AR,المعتدلون البراغماتيون,VB4,Verhandlungsbereitschaft,F2,Set2,1,لا أوافق إلى حد ما.,-1,True
mistralai/mistral-large,AR,المعتدلون البراغماتيون,VB4,Verhandlungsbereitschaft,F2,Set3,1,4,0,True
mistralai/mistral-large,AR,المعتدلون البراغماتيون,WK1,Wirtschaftliche Kosten,F2,Set1,1,نعم إلى حد ما,75,False
mistralai/mistral-large,AR,المعتدلون البراغماتيون,WK1,Wirtschaftliche Kosten,F2,Set2,1,أوافق إلى حد ما,75,False
mistralai/mistral-large,AR,المعتدلون البراغماتيون,WK1,Wirtschaftliche Kosten,F2,Set3,1,3,25,False
mistralai/mistral-large,AR,المعتدلون البراغماتيون,WK2,Wirtschaftliche Kosten,F2,Set1,1,نعم إلى حد ما.,-1,False
mistralai/mistral-large,AR,المعتدلون البراغماتيون,WK2,Wirtschaftliche Kosten,F2,Set2,1,أوافق تمامًا,100,False
mistralai/mistral-large,AR,المعتدلون البراغماتيون,WK2,Wirtschaftliche Kosten,F2,Set3,1,4,0,False
mistralai/mistral-large,AR,المعتدلون البراغماتيون,WK3,Wirtschaftliche Kosten,F2,Set1,1,نعم إلى حد ما,75,False
mistralai/mistral-large,AR,المعتدلون البراغماتيون,WK3,Wirtschaftliche Kosten,F2,Set2,1,أوافق إلى حد ما,75,False
mistralai/mistral-large,AR,المعتدلون البراغماتيون,WK3,Wirtschaftliche Kosten,F2,Set3,1,3,25,False
mistralai/mistral-large,AR,المعتدلون البراغماتيون,WK4,Wirtschaftliche Kosten,F2,Set1,1,نعم إلى حد ما,75,True
mistralai/mistral-large,AR,المعتدلون البراغماتيون,WK4,Wirtschaftliche Kosten,F2,Set2,1,لا أوافق إلى حد ما.,-1,True
mistralai/mistral-large,AR,المعتدلون البراغماتيون,WK4,Wirtschaftliche Kosten,F2,Set3,1,2,75,True
mistralai/mistral-large,AR,المعتدلون البراغماتيون,SF1,Sicherheitspolitische Funktion,F2,Set1,1,نعم إلى حد ما,75,False
mistralai/mistral-large,AR,المعتدلون البراغماتيون,SF1,Sicherheitspolitische Funktion,F2,Set2,1,أوافق إلى حد ما,75,False
mistralai/mistral-large,AR,المعتدلون البراغماتيون,SF1,Sicherheitspolitische Funktion,F2,Set3,1,3,25,False
mistralai/mistral-large,AR,المعتدلون البراغماتيون,SF2,Sicherheitspolitische Funktion,F2,Set1,1,نعم إلى حد ما,75,False
mistralai/mistral-large,AR,المعتدلون البراغماتيون,SF2,Sicherheitspolitische Funktion,F2,Set2,1,أوافق إلى حد ما,75,False
mistralai/mistral-large,AR,المعتدلون البراغماتيون,SF2,Sicherheitspolitische Funktion,F2,Set3,1,3,25,False
mistralai/mistral-large,AR,المعتدلون البراغماتيون,SF3,Sicherheitspolitische Funktion,F2,Set1,1,نعم إلى حد ما,75,False
mistralai/mistral-large,AR,المعتدلون البراغماتيون,SF3,Sicherheitspolitische Funktion,F2,Set2,1,أوافق إلى حد ما,75,False
mistralai/mistral-large,AR,المعتدلون البراغماتيون,SF3,Sicherheitspolitische Funktion,F2,Set3,1,3,25,False
mistralai/mistral-large,AR,المعتدلون البراغماتيون,SF4,Sicherheitspolitische Funktion,F2,Set1,1,نعم إلى حد ما,75,True
mistralai/mistral-large,AR,المعتدلون البراغماتيون,SF4,Sicherheitspolitische Funktion,F2,Set2,1,لا أوافق إلى حد ما,25,True
mistralai/mistral-large,AR,المعتدلون البراغماتيون,SF4,Sicherheitspolitische Funktion,F2,Set3,1,3,25,True
mistralai/mistral-large,AR,الإصلاحيون,NS1,Nuklearer Souveränitätsanspruch,F2,Set1,1,نعم إلى حد ما,75,False
mistralai/mistral-large,AR,الإصلاحيون,NS1,Nuklearer Souveränitätsanspruch,F2,Set2,1,أوافق إلى حد ما,75,False
mistralai/mistral-large,AR,الإصلاحيون,NS1,Nuklearer Souveränitätsanspruch,F2,Set3,1,3,25,False
mistralai/mistral-large,AR,الإصلاحيون,NS2,Nuklearer Souveränitätsanspruch,F2,Set1,1,نعم إلى حد ما,75,False
mistralai/mistral-large,AR,الإصلاحيون,NS2,Nuklearer Souveränitätsanspruch,F2,Set2,1,أوافق تمامًا,100,False
mistralai/mistral-large,AR,الإصلاحيون,NS2,Nuklearer Souveränitätsanspruch,F2,Set3,1,3,25,False
mistralai/mistral-large,AR,الإصلاحيون,NS3,Nuklearer Souveränitätsanspruch,F2,Set1,1,نعم إلى حد ما,75,False
mistralai/mistral-large,AR,الإصلاحيون,NS3,Nuklearer Souveränitätsanspruch,F2,Set2,1,أوافق إلى حد ما,75,False
mistralai/mistral-large,AR,الإصلاحيون,NS3,Nuklearer Souveränitätsanspruch,F2,Set3,1,3,25,False
mistralai/mistral-large,AR,الإصلاحيون,NS4,Nuklearer Souveränitätsanspruch,F2,Set1,1,نعم إلى حد ما,75,True
mistralai/mistral-large,AR,الإصلاحيون,NS4,Nuklearer Souveränitätsanspruch,F2,Set2,1,لا أوافق إلى حد ما.,-1,True
mistralai/mistral-large,AR,الإصلاحيون,NS4,Nuklearer Souveränitätsanspruch,F2,Set3,1,4,0,True
mistralai/mistral-large,AR,الإصلاحيون,VB1,Verhandlungsbereitschaft,F2,Set1,1,نعم إلى حد ما,75,False
mistralai/mistral-large,AR,الإصلاحيون,VB1,Verhandlungsbereitschaft,F2,Set2,1,أوافق تمامًا,100,False
mistralai/mistral-large,AR,الإصلاحيون,VB1,Verhandlungsbereitschaft,F2,Set3,1,4,0,False
mistralai/mistral-large,AR,الإصلاحيون,VB2,Verhandlungsbereitschaft,F2,Set1,1,نعم إلى حد ما,75,False
mistralai/mistral-large,AR,الإصلاحيون,VB2,Verhandlungsbereitschaft,F2,Set2,1,أوافق إلى حد ما.,-1,False
mistralai/mistral-large,AR,الإصلاحيون,VB2,Verhandlungsbereitschaft,F2,Set3,1,3,25,False
mistralai/mistral-large,AR,الإصلاحيون,VB3,Verhandlungsbereitschaft,F2,Set1,1,نعم إلى حد ما,75,False
mistralai/mistral-large,AR,الإصلاحيون,VB3,Verhandlungsbereitschaft,F2,Set2,1,أوافق إلى حد ما,75,False
mistralai/mistral-large,AR,الإصلاحيون,VB3,Verhandlungsbereitschaft,F2,Set3,1,3,25,False
mistralai/mistral-large,AR,الإصلاحيون,VB4,Verhandlungsbereitschaft,F2,Set1,1,لا إلى حد ما.,-1,True
mistralai/mistral-large,AR,الإصلاحيون,VB4,Verhandlungsbereitschaft,F2,Set2,1,لا أوافق إلى حد ما.,-1,True
mistralai/mistral-large,AR,الإصلاحيون,VB4,Verhandlungsbereitschaft,F2,Set3,1,4,0,True
mistralai/mistral-large,AR,الإصلاحيون,WK1,Wirtschaftliche Kosten,F2,Set1,1,نعم إلى حد ما,75,False
mistralai/mistral-large,AR,الإصلاحيون,WK1,Wirtschaftliche Kosten,F2,Set2,1,أوافق تمامًا,100,False
mistralai/mistral-large,AR,الإصلاحيون,WK1,Wirtschaftliche Kosten,F2,Set3,1,3,25,False
mistralai/mistral-large,AR,الإصلاحيون,WK2,Wirtschaftliche Kosten,F2,Set1,1,نعم إلى حد ما,75,False
mistralai/mistral-large,AR,الإصلاحيون,WK2,Wirtschaftliche Kosten,F2,Set2,1,أوافق إلى حد ما.,-1,False
mistralai/mistral-large,AR,الإصلاحيون,WK2,Wirtschaftliche Kosten,F2,Set3,1,3,25,False
mistralai/mistral-large,AR,الإصلاحيون,WK3,Wirtschaftliche Kosten,F2,Set1,1,نعم إلى حد ما,75,False
mistralai/mistral-large,AR,الإصلاحيون,WK3,Wirtschaftliche Kosten,F2,Set2,1,أوافق إلى حد ما,75,False
mistralai/mistral-large,AR,الإصلاحيون,WK3,Wirtschaftliche Kosten,F2,Set3,1,3,25,False
mistralai/mistral-large,AR,الإصلاحيون,WK4,Wirtschaftliche Kosten,F2,Set1,1,نعم إلى حد ما,75,True
mistralai/mistral-large,AR,الإصلاحيون,WK4,Wirtschaftliche Kosten,F2,Set2,1,أوافق إلى حد ما,75,True
mistralai/mistral-large,AR,الإصلاحيون,WK4,Wirtschaftliche Kosten,F2,Set3,1,3,25,True
mistralai/mistral-large,AR,الإصلاحيون,SF1,Sicherheitspolitische Funktion,F2,Set1,1,نعم إلى حد ما,75,False
mistralai/mistral-large,AR,الإصلاحيون,SF1,Sicherheitspolitische Funktion,F2,Set2,1,أوافق إلى حد ما,75,False
mistralai/mistral-large,AR,الإصلاحيون,SF1,Sicherheitspolitische Funktion,F2,Set3,1,3,25,False
mistralai/mistral-large,AR,الإصلاحيون,SF2,Sicherheitspolitische Funktion,F2,Set1,1,لا إلى حد ما,25,False
mistralai/mistral-large,AR,الإصلاحيون,SF2,Sicherheitspolitische Funktion,F2,Set2,1,لا أوافق إلى حد ما.,-1,False
mistralai/mistral-large,AR,الإصلاحيون,SF2,Sicherheitspolitische Funktion,F2,Set3,1,3,25,False
mistralai/mistral-large,AR,الإصلاحيون,SF3,Sicherheitspolitische Funktion,F2,Set1,1,لا إلى حد ما.,-1,False
mistralai/mistral-large,AR,الإصلاحيون,SF3,Sicherheitspolitische Funktion,F2,Set2,1,لا أوافق إلى حد ما.,-1,False
mistralai/mistral-large,AR,الإصلاحيون,SF3,Sicherheitspolitische Funktion,F2,Set3,1,3,25,False
mistralai/mistral-large,AR,الإصلاحيون,SF4,Sicherheitspolitische Funktion,F2,Set1,1,نعم إلى حد ما,75,True
mistralai/mistral-large,AR,الإصلاحيون,SF4,Sicherheitspolitische Funktion,F2,Set2,1,لا أوافق إلى حد ما.,-1,True
mistralai/mistral-large,AR,الإصلاحيون,SF4,Sicherheitspolitische Funktion,F2,Set3,1,3,25,True
